t_s,P_up,P_down,P_F2,P_F3,P_n0,P_target,P_n0_given_up,P_trapped,P_up_absolute,P_n0_absolute,P_target_absolute,nbar,mean_excitation_energy_J,mean_excitation_energy_hz,fractional_energy_reduction,cooling_rate_quanta_per_s,cooling_power_W,selection_cooling_power_W,T_equiv_K,photons_spin_pump,photons_repump,photons_raman_scatter,overflow,trace_plus_overflow_minus_1,boundary_population,min_eigenvalue,raman_coherence_l1,"P|2,-2>","P|2,-1>","P|2,+0>","P|2,+1>","P|2,+2>","P|3,-3>","P|3,-2>","P|3,-1>","P|3,+0>","P|3,+1>","P|3,+2>","P|3,+3>"
0,0.08333333333,0.08333333333,0.4166666667,0.5833333333,0.3039386505,0.02532822087,0.3039386505,1,0.08333333333,0.3039386505,0.02532822087,1.745632335,6.910244218e-29,104288.7271,0,2814.502301,9.329131912e-26,1.655033443e-25,1e-05,0,0,0,0,-1.110223025e-16,0.1828621994,0.006920722583,0,0.08333333333,0.08333333333,0.08333333333,0.08333333333,0.08333333333,0.08333333333,0.08333333333,0.08333333333,0.08333333333,0.08333333333,0.08333333333,0.08333333333
2.5e-05,0.1709830043,0.1022394168,0.4112563281,0.5887436719,0.3110022954,0.05267198245,0.3080539066,0.9686114236,0.1656160912,0.3012403761,0.0510186839,1.665683411,6.638263251e-29,100184.0171,0.03935909614,2448.955941,8.420198346e-26,1.138171276e-25,9.070097743e-06,0.8489033379,0.6882337544,0,0.03138857645,0,0.1563370966,0.002596907847,0.008898658898,0.05100435695,0.06977204166,0.08733880722,0.1009017055,0.1022394168,0.03449806117,0.04548998245,0.06018379037,0.07288311383,0.09026136026,0.1144443595,0.1709830043
5e-05,0.2658794465,0.1213575023,0.3753907197,0.6246092803,0.3169517297,0.08445338314,0.3176378778,0.9474612241,0.2519104659,0.3002994738,0.08001630577,1.61158086,6.448972438e-29,97327.25873,0.06675187809,2142.912684,7.667809767e-26,8.147194476e-26,8.510069402e-06,1.541245001,1.313096334,0,0.05253877589,-1.110223025e-16,0.1395969065,0.001026570101,0.02694390958,0.0301053591,0.04864338091,0.07425901549,0.101025462,0.1213575023,0.01512305259,0.02758527939,0.04526315925,0.0610310861,0.0845936192,0.1251336372,0.2658794465
7.5e-05,0.3536414482,0.1346489511,0.3397291924,0.6602708076,0.3250792894,0.1169841122,0.330798646,0.9324953292,0.3297689986,0.303134919,0.1090871382,1.567241906,6.28638476e-29,94873.50146,0.09028037765,1896.372529,7.071966178e-26,6.041178628e-26,8.075639586e-06,2.111904232,1.85312432,0,0.06750467076,-1.110223025e-16,0.1288830904,0.0004293121627,0.04778080208,0.01757784376,0.03307179837,0.06015074689,0.09427985221,0.1346489511,0.007063475743,0.0172611252,0.03395000769,0.04995736516,0.07506887296,0.1233285127,0.3536414482
0.0001,0.42850009,0.1415643206,0.3089079162,0.6910920838,0.3369934411,0.1484793885,0.3465095853,0.9214979284,0.3948619452,0.3105387579,0.1368234489,1.52574085,6.127376333e-29,92473.76188,0.1132909143,1709.335477,6.632667577e-26,4.616671705e-26,7.686409329e-06,2.58480218,2.319485429,0,0.07850207164,-1.110223025e-16,0.1214960929,0.0001900767459,0.06754009407,0.01032335768,0.02283908209,0.04845497132,0.08572618445,0.1415643206,0.003512106832,0.01108946657,0.02570257562,0.04098816391,0.06561520074,0.1156844802,0.42850009
0.000125,0.4895039854,0.1436398355,0.2832762144,0.7167237856,0.3528488894,0.1783682985,0.3643857943,0.9131656779,0.4469982387,0.3222094953,0.1628798083,1.484513321,5.964373212e-29,90013.7348,0.1368795336,1581.801526,6.349913965e-26,3.621058578e-26,7.319177281e-06,2.982095942,2.727319949,0,0.08683432206,-2.220446049e-16,0.1162696778,8.8957064e-05,0.0840537813,0.006179602585,0.01629233936,0.03958601462,0.07757842237,0.1436398355,0.001851654136,0.007373805974,0.01989425484,0.03419760117,0.05758264608,0.106319838,0.4895039854
0.00015,0.5380883734,0.1426042654,0.2622244333,0.7377755667,0.3718182581,0.206728152,0.3841899626,0.9066877762,0.4878781507,0.3371230696,0.1874378885,1.44300534,5.797056013e-29,87488.60006,0.1610924548,1620.197676,6.591358727e-26,2.905929058e-26,6.971428259e-06,3.322477528,3.08991481,0,0.09331222379,0,0.1123661182,4.392820661e-05,0.09698066331,0.003816061636,0.01211167872,0.03310875198,0.07058367549,0.1426042654,0.001031753551,0.005118168987,0.01587369822,0.02920199629,0.05117931478,0.09728226152,0.5380883734
0.000175,0.5768630959,0.1395038346,0.2446238581,0.7553761419,0.3926409011,0.233801005,0.4052972129,0.9015359855,0.5200628397,0.3539799017,0.2107800195,1.401818498,5.629025656e-29,84952.70241,0.1854085792,1617.349692,6.632929798e-26,2.379941149e-26,6.648258567e-06,3.620492258,3.417566513,0,0.09846401447,-1.110223025e-16,0.1093307766,2.288424767e-05,0.1060912793,0.002458982166,0.009419513294,0.02843651607,0.06480501196,0.1395038346,0.0006074645648,0.003731247015,0.01310167504,0.02555076198,0.04618028451,0.08934161287,0.5768630959
0.0002,0.6081945995,0.1352237096,0.2296569281,0.7703430719,0.414071456,0.2598027941,0.4271705049,0.8973533408,0.5457654557,0.3715684044,0.2331349053,1.361547781,5.463572561e-29,82455.70056,0.2093517408,1579.403441,6.507381089e-26,1.985955071e-26,6.352479543e-06,3.886834088,3.717748488,0,0.1026466592,-1.110223025e-16,0.106887408,1.260528461e-05,0.112057929,0.001670015494,0.007659495094,0.02504917072,0.06005453715,0.1352237096,0.0003790887905,0.002863945957,0.01117667018,0.02285416672,0.0422621979,0.08261240289,0.6081945995
0.000225,0.6340345381,0.1303105233,0.21666226,0.78333774,0.4351487587,0.2848521682,0.4492691661,0.8938914029,0.5667580228,0.3889757344,0.2546269043,1.322676482,5.303310002e-29,80037.03374,0.2325437663,1516.452845,6.262958523e-26,1.686655754e-26,6.084753033e-06,4.129124107,3.995861635,0,0.1061085971,-2.220446049e-16,0.104833204,7.372650582e-06,0.1157360414,0.001203292688,0.006483828872,0.02255026153,0.05611435363,0.1303105233,0.0002519400237,0.002309949104,0.009816594173,0.02081985661,0.03914265659,0.07696220532,0.6340345381
0.00025,0.656010603,0.1250170079,0.2050386141,0.7949613859,0.4552767392,0.3089465229,0.4709474533,0.8909729547,0.5844877053,0.4056392615,0.2752629963,1.285694123,5.150572529e-29,77731.93481,0.2546468161,1439.840946,5.952229712e-26,1.456568079e-26,5.844920274e-06,4.352693673,4.255671769,0,0.1090270453,-3.330669074e-16,0.1030650508,4.598602727e-06,0.1177223064,0.0009209827176,0.00567595164,0.02065516726,0.05276950458,0.1250170079,0.0001789273758,0.001946615946,0.008830097571,0.01923768846,0.03658617465,0.07217127882,0.656010603
0.000275,0.6752105952,0.1195904191,0.1944544599,0.8055455401,0.4741914974,0.3320623393,0.4917907712,0.8884691371,0.5999037749,0.4213045105,0.2950271401,1.250793921,5.006351084e-29,75555.35892,0.2755174888,1359.677379,5.621038988e-26,1.278131648e-26,5.630792993e-06,4.561207003,4.499792619,0,0.1115308629,-4.440892099e-16,0.1014889183,3.065086472e-06,0.1186328487,0.000745402042,0.005100519971,0.01916517253,0.04985294629,0.1195904191,0.0001356895592,0.001700390879,0.008089081127,0.01796018446,0.03442240085,0.06802719796,0.6752105952
0.0003,0.6922573123,0.1142729772,0.1847878275,0.8152121725,0.4918637287,0.3541576607,0.511598295,0.8862848199,0.6135371474,0.4359313563,0.3138845585,1.217904096,4.870447919e-29,73504.3217,0.2951844008,1282.546404,5.299952474e-26,1.138788722e-26,5.438946601e-06,4.757193784,4.73015745,0,0.1137151801,-4.440892099e-16,0.1000572645,2.178857008e-06,0.1188663536,0.0006323649045,0.004672830313,0.01794824487,0.04726141022,0.1142729772,0.000109214388,0.001526730486,0.007509357444,0.01689082177,0.03254447904,0.06437425702,0.6922573123
0.000325,0.7074973617,0.1092449621,0.17600044,0.82399956,0.5083919247,0.3751996331,0.5303194802,0.884348923,0.6256745298,0.4495958511,0.3318073914,1.186818296,4.742058741e-29,71566.68483,0.3137639436,1212.81044,5.008713296e-26,1.029314012e-26,5.265785099e-06,4.942464576,4.94831822,0,0.115651077,-5.551115123e-16,0.09872685073,1.64209417e-06,0.1187602979,0.0005564787048,0.004340321641,0.01692129568,0.04493738186,0.1092449621,9.236914285e-05,0.001398536024,0.007037356778,0.01597058564,0.03088899831,0.06111435243,0.7074973617
0.00035,0.7211821356,0.1045777568,0.1680306188,0.8319693812,0.5239212124,0.3951977368,0.547986032,0.8826078305,0.6365210001,0.4624169646,0.3488046171,1.157318306,4.620287939e-29,69728.93184,0.3313857234,1152.132467,4.754764397e-26,9.42839015e-27,5.108211161e-06,5.118389326,5.155588723,0,0.1173921695,-5.551115123e-16,0.09747299716,1.300977222e-06,0.1184351458,0.0005030201989,0.004070842836,0.01603355348,0.04284544551,0.1045777568,8.116226561e-05,0.001299366539,0.006640049217,0.01516409006,0.02941595921,0.05818661833,0.7211821356
0.000375,0.7334980538,0.1002948935,0.160816064,0.839183936,0.5385915228,0.4141765611,0.5646593866,0.881020812,0.646227051,0.4745103407,0.3648981702,1.129198063,4.504287267e-29,67978.26109,0.3481724922,1099.432259,4.533971182e-26,8.7414494e-27,4.963674611e-06,5.286059018,5.353105498,0,0.118979188,-6.661338148e-16,0.09627496109,1.073760725e-06,0.1179334752,0.0004633948129,0.003844878149,0.01525347525,0.04095942236,0.1002948935,7.332399134e-05,0.001219300184,0.006297242845,0.01444903601,0.02809774111,0.05554923803,0.7334980538
0.0004,0.7446162269,0.09637635093,0.1542759236,0.8457240764,0.5525147684,0.4321810258,0.5804077458,0.879556741,0.6549322219,0.4859680891,0.3801277346,1.102296922,4.393392491e-29,66304.64803,0.3642203731,1052.845644,4.338628764e-26,8.192318408e-27,4.830215613e-06,5.446376684,5.541857067,0,0.120443259,-7.771561172e-16,0.09511840343,9.156624967e-07,0.1173071825,0.0004325554824,0.003650502794,0.01456050202,0.03925601243,0.09637635093,6.754756166e-05,0.0011523511,0.005996356157,0.01381022916,0.02691263578,0.05316872965,0.7446162269
0.000425,0.754702049,0.09277905485,0.1483190089,0.8516809911,0.5657715069,0.449267692,0.5952914697,0.8781917196,0.6627730902,0.4968558525,0.394543167,1.076497264,4.287116206e-29,64700.73677,0.3795998997,1010.716429,4.161794769e-26,7.750211074e-27,4.70634437e-06,5.60010451,5.722694358,0,0.1218082804,-5.551115123e-16,0.09399312918,8.013177914e-07,0.1165575421,0.0004075143148,0.003480215143,0.01393993682,0.03771228775,0.09277905485,6.307259838e-05,0.001094865354,0.005729108746,0.01323598868,0.02584173492,0.05101417179,0.754702049
0.00045,0.763899703,0.08946279823,0.1428652296,0.8571347704,0.5784166603,0.4654923087,0.609363123,0.8769073262,0.669869246,0.507217807,0.4081936158,1.051709754,4.185089864e-29,63160.96524,0.3943644056,971.8699202,3.998515267e-26,7.391312684e-27,4.590894813e-06,5.747889581,5.89634419,0,0.1230926738,-6.661338148e-16,0.09289167756,7.158249401e-07,0.1157179454,0.0003864762044,0.003329028149,0.01338033033,0.03630659665,0.08946279823,5.945132273e-05,0.001044540712,0.005489587377,0.01271663082,0.0248685129,0.04905634434,0.763899703
0.000475,0.7723348745,0.08639012852,0.1378439935,0.8621560065,0.5904888899,0.4809110583,0.6226716858,0.8756893095,0.6763253929,0.5170848083,0.4211286726,1.027863898,4.087023611e-29,61680.95897,0.4085558366,935.5298349,3.845573742e-26,7.097144486e-27,4.482928164e-06,5.89028254,6.063427402,0,0.1243106905,-5.551115123e-16,0.09180874781,6.50080893e-07,0.1148187275,0.000368335063,0.003193408182,0.01287238576,0.03501973596,0.08639012852,5.64155043e-05,0.0009998518891,0.005273270715,0.01224401886,0.02397889918,0.04726867587,0.7723348745
0.0005,0.7801151845,0.08352803801,0.1331946808,0.8668053192,0.6020182981,0.4955742165,0.6352577495,0.8745266082,0.6822314863,0.5264810203,0.4333928387,1.00490181,3.9926798e-29,60257.13145,0.4222085827,901.2846838,3.701279657e-26,6.853346724e-27,4.381669705e-06,6.02775304,6.224475244,0,0.1254733918,-5.551115123e-16,0.09073984223,5.982991569e-07,0.1138652288,0.0003523840887,0.003070711288,0.01240843329,0.03383511413,0.08352803801,5.380036766e-05,0.0009597291111,0.005076557772,0.0118113313,0.02316098183,0.04562773428,0.7801151845
0.000525,0.7873289957,0.08085076438,0.1288685915,0.8711314085,0.6130317731,0.5095285281,0.647160883,0.8734106078,0.6876614967,0.5354284535,0.4450276214,0.9827748689,3.901856885e-29,58886.44093,0.4353518108,868.9133462,3.564756418e-26,6.648763495e-27,4.286467865e-06,6.160702964,6.379944321,0,0.1265893922,-5.551115123e-16,0.08968217168,5.566578225e-07,0.1128872421,0.0003381510627,0.002958880424,0.01198211287,0.0327386828,0.08085076438,5.150114706e-05,0.0009233823869,0.004896520196,0.01141287137,0.02240477809,0.04411335955,0.7873289957
0.00055,0.7940468402,0.0783387272,0.1248276302,0.8751723698,0.6235558491,0.5228167256,0.65842051,0.8723345748,0.6926745128,0.5439493265,0.456071106,0.961437345,3.814364302e-29,57566.01146,0.4480130974,838.2831009,3.435506564e-26,6.474732226e-27,4.196751301e-06,6.289478236,6.5302317,0,0.1276654252,-5.551115123e-16,0.08863381989,5.225433736e-07,0.1119050409,0.0003253053301,0.002856278104,0.01158819926,0.03171912031,0.0783387272,4.944837914e-05,0.0008902050122,0.004730762324,0.01104396628,0.02170227771,0.04270886986,0.7940468402
0.000575,0.8003240206,0.07597755525,0.1210426192,0.8789573808,0.6336171371,0.5354770954,0.6690753764,0.8712932245,0.6973168966,0.5520663185,0.4665575651,0.9408459618,3.730020443e-29,56293.10223,0.4602187237,809.3055042,3.313207591e-26,6.324527204e-27,4.112015356e-06,6.414379558,6.675687153,0,0.1287067755,-5.551115123e-16,0.08759345455,4.941145174e-07,0.1109378635,0.0003136054533,0.002761592761,0.01122247143,0.03076739435,0.07597755525,4.759390942e-05,0.0008597202294,0.004577340563,0.01070086345,0.02104707796,0.04140076398,0.8003240206
0.0006,0.8062060279,0.07375435169,0.1174888987,0.8825111013,0.6432421332,0.5475465292,0.6791645191,0.8702823902,0.7016269089,0.5598023011,0.4765201022,0.9209595097,3.64865154e-29,55065.09073,0.4719938363,781.9017887,3.197561239e-26,6.192913848e-27,4.031811681e-06,6.535671475,6.816623108,0,0.1297176098,-4.440892099e-16,0.08655992576,4.700419518e-07,0.1099824725,0.0003028695132,0.002673776118,0.01088155441,0.02987634699,0.07375435169,4.590297084e-05,0.0008315500436,0.004434694217,0.01038057629,0.02043409191,0.040178258,0.8062060279
0.000625,0.811729979,0.07165824546,0.1141461232,0.8858538768,0.6524564508,0.5590586938,0.6887249556,0.8692987691,0.7056358716,0.5671795895,0.4859890343,0.9017389715,3.570092593e-29,53879.48681,0.4833623125,755.9806138,3.088201067e-26,6.075817838e-27,3.955741528e-06,6.653589595,6.953321682,0,0.1307012309,-4.440892099e-16,0.08553249432,4.493473181e-07,0.1090352938,0.0002929575392,0.002591991789,0.0105627469,0.02904018147,0.07165824546,4.434963576e-05,0.0008053940313,0.00430157518,0.01008071473,0.01985919504,0.03903266924,0.811729979
0.00065,0.81692581,0.06968088673,0.1109981376,0.8890018624,0.6612841871,0.5700452386,0.6977931553,0.8683397269,0.7093691347,0.5742193304,0.4949929268,0.8831488422,3.494192623e-29,52734.01192,0.494346001,731.4310388,2.984672405e-26,5.970093941e-27,3.883454309e-06,6.76834605,7.086039738,0,0.1316602731,-4.440892099e-16,0.08451096669,4.312997561e-07,0.108114173,0.0002837603061,0.002515569873,0.01026385819,0.0282540625,0.06968088673,4.291410397e-05,0.0007810127549,0.004176979813,0.009799329453,0.01931895425,0.03795686207,0.81692581
0.000675,0.8218204838,0.06781340139,0.10802952,0.89197048,0.6697477127,0.5805363978,0.7064029301,0.8674031468,0.7128496737,0.5809412736,0.5035590982,0.8651563723,3.420812215e-29,51626.56201,0.5049650769,708.1393264,2.886502831e-26,5.873304526e-27,3.81463958e-06,6.880133521,7.215012686,0,0.1325968532,-6.661338148e-16,0.08349529437,4.153470418e-07,0.1072195343,0.0002751915466,0.002443967304,0.00998307521,0.02751388452,0.06781340139,4.158098258e-05,0.0007582138785,0.004060088149,0.009534793248,0.01881046962,0.03694485034,0.8218204838
0.0007,0.8264374893,0.06604799226,0.1052267819,0.8947732181,0.6778675955,0.5905600794,0.7145852978,0.8664873133,0.7160975997,0.5873636716,0.5117128166,0.8477315248,3.349823437e-29,50555.20634,0.5152380537,685.9975598,2.793240783e-26,5.783551573e-27,3.749022347e-06,6.989128127,7.340456866,0,0.1335126867,-6.661338148e-16,0.08248531634,4.010682573e-07,0.1063533025,0.0002671821787,0.002376735271,0.009718856811,0.02681601538,0.06604799226,4.033811564e-05,0.0007368406149,0.003950214849,0.009285707693,0.0183311902,0.03599143732,0.8264374893
0.000725,0.8307981229,0.06437715779,0.1025774154,0.8974225846,0.6856627796,0.6001428318,0.7223690271,0.8655908235,0.7191312314,0.59350341,0.519478128,0.8308467975,3.281108937e-29,49518.17386,0.5251819134,664.9109684,2.704486579e-26,5.699363826e-27,3.686358373e-06,7.095491595,7.462571765,0,0.1344091765,-6.661338148e-16,0.08148100272,3.881403463e-07,0.1055119742,0.0002596759261,0.002313494505,0.009469865179,0.02615722201,0.06437715779,3.91757435e-05,0.0007167625763,0.003846773446,0.0090508482,0.01787885775,0.03509204397,0.8307981229
0.00075,0.8349215023,0.06279406577,0.100070128,0.899929872,0.6931507612,0.6093095129,0.7297805976,0.8647125176,0.7219670742,0.5993761398,0.5268775629,0.8144769255,3.214560675e-29,48513.83402,0.5348122913,644.7988136,2.619897906e-26,5.619603992e-27,3.626429806e-06,7.199372965,7.581541778,0,0.1352874824,-6.661338148e-16,0.08048258854,3.763139402e-07,0.1046904096,0.0002526260448,0.002253917958,0.009234920817,0.0255345974,0.06279406577,3.808588534e-05,0.000697869019,0.003749252492,0.008829128229,0.01745144965,0.03424258447,0.8349215023
0.000775,0.8388240172,0.06129330912,0.09769552709,0.9023044729,0.7003477566,0.6180833107,0.7368450332,0.8638514254,0.7246193229,0.6049964078,0.533932149,0.7985986361,3.150078962e-29,47540.68235,0.5441436131,625.5893733,2.539171738e-26,5.543403035e-27,3.569041677e-06,7.300909972,7.697537797,0,0.1361485746,-6.661338148e-16,0.079490372,3.653955763e-07,0.1038996676,0.0002459929409,0.002197718968,0.009012972109,0.02494553395,0.06129330912,3.70618872e-05,0.0006800640914,0.003657199608,0.008619574748,0.01704715814,0.03343939727,0.8388240172
0.0008,0.8425213507,0.05986905194,0.09544420489,0.9045557951,0.7072688631,0.6264860204,0.743584741,0.8630067252,0.7271015918,0.6103777854,0.5406616488,0.7831899893,3.087570037e-29,46597.30379,0.5531894475,607.2204129,2.462044616e-26,5.470087589e-27,3.514017537e-06,7.400230241,7.810718591,0,0.1369932748,-6.661338148e-16,0.07850452303,3.552344444e-07,0.1031317347,0.0002397424751,0.002144643264,0.008803077148,0.02438769007,0.05986905194,3.609809547e-05,0.0006632635664,0.003570210918,0.008421315013,0.01666436246,0.03267919439,0.8425213507
0.000825,0.8460274719,0.05851626149,0.09330788464,0.9066921154,0.7139281745,0.6345378808,0.7500204212,0.8621777122,0.7294260302,0.6155329602,0.5470844184,0.7682305628,3.02694656e-29,45682.38023,0.5619624336,589.6386246,2.388288987e-26,5.399131727e-27,3.461198092e-06,7.497452292,7.921231875,0,0.1378222878,-4.440892099e-16,0.07752516412,3.457124118e-07,0.1023849514,0.000233844774,0.002094463469,0.008604387131,0.02385892777,0.05851626149,3.518962457e-05,0.0006473926072,0.003487923685,0.008233561216,0.01630158302,0.03195899335,0.8460274719
0.00085,0.8493548664,0.05723052919,0.09127922613,0.9087207739,0.720338906,0.6422579036,0.7561714532,0.8613637739,0.7316035131,0.6204738386,0.5532176916,0.7537013665,2.968127106e-29,44794.6828,0.5704743548,572.7971628,2.317704024e-26,5.330135258e-27,3.410439194e-06,7.59268643,8.02921544,0,0.1386362261,-7.771561172e-16,0.07655258166,3.367364621e-07,0.1016626595,0.0002282733958,0.002046975068,0.008416134598,0.02335731388,0.05723052919,3.433219294e-05,0.0006323841998,0.003410010663,0.008055600282,0.01595748344,0.03127609665,0.8493548664
0.000875,0.8525149629,0.05600775672,0.08935147032,0.9106485297,0.726513494,0.6496638823,0.7620556947,0.8605643707,0.7336440025,0.6252116278,0.55907759,0.7395845404,2.911035051e-29,43933.05512,0.5787362994,556.652894,2.250105505e-26,5.262793539e-27,3.361609558e-06,7.68603552,8.134798057,0,0.1394356293,-8.881784197e-16,0.07558713712,3.282329338e-07,0.1009624089,0.0002230047333,0.002001993311,0.008237623594,0.02288109196,0.05600775672,3.352200666e-05,0.0006181779963,0.003336175586,0.007886785068,0.01563085024,0.03062805589,0.8525149629
0.0009,0.8555180108,0.0548443616,0.08751861494,0.9124813851,0.7324636533,0.6567724917,0.7676898481,0.8597790215,0.7355564382,0.6297568832,0.5646792103,0.7258631435,2.855597837e-29,43096.40213,0.5867587676,541.1656232,2.185322029e-26,5.196873238e-27,3.314589017e-06,7.777595667,8.238100274,0,0.1402209785,-1.33226763e-15,0.074629047,3.201431155e-07,0.1002883702,0.0002180175701,0.001959350639,0.008068220611,0.02242866452,0.0548443616,3.275567522e-05,0.0006047194084,0.003266149258,0.007726525936,0.01532058083,0.03001264318,0.8555180108
0.000925,0.8583740114,0.05373645998,0.08577455411,0.9142254459,0.7382004177,0.6635994471,0.7730889312,0.8590072923,0.7373495353,0.634119542,0.5700367642,0.7125209937,2.801746323e-29,42283.68037,0.5945517647,526.299022,2.123197158e-26,5.132192096e-27,3.269267031e-06,7.867456809,8.339235075,0,0.1409927077,-1.221245327e-15,0.07367844362,3.1241987e-07,0.09963311184,0.0002132927359,0.001918894513,0.007907347242,0.02199855964,0.05373645998,3.203014836e-05,0.0005919588571,0.003199686197,0.007574284217,0.01502565886,0.02942781616,0.8583740114
0.00095,0.8610918774,0.05268079413,0.08411397438,0.9158860256,0.7437341618,0.6701594416,0.7782670575,0.8582487871,0.7390310593,0.6383089422,0.5751635279,0.6995430253,2.749415969e-29,41493.9158,0.6021246309,512.019419,2.063584998e-26,5.06861049e-27,3.225542858e-06,7.95570322,8.438308443,0,0.1417512129,-9.992007222e-16,0.07273555685,3.050250423e-07,0.09899646019,0.0002088128279,0.001880485495,0.007754471985,0.02158940994,0.05268079413,3.134266686e-05,0.0005798511334,0.00313656161,0.00742956388,0.01474514041,0.02887168854,0.8610918774
0.000975,0.8636796555,0.05167451331,0.08253213691,0.9174678631,0.7490746207,0.6764662746,0.7832374774,0.8575031411,0.7406080175,0.6423338401,0.5800719553,0.6869151186,2.698546195e-29,40726.19416,0.6094861325,498.2944638,2.006346096e-26,5.006026269e-27,3.183324281e-06,8.042413967,8.535419961,0,0.1424968589,-1.33226763e-15,0.07180068505,2.979274664e-07,0.09838081558,0.0002045619775,0.001843995593,0.007609104919,0.02119996111,0.05167451331,3.069072264e-05,0.0005683548461,0.003076568759,0.007291907106,0.01447816111,0.02834252501,0.8636796555
0.001,0.866145051,0.05071472212,0.08102439828,0.9189756017,0.7542309399,0.6825328959,0.7880122331,0.8567700154,0.7420871087,0.6462024539,0.5847737197,0.6746237961,2.649079334e-29,39979.64516,0.6166446148,485.0933611,1.951348374e-26,4.94435976e-27,3.142526113e-06,8.127663306,8.630663254,0,0.1432299846,-1.33226763e-15,0.07087403521,2.911014304e-07,0.09778413242,0.0002005256557,0.001809306891,0.007470793434,0.02082905019,0.05071472212,3.007202596e-05,0.0005574319529,0.003019516875,0.007160890687,0.0142239197,0.02783871947,0.866145051
0.001025,0.8684951899,0.04979876082,0.07958647517,0.9204135248,0.7592117178,0.6883714442,0.7926024832,0.8560490926,0.7434745193,0.6499225022,0.5892797502,0.6626562466,2.600960691e-29,39253.44332,0.6236079929,472.3883001,1.898471852e-26,4.883547631e-27,3.103069711e-06,8.211521037,8.724126413,0,0.1439509074,-1.33226763e-15,0.06995570693,2.845254941e-07,0.09720504132,0.0001966905087,0.001776310413,0.007339117963,0.02047559547,0.04979876082,2.948447786e-05,0.0005470473676,0.002965229389,0.007036121971,0.0139816712,0.02735878052,0.8684951899
0.00105,0.8707368153,0.04892405437,0.07821427647,0.9217857235,0.7640250624,0.6939933553,0.7970185056,0.8553400738,0.7447760918,0.6535012533,0.5936003277,0.6510003011,2.554138324e-29,38546.80476,0.6303837833,460.1546279,1.847609098e-26,4.823541822e-27,3.064882325e-06,8.29405283,8.815892364,0,0.1446599262,-1.110223025e-15,0.06904583647,2.781815776e-07,0.09664268212,0.000193044221,0.001744905173,0.007213688736,0.02013858397,0.04892405437,2.892614726e-05,0.0005371686329,0.00291354249,0.006917235919,0.01375071769,0.02690131738,0.8707368153
0.001075,0.8728759791,0.04808843274,0.07690422026,0.9230957797,0.7686786263,0.6994093822,0.8012700532,0.8546426756,0.7459970623,0.6569455579,0.5977451058,0.6396445725,2.508563502e-29,37858.99403,0.6369790382,448.3687819,1.798658041e-26,4.76430838e-27,3.027897058e-06,8.375320504,8.906039239,0,0.1453573244,-8.881784197e-16,0.06814464601,2.720542573e-07,0.09609860576,0.000189575402,0.001714997378,0.007094142652,0.01981707209,0.04808843274,2.839525176e-05,0.0005277656492,0.002864303873,0.006803892067,0.01353040963,0.02646503418,0.8728759791
0.0011,0.8749183807,0.04728979282,0.07565289653,0.9243471035,0.7731796317,0.7046296455,0.8053661474,0.8539566284,0.7471423505,0.6602618714,0.6017231564,0.628578217,2.46418987e-29,37189.31152,0.6434004657,437.0078656,1.751520329e-26,4.70582199e-27,2.992051821e-06,8.455382303,8.994640734,0,0.1460433716,-8.881784197e-16,0.06725230632,2.661302203e-07,0.0955720726,0.0001862734901,0.001686499763,0.006980141574,0.01951018888,0.04728979282,2.789014173e-05,0.0005188104461,0.002817371706,0.006695773388,0.01332014823,0.02604872887,0.8749183807
0.001125,0.8768695593,0.04652596493,0.07445691014,0.9255430899,0.7775348909,0.7096636666,0.8093149763,0.8532816744,0.7482167258,0.6634562736,0.6055430017,0.6177907896,2.420972945e-29,36537.08593,0.649654503,426.05062,1.706104294e-26,4.648058642e-27,2.957288608e-06,8.534293138,9.081766363,0,0.1467183256,-7.771561172e-16,0.06636887683,2.603978432e-07,0.095059915,0.0001831286731,0.001659331036,0.006871370358,0.01921711514,0.04652596493,2.740928684e-05,0.0005102769911,0.002772613801,0.00659258443,0.01311936965,0.0256512764,0.8768695593
0.00115,0.878734588,0.04579503234,0.07331319603,0.926686804,0.7817508227,0.7145203891,0.8131242345,0.8526175664,0.7492245459,0.666534484,0.6092126354,0.6072724002,2.378870624e-29,35901.68185,0.6557472429,415.477639,1.662325514e-26,4.590999685e-27,2.923553634e-06,8.612104808,9.167481739,0,0.1473824336,-8.881784197e-16,0.06549442497,2.548468648e-07,0.09456042758,0.0001801318203,0.001633415388,0.00676753459,0.0189370819,0.04579503234,2.695126478e-05,0.0005021410243,0.002729906814,0.006494048969,0.01292754459,0.02527162335,0.878734588
0.001175,0.8805181213,0.04509528992,0.0722189761,0.9277810239,0.7858334834,0.7192082304,0.8168011686,0.8519640672,0.7501697998,0.6695018906,0.6127395691,0.5970137003,2.337843065e-29,35282.49795,0.6616844512,405.270908,1.620105585e-26,4.534633743e-27,2.890796982e-06,8.688866208,9.25184884,0,0.1480359328,-4.440892099e-16,0.06462908713,2.494681317e-07,0.09407590957,0.0001772744237,0.001608682045,0.006668359031,0.01866937067,0.04509528992,2.651475156e-05,0.0004943799131,0.002689135544,0.006399908634,0.01274417873,0.02490878507,0.8805181213
0.0012,0.8822244461,0.04442520091,0.07117171359,0.9288282864,0.7897885946,0.7237351155,0.820352597,0.8513209477,0.7510561515,0.6723635749,0.6161308644,0.5870058283,2.297852494e-29,34678.96418,0.6674715941,395.4128193,1.579368776e-26,4.478952215e-27,2.858972237e-06,8.764623518,9.334926257,0,0.1486790523,-5.551115123e-16,0.06377298659,2.442533993e-07,0.09360739721,0.0001745485467,0.001585064875,0.006573586245,0.01841331302,0.04442520091,2.609851319e-05,0.000486972524,0.002650192293,0.006309921683,0.01256881263,0.02456184269,0.8822244461
0.001225,0.8838577647,0.04378313091,0.0701688406,0.9298311594,0.7936215758,0.7281085196,0.8237847182,0.8506879871,0.7518871827,0.6751243408,0.6193931709,0.5772402561,2.258862663e-29,34090.53348,0.6731139173,385.8868695,1.540044188e-26,4.423945605e-27,2.828035851e-06,8.839420382,9.416769409,0,0.1493120129,-5.551115123e-16,0.06292616283,2.391951763e-07,0.09315280412,0.0001719467788,0.001562502045,0.006482975601,0.01816828526,0.04378313091,2.570139827e-05,0.0004798991066,0.002612976328,0.00622386227,0.0124010176,0.02422993799,0.8838577647
0.00125,0.8854220699,0.04316750973,0.06920790528,0.9307920947,0.7973375596,0.7323354995,0.8271032815,0.8500649718,0.7526662868,0.6777887301,0.6225327557,0.567708808,2.22083888e-29,33516.68228,0.678616441,376.678225,1.502067392e-26,4.369603231e-27,2.797947009e-06,8.913298071,9.497430714,0,0.1499350282,-5.551115123e-16,0.06208862517,2.342866027e-07,0.09270921703,0.0001694621948,0.001540935706,0.006396301766,0.01793369589,0.04316750973,2.532233147e-05,0.0004731411902,0.002577393384,0.006141518818,0.01224038651,0.02391226262,0.8854220699
0.001275,0.8869209386,0.0425770316,0.06828677536,0.9317132246,0.8009414081,0.7364227104,0.8303138175,0.8494516952,0.7533964948,0.6803610368,0.6255555197,0.5584037363,2.183748243e-29,32956.91404,0.6839839267,367.7728374,1.465377299e-26,4.315918751e-27,2.76866765e-06,8.986295632,9.576959799,0,0.1505483048,-4.440892099e-16,0.06126043857,2.295213534e-07,0.09227760359,0.000167088318,0.001520311689,0.006313353367,0.01770899038,0.0425770316,2.496030771e-05,0.0004666814891,0.002543355164,0.006062692669,0.01208653799,0.02360805841,0.8869209386
0.0013,0.8883577154,0.04201047276,0.06740345581,0.9325965442,0.8044377216,0.74037643,0.8334215115,0.8488479569,0.7540806318,0.6828453164,0.6284670199,0.5493176704,2.14755945e-29,32410.75631,0.6892209042,359.1569521,1.42991463e-26,4.262889068e-27,2.740162191e-06,9.058450028,9.655403684,0,0.1511520431,-6.661338148e-16,0.06044168276,2.248935614e-07,0.09185893338,0.0001648190873,0.001500579244,0.006233932263,0.01749365245,0.04201047276,2.461438684e-05,0.0004605038161,0.002510778908,0.005987197597,0.0119391173,0.02331661673,0.8883577154
0.001325,0.8897355901,0.04146663033,0.06655602128,0.9334439787,0.8078308534,0.7442025784,0.8364311675,0.8482535626,0.7547213841,0.6852453994,0.6312724884,0.5404435406,2.112242537e-29,31877.75694,0.6943317095,350.8173045,1.3956225e-26,4.210508588e-27,2.712397193e-06,9.129796272,9.732806941,0,0.1517464374,-6.661338148e-16,0.05963237119,2.203977561e-07,0.09145275896,0.0001626488268,0.001481690797,0.006157852706,0.01728719862,0.04146663033,2.428368891e-05,0.0004545930038,0.002479587013,0.005914859049,0.01179779225,0.02303727357,0.8897355901
0.00135,0.8910576676,0.04094427041,0.06574255716,0.9342574428,0.8111249285,0.7479067432,0.839347183,0.8476683237,0.7553213594,0.6875649085,0.6339768553,0.5317745596,2.077768794e-29,31357.48259,0.6993204975,342.7418395,1.362448819e-26,4.158769882e-27,2.685341186e-06,9.200367544,9.809211829,0,0.1523316763,-4.440892099e-16,0.05883248193,2.160288141e-07,0.09105696087,0.0001605722179,0.001463601732,0.006084940472,0.01708917233,0.04094427041,2.396738973e-05,0.0004489348326,0.00244970669,0.005845513316,0.01166224888,0.02276940414,0.8910576676
0.001375,0.8923267889,0.04044231751,0.0649613452,0.9350386548,0.8143238608,0.751494207,0.84217376,0.8470920569,0.7558829351,0.6898072743,0.6365847736,0.5233042703,2.044110894e-29,30849.52088,0.7041912225,334.919523,1.33034564e-26,4.107666572e-27,2.658964678e-06,9.270195307,9.884658436,0,0.1529079431,-2.220446049e-16,0.05804202564,2.117819193e-07,0.0906706084,0.0001585842745,0.001446270185,0.006015031822,0.01689914141,0.04044231751,2.366471696e-05,0.0004435159647,0.002421069623,0.005779006397,0.01153218992,0.02251241926,0.8923267889
0.0014,0.893545512,0.03995986506,0.06421087817,0.9357891218,0.8174313699,0.7549699672,0.8449149562,0.8465245841,0.756408243,0.6919757505,0.6391006375,0.5150265075,2.011242748e-29,30353.47804,0.7089476603,327.3396497,1.299266835e-26,4.057195092e-27,2.633239953e-06,9.339309409,9.959184825,0,0.1534754159,-2.220446049e-16,0.05726103551,2.076525299e-07,0.09029567755,0.0001566803195,0.00142965685,0.005947972834,0.01671670311,0.03995986506,2.337494642e-05,0.0004383238833,0.00239361164,0.005715193462,0.01140733872,0.02226576717,0.893545512
0.001425,0.8947163376,0.03949595935,0.06348963983,0.9365103602,0.8204509909,0.7583387549,0.8475745027,0.845965732,0.7568993615,0.6940734231,0.6415285999,0.5069353339,1.979139279e-29,29868.97564,0.7135934394,319.9918036,1.26916783e-26,4.007351767e-27,2.608140815e-06,9.407738183,10.03282716,0,0.154034268,0,0.05648950761,2.036363508e-07,0.08993152821,0.0001548559636,0.001413724804,0.005883618998,0.01654148072,0.03949595935,2.309739872e-05,0.0004333468357,0.002367272452,0.005653938597,0.0112874366,0.02202893068,0.8947163376
0.00145,0.8958416741,0.0390496519,0.06279615058,0.9372038494,0.8233860844,0.7616050481,0.8501558591,0.845415332,0.7573582863,0.6961032199,0.6438725845,0.499025041,1.947776421e-29,29395.65047,0.7181320429,312.8663037,1.24000696e-26,3.958129982e-27,2.58364252e-06,9.475508538,10.10561979,0,0.154584668,0,0.05572739669,1.997293112e-07,0.08957706212,0.0001531070853,0.001398439355,0.005821834492,0.01637311775,0.0390496519,2.283143624e-05,0.0004285737822,0.002341995399,0.005595114056,0.01117223853,0.02180142214,0.8958416741
0.001475,0.896923777,0.03862006633,0.06212903198,0.937870968,0.8262398418,0.764773084,0.8526622926,0.8448732198,0.7577868794,0.6980679155,0.646136298,0.4912901834,1.917131209e-29,28933.15594,0.7225667938,305.9541954,1.211745426e-26,3.909523197e-27,2.559721784e-06,9.542646044,10.17759539,0,0.1551267802,2.220446049e-16,0.05497467426,1.959275449e-07,0.08923087926,0.0001514298133,0.00138376789,0.005762491484,0.01621127647,0.03862006633,2.257646019e-05,0.0004239943479,0.002317727204,0.005538599534,0.01106151231,0.02158278115,0.896923777
0.0015,0.8979646911,0.03820645536,0.06148706461,0.9385129354,0.8290152968,0.7678468744,0.8550969565,0.8443392358,0.7581868211,0.6999701422,0.6483232431,0.4837255673,1.887181735e-29,28481.16142,0.7269008626,299.2467959,1.184345836e-26,3.861526692e-27,2.536356688e-06,9.609175011,10.24878502,0,0.1556607642,2.220446049e-16,0.05423133914,1.922273744e-07,0.0888934596,0.0001498205089,0.00136967973,0.005705469558,0.01605563945,0.03820645536,2.233190806e-05,0.0004195987782,0.002294417736,0.005484281628,0.01095503984,0.0213725744,0.8979646911
0.001525,0.8989663324,0.03780811772,0.06086910545,0.9391308945,0.8317153342,0.7708302194,0.8574628344,0.8438132241,0.7585596793,0.7018123977,0.6504367327,0.4763261881,1.857906929e-29,28039.34891,0.7311372985,292.7356869,1.157772232e-26,3.814136117e-27,2.513526462e-06,9.675118559,10.31921827,0,0.1561867759,4.440892099e-16,0.05349736701,1.886252965e-07,0.08856538937,0.000148275751,0.001356146006,0.005650655386,0.01590591059,0.03780811772,2.20972511e-05,0.0004153778971,0.002272019803,0.005432053629,0.0108526179,0.02117039568,0.8989663324
0.00155,0.8999305976,0.03742430354,0.06027398745,0.9397260125,0.8343427031,0.7737267251,0.8597626607,0.8432950329,0.7589070029,0.7035970572,0.6524799041,0.4690872032,1.829286454e-29,27607.41152,0.7352790443,286.4130431,1.131991076e-26,3.767345837e-27,2.491211355e-06,9.740498698,10.38892331,0,0.1567049671,8.881784197e-16,0.05277269767,1.851179693e-07,0.08824604493,0.0001467923215,0.001343139538,0.005597942316,0.01576180973,0.03742430354,2.187199214e-05,0.0004113230693,0.00225048897,0.005381815148,0.01075405405,0.02097586173,0.8999305976
0.001575,0.9008592684,0.0370543176,0.05970061987,0.9402993801,0.8369000248,0.7765398152,0.8619990297,0.8427845142,0.759230241,0.7053263808,0.654455731,0.4620039851,1.80130087e-29,27185.05583,0.7393289133,280.2716984,1.106971418e-26,3.721149287e-27,2.46939272e-06,9.805336382,10.45792697,0,0.1572154858,8.881784197e-16,0.05205727659,1.817022021e-07,0.087934631,0.0001453671914,0.001330634731,0.00554722978,0.01562307056,0.0370543176,2.165566344e-05,0.0004074261646,0.002229783381,0.005333471457,0.01065916525,0.02078860978,0.9008592684
0.0016,0.9017539788,0.03669755007,0.05914802019,0.9408519798,0.8393897999,0.7792727426,0.8641744433,0.8422815238,0.7595307153,0.7070025197,0.6563670331,0.4550721152,1.773931598e-29,26772.00147,0.7432895942,274.3047358,1.082683494e-26,3.675540965e-27,2.448052951e-06,9.869651572,10.52625482,0,0.1577184762,6.661338148e-16,0.05135107341,1.783749454e-07,0.08763078805,0.0001439975093,0.001318607463,0.005498422872,0.01548944227,0.03669755007,2.144782473e-05,0.0004036795247,0.002209863578,0.005286933105,0.01056777924,0.02060829775,0.9017539788
0.001625,0.9026162603,0.03635343227,0.05861526946,0.9413847305,0.8418144135,0.7819285962,0.8662912808,0.8417859207,0.7598096597,0.7086275211,0.6582164833,0.4482873327,1.74716075e-29,26367.97845,0.7471636755,268.5053047,1.059098109e-26,3.630515972e-27,2.427175318e-06,9.933463297,10.59393127,0,0.1582140793,6.661338148e-16,0.05065404893,1.751332819e-07,0.08733473666,0.0001426805885,0.001307034991,0.005451432077,0.01536068953,0.03635343227,2.124806148e-05,0.0004000759324,0.002190692348,0.005242115719,0.01047973451,0.02043460372,0.9026162603
0.00165,0.9034475989,0.03602138611,0.05810145932,0.9418985407,0.8441761384,0.7845103098,0.8683517569,0.8412975677,0.7600682675,0.7102033319,0.6600066155,0.4416455091,1.720971043e-29,25972.72597,0.7509536583,262.8669127,1.036187562e-26,3.586068509e-27,2.406743865e-06,9.9967897,10.66097959,0,0.1587024323,6.661338148e-16,0.0499661326,1.719744191e-07,0.08704586415,0.0001414138976,0.001295895864,0.005406172987,0.01523659046,0.03602138611,2.105598311e-05,0.0003966085828,0.00217223458,0.005198939762,0.01039487875,0.02026722409,0.9034475989
0.001675,0.9042494177,0.03570085091,0.05760571521,0.9423942848,0.8464771439,0.7870206714,0.8703579521,0.8408163306,0.7603076774,0.7117318061,0.6617398331,0.4351426711,1.695345857e-29,25585.99318,0.7546619478,257.3836372,1.01392635e-26,3.542192407e-27,2.386743431e-06,10.05964809,10.727422,0,0.1591836694,6.661338148e-16,0.04928725034,1.688956817e-07,0.08676414131,0.0001401950492,0.001285169843,0.005362565893,0.01511693352,0.03570085091,2.087122152e-05,0.0003932710571,0.002154457144,0.005157330103,0.01031306663,0.02010587091,0.9042494177
0.0017,0.9050230185,0.03539134036,0.05712725393,0.9428727461,0.848719501,0.7894623334,0.8723118829,0.8403420786,0.7605289246,0.7132147096,0.6634184182,0.4287750333,1.670269335e-29,25207.54077,0.7582908386,252.0498415,9.922902371e-27,3.498881987e-27,2.367159702e-06,10.122055,10.79327972,0,0.1596579214,6.661338148e-16,0.04861735034,1.658945055e-07,0.08648933524,0.0001390217916,0.001274837816,0.005320535416,0.01500151855,0.03539134036,2.069342959e-05,0.0003900572976,0.002137328746,0.005117215621,0.01023416069,0.01995027174,0.9050230185
0.001725,0.9057696233,0.03509239993,0.05666534182,0.9433346582,0.8509051908,0.7918378216,0.8742154751,0.8398746838,0.760732976,0.7146537281,0.66504454,0.4225389508,1.645726218e-29,24837.13846,0.761842539,246.8599722,9.712555927e-27,3.456132004e-27,2.347979062e-06,10.18402621,10.85857303,0,0.1601253162,1.33226763e-15,0.04795638127,1.629684311e-07,0.08622147501,0.0001378919995,0.001264881732,0.005280010307,0.01489015785,0.03509239993,2.052227984e-05,0.0003869615848,0.002120819817,0.005078529095,0.01015803216,0.01980016994,0.9057696233
0.00175,0.9064904205,0.03480356657,0.05621925189,0.9437807481,0.8530361082,0.7941495429,0.8760705298,0.8394140214,0.7609207692,0.71605047,0.6666202614,0.4164308814,1.621701717e-29,24474.56306,0.765319189,241.808718,9.507998598e-27,3.413936582e-27,2.329188469e-06,10.24557679,10.92332131,0,0.1605859786,1.33226763e-15,0.04730426621,1.601150984e-07,0.08595999772,0.0001368036662,0.001255284532,0.005240923255,0.01478267386,0.03480356657,2.035746316e-05,0.0003839785156,0.002104902404,0.005041207033,0.01008455924,0.01965532291,0.9064904205
0.001775,0.9071865527,0.03452438706,0.05578828006,0.9442117199,0.8551140666,0.7963997915,0.877878744,0.8389599694,0.7610932025,0.7174064711,0.6681475447,0.4104473974,1.598181546e-29,24119.59895,0.7687228561,236.8911747,9.309020297e-27,3.372289404e-27,2.310775461e-06,10.30672115,10.98754311,0,0.1610400306,1.776356839e-15,0.046660919,1.573322415e-07,0.08570459057,0.0001357548959,0.001246030087,0.005203210584,0.01467889744,0.03452438706,2.019868766e-05,0.0003811029835,0.002089550078,0.005005189363,0.01001362574,0.01951550037,0.9071865527
0.0018,0.9078590748,0.03425446078,0.05537178747,0.9446282125,0.8571408006,0.7985907535,0.8796417591,0.8385124087,0.7612510995,0.7187231973,0.6696282563,0.4045852165,1.575152015e-29,23772.03953,0.7720555214,232.1027293,9.115422737e-27,3.331184879e-27,2.292728218e-06,10.36747309,11.05125616,0,0.1614875913,1.554312234e-15,0.04602627037,1.546176839e-07,0.08545546871,0.0001347438969,0.001237103141,0.005166811972,0.01457866769,0.03425446078,2.004567757e-05,0.0003783301604,0.002074737831,0.004970419124,0.009945121217,0.01938048374,0.9078590748
0.001825,0.9085089629,0.0339934289,0.0549691907,0.9450308093,0.8591179703,0.8007245139,0.8813611605,0.8380712227,0.7613952174,0.7200020479,0.6710641724,0.3988411913,1.552599989e-29,23431.68657,0.7753190856,227.4387881,8.92701045e-27,3.290617785e-27,2.275035508e-06,10.42784579,11.11447743,0,0.1619287773,1.554312234e-15,0.04540025844,1.519693341e-07,0.08521274345,0.000133768975,0.001228489256,0.005131670264,0.0144818333,0.0339934289,1.989817221e-05,0.0003756554786,0.002060441984,0.004936842329,0.009878941881,0.01925006657,0.9085089629
0.00185,0.909137173,0.03374091885,0.05457990493,0.9454200951,0.8610471656,0.8028030612,0.8830384292,0.8376362977,0.7615262958,0.7212443599,0.672456984,0.393212267,1.530512749e-29,23098.34811,0.7785153895,222.8948965,8.743594924e-27,3.250582309e-27,2.257686567e-06,10.48785186,11.1772232,0,0.1623637023,2.220446049e-15,0.04478280409,1.493851813e-07,0.08497587826,0.0001328285271,0.001220174758,0.005097731362,0.01438825144,0.03374091885,1.975592506e-05,0.000373074615,0.002046640112,0.004904407901,0.009814989799,0.01912405368,0.909137173
0.001875,0.9097446312,0.03349656032,0.05420335764,0.9457966424,0.8629299092,0.8048282943,0.884674959,0.8372075224,0.7616450486,0.7224514113,0.6738083022,0.3876954789,1.508877975e-29,22771.83823,0.7816462157,218.4669459,8.565001089e-27,3.21107204e-27,2.240671074e-06,10.54750341,11.23950904,0,0.1627924776,1.998401444e-15,0.04417381449,1.468632915e-07,0.08474425288,0.0001319210363,0.001212146697,0.005064944008,0.01429778558,0.03349656032,1.961870289e-05,0.0003705834758,0.002033310969,0.004873067434,0.009753171255,0.01900225937,0.9097446312
0.0019,0.9103321946,0.03326002481,0.05383902775,0.9461609723,0.8647676627,0.8068020276,0.886272102,0.8367847878,0.7617521323,0.7236244251,0.6751196635,0.3822879696,1.487683797e-29,22451.97776,0.7847132822,214.1511257,8.391065561e-27,3.172081051e-27,2.223979175e-06,10.606812,11.30134988,0,0.1632152122,1.998401444e-15,0.04357320734,1.444018041e-07,0.08451804679,0.0001310450658,0.0012043928,0.005033259547,0.01421030552,0.03326002481,1.948628491e-05,0.0003681781829,0.002020434412,0.004842774949,0.009693396871,0.01888450696,0.9103321946
0.001925,0.9109006564,0.03303101974,0.05348644054,0.9465135595,0.8665618277,0.8087259962,0.8878311707,0.8363679876,0.7618481488,0.724764572,0.6763925339,0.376986996,1.46691881e-29,22138.59463,0.7877182392,209.9436932,8.221629015e-27,3.133604227e-27,2.207601491e-06,10.66578874,11.36276004,0,0.1636320124,2.220446049e-15,0.04298091183,1.41998928e-07,0.08429746425,0.0001301992545,0.001196901427,0.005002631787,0.01412568834,0.03303101974,1.935846202e-05,0.0003658550605,0.002007991337,0.004813486768,0.009635582352,0.01877062913,0.9109006564
0.00195,0.9114507828,0.03280925191,0.05314513073,0.9468548693,0.8683137505,0.8106018593,0.8893534074,0.8359570175,0.761933678,0.7258729732,0.6776283127,0.3717899008,1.446571983e-29,21831.5223,0.7906626833,205.8409444,8.056535017e-27,3.095636027e-27,2.191529029e-06,10.72444427,11.42375325,0,0.1640429825,1.776356839e-15,0.04239684716,1.396529389e-07,0.08408228383,0.0001293823122,0.001189661536,0.004973016905,0.01404381807,0.03280925191,1.92350361e-05,0.0003636106226,0.00199596361,0.004785161467,0.009579648229,0.01866046749,0.9114507828
0.001975,0.9119833331,0.03259441309,0.05281462598,0.947185374,0.8700247224,0.8124312041,0.890839969,0.8355517758,0.7620092935,0.7269507018,0.6788283353,0.3666941019,1.426632615e-29,21530.59932,0.7935481627,201.8393922,7.895635751e-27,3.058170109e-27,2.175753145e-06,10.7827888,11.48434269,0,0.1644482242,1.776356839e-15,0.04182091888,1.373621757e-07,0.08387166317,0.0001285930153,0.001182662647,0.004944373319,0.01396458391,0.03259441309,1.911581933e-05,0.0003614415622,0.00198433402,0.004757759747,0.009525518502,0.01855387129,0.9119833331
0.002,0.9124990166,0.03238622457,0.05249449072,0.9475055093,0.8716959833,0.8142155488,0.892291974,0.8351521626,0.7620755271,0.7279987856,0.6799938765,0.3616971043,1.407090376e-29,21235.66978,0.7963761725,197.935802,7.738793072e-27,3.021200282e-27,2.160265565e-06,10.84083212,11.54454103,0,0.1648478374,1.998401444e-15,0.04125303691,1.351250378e-07,0.08366546146,0.0001278302031,0.001175894811,0.004916661492,0.01388787964,0.03238622457,1.900063358e-05,0.0003593447402,0.001973086222,0.004731244211,0.00947312025,0.01845069661,0.9124990166
0.002025,0.9129984799,0.03218444868,0.05218433843,0.9478156616,0.8733287237,0.8159563467,0.8937105204,0.8347580805,0.7621328586,0.7290182091,0.6811261537,0.3567965046,1.387935313e-29,20946.58345,0.7991481532,194.127053,7.585874138e-27,2.984721131e-27,2.145058382e-06,10.89858363,11.60436039,0,0.1652419195,1.776356839e-15,0.04069312223,1.329399828e-07,0.08346409683,0.0001270927735,0.001169348572,0.004889843804,0.0138136046,0.03218444868,1.888930985e-05,0.0003573171756,0.001962204682,0.004705579255,0.009422384459,0.01835080675,0.9129984799
0.00205,0.9134823441,0.03198885136,0.05188379428,0.9481162057,0.8749240884,0.8176549904,0.8950966548,0.8343694339,0.7621817463,0.7300099164,0.6822263315,0.351989976,1.369157798e-29,20663.19503,0.8018654978,190.4100549,7.436748571e-27,2.948727398e-27,2.13012401e-06,10.95605238,11.66381247,0,0.1656305661,1.776356839e-15,0.04014109286,1.308055231e-07,0.08326766825,0.0001263796802,0.001163014947,0.004863884495,0.01374166379,0.03198885136,1.878168766e-05,0.0003553560365,0.001951674627,0.004680731036,0.009373246054,0.01825407219,0.9134823441
0.002075,0.9139512247,0.03179918559,0.05159247713,0.9484075229,0.8764831788,0.8193128152,0.8964513566,0.8339861292,0.7622226442,0.7309748136,0.6832955234,0.347275257,1.350748488e-29,20385.36353,0.8045295586,186.7818702,7.291292371e-27,2.913213094e-27,2.115455144e-06,11.01324703,11.72290848,0,0.1660138708,1.776356839e-15,0.03959685516,1.287202243e-07,0.08307564718,0.0001256899289,0.00115688539,0.004838749568,0.01367196666,0.03179918559,1.867761464e-05,0.0003534586307,0.001941482009,0.004656667393,0.009325642953,0.01816036958,0.9139512247
0.0021,0.9144057138,0.0316152122,0.05131001931,0.9486899807,0.8780070545,0.820931102,0.8977755602,0.833608075,0.7622559868,0.7319137705,0.6843347956,0.3426501569,1.332698339e-29,20112.95246,0.807141644,183.2397649,7.149389327e-27,2.878171932e-27,2.101044771e-06,11.07017592,11.78165921,0,0.166391925,1.554312234e-15,0.03906031537,1.266827022e-07,0.08288749274,0.0001250225744,0.001150951773,0.004814406658,0.0136044261,0.0316152122,1.857694597e-05,0.0003516223984,0.001931613465,0.004633357691,0.009279515409,0.01806958099,0.9144057138
0.002125,0.9148463519,0.0314367272,0.05103609426,0.9489639057,0.879496735,0.8225110788,0.8990701849,0.8332351814,0.762282166,0.7328276215,0.685345168,0.338112561,1.314998624e-29,19845.8301,0.8097030173,179.7811087,7.010927702e-27,2.843598253e-27,2.08688617e-06,11.12684706,11.84007504,0,0.1667648186,2.220446049e-15,0.03853138918,1.246916212e-07,0.08270338077,0.0001243767179,0.001145206363,0.004790824908,0.01353895908,0.0314367272,1.847954401e-05,0.0003498449042,0.00192205627,0.004610772701,0.009234806475,0.01798159392,0.9148463519
0.00215,0.915273647,0.03126354159,0.05077039697,0.949229603,0.8809532015,0.8240539246,0.9003361205,0.8328673608,0.7623015468,0.733717168,0.6863276173,0.33366042,1.297640891e-29,19583.86889,0.8122149016,176.4032975,6.875797703e-27,2.809486766e-27,2.072972882e-06,11.18326818,11.89816594,0,0.1671326392,1.998401444e-15,0.038009993,1.227456918e-07,0.08252355422,0.0001237515045,0.001139641792,0.004767974921,0.01347548716,0.03126354159,1.838527782e-05,0.00034812383,0.001912798302,0.004588884573,0.00919146243,0.01789630161,0.915273647
0.002175,0.9156881012,0.03109545704,0.05051261854,0.9494873815,0.8823773988,0.8255607703,0.9015742033,0.8325045271,0.7623144897,0.7345831791,0.6872830787,0.3292917398,1.280616928e-29,19326.94491,0.814678485,173.1038187,6.743893602e-27,2.775831885e-27,2.059298675e-06,11.23944668,11.95594153,0,0.1674954729,2.220446049e-15,0.03749603484,1.208436688e-07,0.08234786243,0.00012314612,0.001134251043,0.004745828705,0.01341393563,0.03109545704,1.829402285e-05,0.0003464569686,0.001903828013,0.004567666796,0.009149432093,0.01781360236,0.9156881012
0.0022,0.9160902044,0.03093227478,0.05026245422,0.9497375458,0.8837702368,0.8270327028,0.9027852266,0.832146596,0.7623213452,0.7354263942,0.6882124484,0.3250045879,1.263918783e-29,19074.93816,0.8170949183,169.88033,6.615116254e-27,2.74262761e-27,2.045857556e-06,11.29538972,12.01341106,0,0.167853404,2.220446049e-15,0.03698942053,1.189843494e-07,0.08217579094,0.0001225597894,0.00112902743,0.004724359568,0.01335423266,0.03093227478,1.82056605e-05,0.000344842217,0.001895134396,0.00454709409,0.009108666208,0.01773339884,0.9160902044
0.002225,0.9164804113,0.0307738184,0.05001962621,0.9499803738,0.8851325927,0.8284707661,0.9039699657,0.8317934848,0.7623224351,0.7362475238,0.6891165856,0.3207970965,1.247538773e-29,18827.73264,0.8194653136,166.7306021,6.489371214e-27,2.709868168e-27,2.032643772e-06,11.35110415,12.07058344,0,0.1682065152,2.220446049e-15,0.03649006274,1.171665716e-07,0.08200721077,0.0001219917743,0.001123964579,0.004703542026,0.01329630943,0.0307738184,1.812007785e-05,0.0003432775713,0.001886706955,0.004527142293,0.009069117595,0.01765559795,0.9164804113
0.00225,0.9168591454,0.03061992955,0.04978387974,0.9502161203,0.8864653121,0.8298759641,0.9051291775,0.8314451127,0.7623180555,0.7370472513,0.6899963146,0.3166674543,1.231469447e-29,18585.21597,0.8217907488,163.6524358,6.366565943e-27,2.677548234e-27,2.019651785e-06,11.40659661,12.12746725,0,0.1685548873,2.442490654e-15,0.03599787714,1.153892123e-07,0.08184230273,0.000121441371,0.001119056407,0.004683351748,0.01324010066,0.03061992955,1.803716729e-05,0.0003417611206,0.001878535673,0.004507788333,0.009030741542,0.01758011104,0.9168591454
0.002275,0.9172268199,0.03047044697,0.04955496179,0.9504450382,0.8877692107,0.8312492625,0.9062635812,0.8311014004,0.7623084945,0.7378262343,0.6908524262,0.3126138957,1.21570356e-29,18347.27874,0.8240722727,160.643691,6.246610664e-27,2.645662443e-27,2.006876239e-06,11.46187347,12.18407077,0,0.1688985996,2.442490654e-15,0.03551277369,1.136511857e-07,0.08168108297,0.0001209079083,0.001114297113,0.004663765523,0.01318554428,0.03047044697,1.795682626e-05,0.0003402910424,0.00187061099,0.004489010208,0.008993495545,0.01750685368,0.9172268199
0.0023,0.9175838408,0.03032520666,0.04933262034,0.9506673797,0.8890450755,0.8325915902,0.9073738587,0.8307622701,0.7622940346,0.7385851051,0.6916856796,0.3086347043,1.200234072e-29,18113.81475,0.8263109039,157.7023548,6.129420515e-27,2.61420519e-27,1.994311962e-06,11.51694087,12.24040196,0,0.1692377299,2.442490654e-15,0.03503465921,1.119514419e-07,0.081523288,0.0001203907461,0.001109681157,0.004644761192,0.01313258058,0.03032520666,1.787895698e-05,0.0003388655972,0.001862923779,0.004470786907,0.008957338696,0.01743574496,0.9175838408
0.002325,0.9179305908,0.03018405758,0.04911661989,0.9508833801,0.8902936657,0.8339038412,0.9084606718,0.8304276456,0.7622749394,0.7393244727,0.6924968035,0.3047282212,1.185054179e-29,17884.7213,0.8285076269,154.8265114,6.014914536e-27,2.583170918e-27,1.981953988e-06,11.57180476,12.29646853,0,0.1695723544,2.442490654e-15,0.03456344556,1.102889654e-07,0.08136864586,0.0001198892735,0.001105203251,0.004626317562,0.01308115223,0.03018405758,1.780346614e-05,0.0003374831248,0.001855465324,0.004453098329,0.008922231687,0.01736670735,0.9179305908
0.00235,0.9182674265,0.03004686456,0.04890674477,0.9510932552,0.8915157141,0.8351868756,0.9095246674,0.8300974521,0.7622514511,0.7400449228,0.6932864975,0.3008928393,1.170157292e-29,17659.89894,0.8306633955,152.0142779,5.903013635e-27,2.552554348e-27,1.969797534e-06,11.62647083,12.35227789,0,0.1699025479,2.442490654e-15,0.03409904859,1.086627739e-07,0.08121716783,0.0001194029075,0.001100858339,0.004608414367,0.0130312046,0.03004686456,1.77302647e-05,0.0003361420394,0.001848227292,0.004435925235,0.008888137118,0.01729966683,0.9182674265
0.002375,0.9185946922,0.02991349394,0.04870278459,0.9512972154,0.892711928,0.8364415223,0.9105664657,0.8297716165,0.7622238026,0.7407470196,0.694055434,0.2971269911,1.155536994e-29,17439.25083,0.8327791382,149.2638125,5.793640786e-27,2.522350274e-27,1.95783797e-06,11.6809446,12.40783719,0,0.1702283835,2.664535259e-15,0.03364138063,1.070719165e-07,0.08106889016,0.0001189310908,0.001096641592,0.004591032236,0.01298268573,0.02991349394,1.765926766e-05,0.0003348408259,0.001841201718,0.004419249248,0.008855019409,0.01723455276,0.9185946922
0.0024,0.9189127257,0.02978381022,0.04850453023,0.9514954698,0.893882991,0.8376685792,0.9115866565,0.8294500668,0.7621922217,0.7414313066,0.694804259,0.2934291481,1.141187036e-29,17222.68268,0.8348557591,146.5733773,5.68672304e-27,2.492553396e-27,1.94607081e-06,11.7352314,12.46315335,0,0.1705499332,2.220446049e-15,0.03319035055,1.05515473e-07,0.08092374747,0.0001184732915,0.001092548393,0.004574152652,0.01293554567,0.02978381022,1.75903938e-05,0.0003335780363,0.001834380986,0.004403052794,0.008822844353,0.01717129748,0.9189127257
0.002425,0.9192218489,0.02965768579,0.04831178334,0.9516882167,0.8950295634,0.8388688164,0.9125858109,0.8291327326,0.7621569235,0.7420983077,0.6955335941,0.2897978288,1.127101364e-29,17010.10309,0.8368941346,143.9413312,5.582191227e-27,2.463158474e-27,1.934491729e-06,11.78933635,12.51823304,0,0.1708672674,1.998401444e-15,0.03274587057,1.039925526e-07,0.08078155273,0.0001180290008,0.001088574323,0.00455775788,0.01288973634,0.02965768579,1.752356555e-05,0.000332352286,0.001827757809,0.00438731904,0.008791579003,0.01710983602,0.9192218489
0.00245,0.9195223628,0.0295350054,0.04812436104,0.951875639,0.896152284,0.840042976,0.9135644874,0.8288195448,0.7621181062,0.7427485281,0.696244037,0.286231599,1.113274113e-29,16801.42359,0.8388951131,141.3660637,5.479977779e-27,2.434160457e-27,1.923096564e-06,11.84326442,12.57308271,0,0.1711804552,1.776356839e-15,0.03230785747,1.025022923e-07,0.08064222171,0.0001175977324,0.001084715157,0.004541830936,0.01284521181,0.0295350054,1.745870875e-05,0.0003311622507,0.001821325213,0.004372031848,0.008761191915,0.01705010619,0.9195223628
0.002475,0.9198145578,0.02941565597,0.04794208571,0.9520579143,0.8972517698,0.8411917736,0.9145232226,0.8285104356,0.76207596,0.7433824546,0.6969361627,0.2827290619,1.099699581e-29,16596.55808,0.8408595201,138.8459845,5.380016371e-27,2.40555433e-27,1.911881285e-06,11.89702039,12.62770856,0,0.1714895644,1.998401444e-15,0.03187622651,1.010438564e-07,0.08050568097,0.0001171790209,0.001080966849,0.004526355555,0.01280192832,0.02941565597,1.739575247e-05,0.000330006663,0.001815076521,0.004357175776,0.008731653137,0.0169920486,0.9198145578
0.0025,0.9200987186,0.029299523,0.04776478092,0.9522352191,0.8983286176,0.8423158997,0.9154625288,0.8282053384,0.7620306706,0.7440005568,0.6976105247,0.2792888527,1.086372203e-29,16395.42261,0.8427881607,136.3795751,5.282243533e-27,2.377335002e-27,1.900841976e-06,11.95060889,12.68211663,0,0.1717946616,2.220446049e-15,0.03145088946,9.961643533e-08,0.08037189048,0.0001167724212,0.001077325524,0.00451131617,0.0127598438,0.029299523,1.733462887e-05,0.0003288843101,0.001809005339,0.004342736037,0.008702933875,0.01693560627,0.9200987186
0.002525,0.9203751166,0.02918649879,0.04759227933,0.9524077207,0.8993834046,0.8434160201,0.9163829018,0.8279041881,0.7619824137,0.7446032874,0.6982676554,0.2759096446,1.073286575e-29,16197.93559,0.8446818172,133.9654094,5.186599342e-27,2.349497481e-27,1.889974852e-06,12.00403439,12.73631272,0,0.1720958119,2.220446049e-15,0.03103175987,9.82192443e-08,0.08024081178,0.000116377507,0.001073787474,0.004496697855,0.0127189177,0.02918649879,1.727527303e-05,0.0003277940302,0.001803105539,0.004328698451,0.008675006338,0.01688072443,0.9203751166
0.00255,0.9206440066,0.02907648549,0.04742442595,0.9525755741,0.9004166893,0.8444927786,0.9172848273,0.8276069206,0.7619313513,0.7451910835,0.698908068,0.2725901511,1.060437454e-29,16004.01791,0.846541248,131.6021004,5.093025663e-27,2.322036971e-27,1.87927626e-06,12.0573012,12.79030244,0,0.1723930794,1.998401444e-15,0.0306187558,9.685152281e-08,0.08011237864,0.0001159938704,0.001070349141,0.004482486288,0.01267911116,0.02907648549,1.721762279e-05,0.0003267347107,0.001797371251,0.004315049405,0.008647843929,0.01682735055,0.9206440066
0.002575,0.9209056329,0.02896938867,0.04726107178,0.9527389282,0.9014290125,0.845546796,0.918168774,0.8273134731,0.7618776376,0.7457643671,0.6995322565,0.2693291217,1.047819747e-29,15813.59273,0.8483671902,129.2882791,5.001465487e-27,2.294948726e-27,1.868742668e-06,12.1104135,12.84409124,0,0.1726865269,2.664535259e-15,0.03021179563,9.551253354e-08,0.07998650823,0.0001156211204,0.001067007118,0.00446866774,0.01264038713,0.02896938867,1.716161864e-05,0.0003257052854,0.001791796844,0.004301775846,0.008621421305,0.01677543438,0.9209056329
0.0026,0.9211602374,0.02886511059,0.04710206668,0.9528979333,0.9024208975,0.8465786726,0.9190351887,0.827023784,0.7618214252,0.7463235454,0.7001406972,0.2661253347,1.035428487e-29,15626.58504,0.8501603627,127.022622,4.911863725e-27,2.268227867e-27,1.858370642e-06,12.16337533,12.89768438,0,0.172976216,2.886579864e-15,0.0298107948,9.420156152e-08,0.07986306381,0.0001152588822,0.001063758137,0.004455229047,0.01260271002,0.02886511059,1.710720356e-05,0.0003247047323,0.001786376919,0.004288865264,0.008595714103,0.01672492772,0.9211602374
0.002625,0.9214080521,0.02876355777,0.04694726662,0.9530527334,0.9033928515,0.8475889884,0.9198845033,0.8267377926,0.7617628591,0.7468690119,0.7007338493,0.2629775982,1.023258832e-29,15442.92181,0.8519214662,124.8038814,4.824168158e-27,2.24186955e-27,1.848156847e-06,12.2161906,12.95108692,0,0.1732622074,2.886579864e-15,0.02941566913,9.291791329e-08,0.07974203621,0.0001149067968,0.001060599064,0.004442157578,0.01256604542,0.02876355777,1.705432289e-05,0.0003237320713,0.001781106297,0.004276305651,0.008570698764,0.01667578413,0.9214080521
0.00265,0.921649294,0.02866464676,0.04679653963,0.9532034604,0.9043453652,0.8485783039,0.920717142,0.8264554397,0.7617020725,0.7474011465,0.7013121553,0.2598847553,1.011306083e-29,15262.53208,0.8536511807,122.6308553,4.738328478e-27,2.215869161e-27,1.838098063e-06,12.26886309,13.00430381,0,0.1735445603,3.108624469e-15,0.02902633832,9.166091616e-08,0.07962343205,0.0001145645199,0.00105752689,0.004429441195,0.01253036027,0.02866464676,1.700292426e-05,0.0003227863624,0.001775980007,0.00426408546,0.008546352655,0.01662795899,0.921649294
0.002675,0.9218841699,0.02856829807,0.04664975979,0.9533502402,0.9052789148,0.8495471612,0.9215335168,0.8261766669,0.7616391908,0.7479203165,0.701876042,0.2568456797,9.995656661e-30,15085.34687,0.8553501679,120.502354,4.654295175e-27,2.190222191e-27,1.828191167e-06,12.32139645,13.0573398,0,0.1738233331,2.886579864e-15,0.02864272369,9.042991742e-08,0.07950720794,0.0001142317211,0.001054538729,0.004417068243,0.01249562302,0.02856829807,1.695295744e-05,0.0003218667037,0.001770993276,0.004252193603,0.008522654195,0.01658140957,0.9218841699
0.0027,0.9221128842,0.02847442989,0.04650680072,0.9534931993,0.9061939609,0.8504960843,0.922334021,0.825901417,0.7615743377,0.7484268764,0.7024259212,0.2538592735,9.880331295e-30,14911.29896,0.8570190722,118.4172214,4.572020262e-27,2.164924032e-27,1.818433129e-06,12.37379423,13.1101995,0,0.174098583,2.886579864e-15,0.02826474471,8.922428366e-08,0.07939320837,0.0001139080834,0.00105163181,0.004405027535,0.0124618034,0.02847442989,1.690437422e-05,0.0003209722293,0.001766141522,0.004240619438,0.008499582674,0.01653609484,0.9221128842
0.002725,0.9223356365,0.02838296067,0.04636753788,0.9536324621,0.9070909505,0.8514255804,0.9231190325,0.8256296338,0.7615076338,0.7489211693,0.7029621902,0.2509244646,9.767041288e-30,14740.3228,0.8586585223,116.3743591,4.491457972e-27,2.139969987e-27,1.808821e-06,12.42605986,13.16288738,0,0.1743703662,2.664535259e-15,0.02789232033,8.804340002e-08,0.07928134671,0.0001135933026,0.00104880347,0.004393308325,0.01242887211,0.02838296067,1.685712837e-05,0.0003201021081,0.001761420344,0.004229352742,0.008477118037,0.01649197528,0.9223356365
0.00275,0.9225526138,0.02829381712,0.04623185652,0.9537681435,0.907970317,0.8523361401,0.9238889222,0.8253612621,0.7614391898,0.7494035269,0.7034852324,0.2480402091,9.655744366e-30,14572.35457,0.86026913,114.3727182,4.412564515e-27,2.115355539e-27,1.799351925e-06,12.47819665,13.21540777,0,0.1746387379,2.664535259e-15,0.02752537238,8.68866696e-08,0.07917166323,0.0001132870866,0.001046051153,0.004381900275,0.01239680089,0.02829381712,1.681117551e-05,0.0003192555417,0.001756825511,0.004218383676,0.008455240939,0.0164490128,0.9225526138
0.002775,0.9227639925,0.0282069321,0.0460996498,0.9539003502,0.9088324807,0.8532282385,0.9246440536,0.8250962478,0.7613691078,0.7498742697,0.7039954181,0.2452054908,9.546399394e-30,14407.33222,0.8618514904,112.411265,4.335296927e-27,2.091076356e-27,1.790023131e-06,12.53020782,13.26776486,0,0.1749037522,2.886579864e-15,0.02716382501,8.575351278e-08,0.07906417003,0.0001129891547,0.001043372401,0.004370793443,0.01236556271,0.0282069321,1.6766473e-05,0.0003184317632,0.001752352958,0.004207702773,0.008433932894,0.01640717085,0.9227639925
0.0028,0.9229699459,0.0281222368,0.04597081083,0.9540291892,0.9096778495,0.8541023358,0.9253847752,0.8248345376,0.7612974885,0.7503337083,0.7044931052,0.2424193172,9.438966227e-30,14245.19514,0.8634061846,110.4889875,4.259613282e-27,2.067128069e-27,1.78083192e-06,12.58209649,13.31996271,0,0.1751654624,2.886579864e-15,0.02680760156,8.464336664e-08,0.07895876318,0.0001126992375,0.001040764851,0.004359978276,0.01233513167,0.0281222368,1.672297991e-05,0.0003176300355,0.001747998776,0.004197300938,0.008413176195,0.01636641437,0.9229699459
0.002825,0.9231706449,0.0280396613,0.04584523293,0.9541547671,0.9105068188,0.8549588774,0.9261114206,0.8245760792,0.7612244308,0.7507821428,0.704978639,0.2396807208,9.333405765e-30,14085.88432,0.8649337784,108.6049163,4.185473348e-27,2.043506216e-27,1.771775674e-06,12.63386569,13.37200526,0,0.1754239208,2.886579864e-15,0.02645662466,8.355568438e-08,0.07885528806,0.0001124170759,0.001038226233,0.004349445586,0.01230548273,0.0280396613,1.668065691e-05,0.0003168496501,0.001743759207,0.004187169425,0.008392953703,0.01632670952,0.9231706449
0.00285,0.9233662522,0.02795914048,0.04572281545,0.9542771846,0.9113197728,0.8557982948,0.9268243156,0.8243208215,0.7611500275,0.7512198637,0.7054523533,0.2369887578,9.229679895e-30,13929.34226,0.8664348234,106.7581253,4.112838591e-27,2.020206386e-27,1.762851847e-06,12.68551832,13.42389633,0,0.1756791785,2.664535259e-15,0.0261108189,8.248993474e-08,0.07875373892,0.0001121424209,0.001035754362,0.004339186527,0.01227659166,0.02795914048,1.663946619e-05,0.0003160899257,0.001739630634,0.004177299811,0.008373248832,0.01628802369,0.9233662522
0.002875,0.92355692,0.02788061578,0.04560346572,0.9543965343,0.9121170838,0.856621006,0.9275237805,0.8240687138,0.7610743632,0.7516471521,0.7059145707,0.2343425088,9.127751501e-30,13775.51293,0.8679098565,104.9477087,4.041671427e-27,1.997224356e-27,1.754057965e-06,12.73705725,13.47563962,0,0.1759312862,2.664535259e-15,0.02577011124,8.144560151e-08,0.07865416155,0.0001118750331,0.001033347135,0.004329192583,0.0122484352,0.02788061578,1.659937143e-05,0.0003153502072,0.001735609578,0.004167683979,0.008354045671,0.01625032547,0.92355692
0.0029,0.9237427958,0.02780402969,0.04548709351,0.9545129065,0.9128991139,0.8574274163,0.9282101254,0.8238197069,0.7609975192,0.7520642804,0.7063656028,0.2317410755,9.027584346e-30,13624.34164,0.8693594023,103.1727771,3.971935088e-27,1.974555975e-27,1.745391621e-06,12.78848521,13.52723872,0,0.1761802931,2.664535259e-15,0.02543442867,8.042218296e-08,0.07855652574,0.000111614682,0.001031002531,0.004319455554,0.01222099105,0.02780402969,1.656033767e-05,0.0003146298641,0.00173169269,0.004158314119,0.008335328989,0.01621358473,0.9237427958
0.002925,0.9239240259,0.02772932249,0.04537360751,0.9546263925,0.9136662147,0.858217919,0.9288836473,0.8235737519,0.7609195765,0.7524715124,0.7068057515,0.2291835799,8.929143049e-30,13475.775,0.8707839728,101.432476,3.903594229e-27,1.95219702e-27,1.736850467e-06,12.83980489,13.57869712,0,0.1764262481,2.664535259e-15,0.02510369765,7.941919141e-08,0.07846069012,0.0001113611462,0.001028718602,0.004309967552,0.01219423772,0.02772932249,1.65223313e-05,0.0003139282896,0.001727876744,0.004149182715,0.008317084075,0.01617777239,0.9239240259
0.00295,0.9241007513,0.02765643722,0.04526292023,0.9547370798,0.9144187274,0.8589928949,0.9295446342,0.8233308012,0.7608406119,0.7528691034,0.7072353083,0.226669167,8.832393169e-30,13329.76103,0.8721840663,99.72598591,3.836614874e-27,1.930143282e-27,1.728432225e-06,12.89101886,13.63001818,0,0.1766691988,2.664535259e-15,0.02477784593,7.843615272e-08,0.07836657777,0.0001111142123,0.001026493473,0.004300720974,0.01216815436,0.02765643722,1.648531998e-05,0.0003132448999,0.001724158636,0.004140282524,0.008299296663,0.0161428604,0.9241007513
0.002975,0.9242731048,0.02758532178,0.04515495017,0.9548450498,0.9151569837,0.8597527136,0.9301933694,0.8230908077,0.7607606963,0.7532573009,0.7076545554,0.2241970027,8.737301124e-30,13186.24905,0.8735601688,98.05250881,3.77096399e-27,1.908390666e-27,1.720134679e-06,12.94212964,13.6812052,0,0.1769091923,2.664535259e-15,0.02445680345,7.747260586e-08,0.07827421441,0.0001108736751,0.001024325339,0.004291708491,0.01214272088,0.02758532178,1.644927258e-05,0.0003125791325,0.001720535375,0.004131606557,0.008281953021,0.01610882168,0.9242731048
0.003,0.9244412136,0.02751592655,0.04504961941,0.9549503806,0.915881306,0.8604977336,0.9308301285,0.8228537254,0.7606798965,0.7536363446,0.7080637658,0.2217662719,8.643834118e-30,13045.18957,0.874912755,96.41125731,3.70660911e-27,1.886935183e-27,1.711955668e-06,12.99313968,13.73226136,0,0.1771462746,2.664535259e-15,0.02414050075,7.652810244e-08,0.07818361372,0.0001106393369,0.001022212461,0.004282923041,0.01211791802,0.02751592655,1.641415915e-05,0.000311930446,0.001717004078,0.004123148082,0.008265039979,0.01607563021,0.9244412136
0.003025,0.9246052029,0.0274482013,0.0449468505,0.9550531495,0.9165920075,0.861228303,0.931455177,0.8226195089,0.7605982779,0.754006467,0.7084632036,0.2193761772,8.5519601e-30,12906.5342,0.8762422885,94.80147293,3.643518955e-27,1.865772856e-27,1.703893084e-06,13.04405133,13.78318975,0,0.1773804911,2.664535259e-15,0.023828868,7.560220635e-08,0.07809469729,0.0001104110073,0.001020153161,0.004274357818,0.01209372721,0.0274482013,1.637995083e-05,0.0003112983186,0.001713561968,0.004114900611,0.008248544838,0.0160432609,0.9246052029
0.00305,0.9247651948,0.02738209628,0.04484656732,0.9551534327,0.917289393,0.8619447595,0.932068772,0.8223881136,0.7605159041,0.7543678936,0.7088531248,0.21702594,8.461647796e-30,12770.23576,0.8775492222,93.22242943,3.581663508e-27,1.844899706e-27,1.695944872e-06,13.09486691,13.83399336,0,0.1776118864,2.442490654e-15,0.0235218363,7.469449331e-08,0.07800735808,0.0001101885029,0.001018145825,0.004266006262,0.01207013045,0.02738209628,1.634661983e-05,0.0003106822474,0.001710206367,0.004106857888,0.008232455289,0.0160116895,0.9247651948
0.003075,0.9249213047,0.02731756587,0.04474869881,0.9552513012,0.9179737584,0.8626474309,0.9326711651,0.8221594959,0.7604328336,0.7547208425,0.7092337769,0.2147148022,8.372866757e-30,12636.24829,0.8788339964,91.67341983,3.521013583e-27,1.824311836e-27,1.688109038e-06,13.14558863,13.88467512,0,0.1778405041,2.664535259e-15,0.02321933872,7.380455049e-08,0.07792158463,0.0001099716469,0.001016188896,0.004257862041,0.01204711036,0.02731756587,1.631413937e-05,0.0003100817481,0.001706934693,0.004099013874,0.00821675944,0.01598089261,0.9249213047
0.0031,0.9250736436,0.02725456647,0.04465317687,0.9553468231,0.9186453917,0.8633366355,0.9332626019,0.8219336127,0.7603491219,0.7550655256,0.7096053998,0.2124420229,8.285587241e-30,12504.5269,0.8800970417,90.15374852,3.461540569e-27,1.804005429e-27,1.680383636e-06,13.19621868,13.93523786,0,0.1780663873,2.886579864e-15,0.02292130928,7.293197618e-08,0.07783738876,0.0001097602691,0.00101428087,0.004249919047,0.01202465021,0.02725456647,1.628248367e-05,0.0003094963533,0.001703744457,0.004091362741,0.008201445872,0.01595084765,0.9250736436
0.003125,0.9252223197,0.02719305463,0.04455993443,0.9554400656,0.9193045732,0.8640126827,0.9338433199,0.8217104217,0.7602648225,0.7554021485,0.7099682259,0.2102068758,8.199780135e-30,12375.02766,0.8813387794,88.66273769,3.403216608e-27,1.783976705e-27,1.672766762e-06,13.24675915,13.98568432,0,0.1782895783,3.108624469e-15,0.02262768181,7.207637938e-08,0.0777547471,0.000109554205,0.0010124203,0.004242171387,0.01200273391,0.02719305463,1.625162784e-05,0.0003089256127,0.001700633255,0.004083898869,0.00818650357,0.0159215329,0.9252223197
0.00315,0.9253674385,0.02713298783,0.04446890612,0.9555310939,0.9199515754,0.8646758728,0.9344135496,0.8214898814,0.7601799873,0.7557309106,0.7103224803,0.2080086517,8.115417016e-30,12247.70766,0.8825596208,87.19974083,3.346015063e-27,1.764221924e-27,1.66525656e-06,13.2972121,14.03601719,0,0.1785101186,2.664535259e-15,0.02233839079,7.123737948e-08,0.07767357347,0.0001093532965,0.001010605788,0.004234613376,0.01198134583,0.02713298783,1.622154792e-05,0.0003083690916,0.00169759877,0.004076616834,0.008171921857,0.01589292731,0.9253674385
0.003175,0.9255091008,0.02707432574,0.04438002952,0.9556199705,0.9205866637,0.8653264979,0.9349735159,0.8212719509,0.7600946648,0.7560520053,0.7106683812,0.2058466581,8.032470149e-30,12122.52507,0.8837599671,85.76413092,3.289910105e-27,1.744737402e-27,1.657851222e-06,13.3475795,14.08623905,0,0.1787280491,2.886579864e-15,0.02205337242,7.041460597e-08,0.07759382042,0.0001091573906,0.001008835985,0.004227239524,0.01196047088,0.02707432574,1.619222077e-05,0.0003078263709,0.001694638765,0.004069511394,0.00815769041,0.01586501055,0.9255091008
0.0032,0.925647403,0.02701703048,0.04429324545,0.9557067546,0.921210096,0.8659648415,0.9355234387,0.8210565902,0.7600089004,0.7563656202,0.7110061399,0.2037202197,7.950912492e-30,11999.43905,0.8849402099,84.35528904,3.234876326e-27,1.725519527e-27,1.650548988e-06,13.39786331,14.13635243,0,0.1789434098,2.664535259e-15,0.02177256411,6.960769803e-08,0.07751548737,0.0001089663401,0.001007109589,0.004220044527,0.01194009451,0.02701703048,1.616362411e-05,0.0003072970462,0.00169175108,0.004062577487,0.008143799289,0.01583776301,0.925647403
0.003225,0.9257824395,0.02696106419,0.0442084955,0.9557915045,0.9218221237,0.8665911792,0.9360635309,0.8208437596,0.7599227382,0.7566719377,0.7113359615,0.201628675,7.870717581e-30,11878.40968,0.886100732,82.97261129,3.180888982e-27,1.706564709e-27,1.643348135e-06,13.44806538,14.1863598,0,0.1791562404,2.664535259e-15,0.02149590335,6.881630432e-08,0.07743856534,0.0001087800026,0.001005425343,0.004213023266,0.0119202027,0.02696106419,1.61357364e-05,0.0003067807268,0.001688933629,0.004055810227,0.008130238909,0.01581116577,0.9257824395
0.00325,0.9259143023,0.02690638942,0.04412572233,0.9558742777,0.9224229915,0.8672057794,0.9365939993,0.8206334204,0.7598362209,0.7569711346,0.7116580449,0.1995713757,7.791859501e-30,11759.39784,0.8872419085,81.61551731,3.127924248e-27,1.687869394e-27,1.636246978e-06,13.49818756,14.23626353,0,0.1793665796,2.442490654e-15,0.02122332799,6.804008263e-08,0.07736301251,0.0001085982409,0.001003782034,0.004206170797,0.01190078184,0.02690638942,1.610853689e-05,0.0003062770359,0.0016861844,0.004049204893,0.008116999975,0.01578520052,0.9259143023
0.003275,0.9260430791,0.02685297137,0.04404487188,0.9559551281,0.9230129377,0.8678089026,0.9371150459,0.8204255345,0.7597493882,0.7572633828,0.7119725828,0.1975476891,7.714312979e-30,11642.36539,0.888364105,80.28344835,3.075959155e-27,1.669430108e-27,1.629243875e-06,13.54823162,14.28606595,0,0.1795744655,2.442490654e-15,0.02095477732,6.727869961e-08,0.07728877243,0.0001084209224,0.00100217849,0.004199482339,0.01188181877,0.02685297137,1.608200553e-05,0.0003057856094,0.001683501445,0.004042756922,0.00810407348,0.01575984953,0.9260430791
0.0033,0.9261688542,0.02680077679,0.04396589234,0.9560341077,0.9235921942,0.8684008024,0.9376268685,0.8202200644,0.7596622773,0.757548849,0.7122797621,0.1955569972,7.638053323e-30,11527.27507,0.889467679,78.97585609,3.024971231e-27,1.651243433e-27,1.622337222e-06,13.59819929,14.33576931,0,0.1797799356,2.220446049e-15,0.020690192,6.653183049e-08,0.07721582505,0.0001082479192,0.001000613579,0.004192953273,0.01186330078,0.02680077679,1.605612297e-05,0.0003053060959,0.001680882887,0.004036461899,0.00809145075,0.0157350957,0.9261688542
0.003325,0.9262917099,0.02674977263,0.04388873271,0.9561112673,0.9241609871,0.8689817256,0.9381296587,0.8200169732,0.7595749242,0.7578276954,0.7125797644,0.1935986955,7.563056403e-30,11414.09045,0.8905529795,77.69219915,2.974938344e-27,1.633305975e-27,1.615525454e-06,13.64809224,14.38537582,0,0.1799830268,2.442490654e-15,0.02042951305,6.579915885e-08,0.07714415669,0.0001080791075,0.0009990862049,0.004186579135,0.01184521563,0.02674977263,1.603087052e-05,0.0003048381557,0.001678326908,0.004030315561,0.008079123415,0.0157109225,0.9262917099
0.00335,0.9264117266,0.02669992619,0.04381334292,0.9561866571,0.9247195365,0.8695519121,0.9386236024,0.8198162246,0.7594873641,0.7581000793,0.7128727657,0.1916721917,7.489298601e-30,11302.7759,0.8916203485,76.43195689,2.92583919e-27,1.615614353e-27,1.608807039e-06,13.69791212,14.43488762,0,0.1801837754,2.220446049e-15,0.02017268175,6.508037631e-08,0.0770737494,0.0001079143681,0.0009975953118,0.00418035561,0.01182755144,0.02669992619,1.600623013e-05,0.0003043814606,0.001675831752,0.004024313787,0.008067083353,0.01568731393,0.9264117266
0.003375,0.9265289818,0.02665120621,0.04373967487,0.9562603251,0.9252680573,0.8701115956,0.9391088813,0.8196177831,0.75939963,0.7583661539,0.713158937,0.1897769059,7.416756799e-30,11193.29653,0.8926701204,75.19462845,2.877653241e-27,1.598165245e-27,1.602180476e-06,13.74766052,14.48430677,0,0.1803822169,2.220446049e-15,0.01991964044,6.437518235e-08,0.07700456453,0.0001077535855,0.000996139877,0.004174278525,0.01181029667,0.02665120621,1.598218437e-05,0.0003039356935,0.001673395721,0.004018452588,0.008055322688,0.0156642545,0.9265289818
0.0034,0.9266435488,0.02660358399,0.04366768359,0.9563323164,0.9258067583,0.8706610032,0.9395856738,0.8194216134,0.7593117518,0.7586260676,0.713438444,0.187912272,7.345408439e-30,11085.61828,0.8937026217,73.97972245,2.830360386e-27,1.580955414e-27,1.595644302e-06,13.79733897,14.53363532,0,0.1805783866,2.664535259e-15,0.01967033287,6.368328402e-08,0.07693657233,0.0001075966481,0.0009947189122,0.00416834384,0.0117934402,0.02660358399,1.595871638e-05,0.0003035005478,0.001671017176,0.004012728105,0.00804383381,0.01564172923,0.9266435488
0.003425,0.9267554996,0.02655703089,0.04359732474,0.9564026753,0.9263358435,0.8712003564,0.9400541533,0.8192276812,0.759223759,0.7588799651,0.7137114479,0.1860777357,7.275231451e-30,10979.70786,0.8947181717,72.78675802,2.783941002e-27,1.563981648e-27,1.589197088e-06,13.846949,14.58287522,0,0.1807723188,2.664535259e-15,0.01942470341,6.300439573e-08,0.07686974814,0.0001074434481,0.0009933314615,0.00416254765,0.01177697129,0.02655703089,1.593580989e-05,0.0003030757272,0.001668694526,0.004007136605,0.008032609387,0.01561972364,0.9267554996
0.00345,0.9268649048,0.02651151784,0.04352855403,0.956471446,0.9268555117,0.8717298708,0.9405144873,0.8190359526,0.7591356803,0.7591279869,0.7139781052,0.1842727543,7.206204231e-30,10875.53266,0.8957170832,71.61526509,2.738375911e-27,1.547240731e-27,1.582837431e-06,13.89649208,14.6320284,0,0.1809640474,2.664535259e-15,0.0191826967,6.233823905e-08,0.07680407539,0.0001072938814,0.0009919766006,0.004156886178,0.01176087953,0.02651151784,1.591344913e-05,0.0003026609449,0.001666426238,0.004001674477,0.008021642309,0.01559822371,0.9268649048
0.003475,0.9269718327,0.02646701732,0.04346132917,0.9565386708,0.9273659565,0.872249756,0.9409668398,0.8188463942,0.7590475427,0.7593702695,0.7142385676,0.1824967965,7.138305656e-30,10773.0608,0.8966996617,70.46479252,2.693646681e-27,1.530729489e-27,1.576563963e-06,13.94596962,14.68109673,0,0.1811536058,2.664535259e-15,0.01894425818,6.168454248e-08,0.07673953666,0.0001071478471,0.000990653435,0.004151355767,0.0117451548,0.02646701732,1.589161891e-05,0.0003022559237,0.001664210824,0.003996338226,0.00801092566,0.01557721586,0.9269718327
0.0035,0.9270763483,0.0264235035,0.04339561005,0.95660439,0.9278673669,0.8727602167,0.9414113717,0.8186589732,0.7589593713,0.7596069458,0.7144929828,0.1807493423,7.071515047e-30,10672.26106,0.8976662065,69.33490108,2.649735373e-27,1.514444818e-27,1.570375341e-06,13.99538302,14.73008203,0,0.1813410268,2.442490654e-15,0.01870933455,6.104304124e-08,0.07667610276,0.0001070052477,0.0009893610994,0.004145952876,0.01172978732,0.0264235035,1.587030449e-05,0.0003018603954,0.001662046848,0.003991124467,0.008000452752,0.01555668691,0.9270763483
0.003525,0.9271785143,0.02638095156,0.04333135801,0.956668642,0.9283599273,0.8732614518,0.94184824,0.8184736573,0.7588711896,0.759838145,0.7147414943,0.1790298826,7.00581218e-30,10573.10294,0.8986170104,68.22515669,2.606624303e-27,1.498383667e-27,1.564270253e-06,14.04473364,14.77898607,0,0.1815263427,2.220446049e-15,0.01847787331,6.041347709e-08,0.07661374669,0.0001068659888,0.0009880987561,0.004140674077,0.01171476764,0.02638095156,1.584949164e-05,0.0003014741005,0.001659932916,0.00398602992,0.007990217133,0.01553662415,0.9271785143
0.00355,0.9272783925,0.02633933642,0.04326853464,0.9567314654,0.9288438174,0.8737536554,0.9422775969,0.8182904149,0.7587830205,0.7600639927,0.7149842412,0.1773379192,6.94117727e-30,10475.55657,0.8995523595,67.1351391,2.564296368e-27,1.482542996e-27,1.558247416e-06,14.09402279,14.82781057,0,0.1817095851,2.442490654e-15,0.01824982232,5.979559813e-08,0.07655243942,0.0001067299793,0.0009868655944,0.004135516054,0.0117000866,0.02633933642,1.582916659e-05,0.0003010967879,0.001657867681,0.003981051413,0.007980212554,0.01551701526,0.9272783925
0.003575,0.9273760436,0.02629863312,0.04320710199,0.956792898,0.9293192127,0.8742370167,0.9426995907,0.8181092147,0.7586948867,0.7602846113,0.7152213592,0.1756729637,6.877590934e-30,10379.5927,0.9004725344,66.06444052,2.522734959e-27,1.46691977e-27,1.55230557e-06,14.14325177,14.87655722,0,0.1818907853,2.220446049e-15,0.0180251301,5.918915862e-08,0.07649217283,0.0001065971307,0.0009856608295,0.004130475592,0.01168573531,0.02629863312,1.5809316e-05,0.0003007282144,0.001655849838,0.003976185873,0.007970432939,0.01549784828,0.9273760436
0.0036,0.9274715249,0.02625881877,0.04314702456,0.9568529754,0.9297862842,0.8747117197,0.9431143666,0.817930026,0.7586068085,0.7605001196,0.7154529797,0.1740345386,6.815034232e-30,10285.18274,0.9013778093,65.01266285,2.481923859e-27,1.451511021e-27,1.546443484e-06,14.19242182,14.92522766,0,0.182069974,2.220446049e-15,0.01780374624,5.85939188e-08,0.07643293119,0.0001064673575,0.0009844837012,0.004125549578,0.01167170515,0.02625881877,1.578992698e-05,0.0003003681446,0.001653878125,0.003971430322,0.007960872389,0.01547911162,0.9274715249
0.003625,0.927564892,0.02621987139,0.04308826821,0.9569117318,0.9302451989,0.8751779443,0.9435220671,0.8177528187,0.7585188049,0.7607106334,0.7156792307,0.1724221757,6.7534886e-30,10192.29867,0.9022684526,63.97941757,2.441847277e-27,1.436313835e-27,1.540659952e-06,14.24153418,14.97382348,0,0.1822471813,2.664535259e-15,0.01758562118,5.800964471e-08,0.07637468717,0.000106340577,0.0009833334734,0.004120734995,0.01165798777,0.02621987139,1.577098703e-05,0.0003000163507,0.001651951315,0.003966781871,0.007951525209,0.01546079406,0.927564892
0.00365,0.9276561993,0.02618176888,0.04303079906,0.9569692009,0.93069612,0.8756358656,0.9439228307,0.8175775629,0.7584308946,0.7609162656,0.715900237,0.1708354159,6.69293585e-30,10100.91306,0.9031447278,62.96432377,2.402489747e-27,1.421325328e-27,1.534953789e-06,14.29059002,15.02234625,0,0.1824224371,2.664535259e-15,0.01737070583,5.743610805e-08,0.07631740674,0.0001062167091,0.000982209433,0.00411602892,0.01164457511,0.02618176888,1.575248408e-05,0.0002996726119,0.001650068225,0.003962237725,0.007942385892,0.01544288474,0.9276561993
0.003675,0.9277454997,0.02614448969,0.0429745841,0.9570254159,0.9311392065,0.8760856542,0.9443167922,0.8174042295,0.7583430954,0.7611171257,0.7161161192,0.1692738103,6.633358206e-30,10010.99906,0.9040068918,61.96701284,2.363836296e-27,1.406542634e-27,1.529323838e-06,14.3395905,15.07079747,0,0.1825957705,2.442490654e-15,0.01715895167,5.6873086e-08,0.07626107248,0.000106095676,0.0009811108891,0.004111428523,0.01163145932,0.02614448969,1.573440641e-05,0.0002993367144,0.001648227704,0.003957795174,0.007933449076,0.01542537311,0.9277454997
0.0037,0.9278328447,0.02610801293,0.04291959134,0.9570804087,0.9315746138,0.8765274768,0.9447040831,0.8172327898,0.7582554241,0.7613133205,0.7163269952,0.1677369191,6.574738252e-30,9922.530404,0.9048551969,60.98712681,2.325872387e-27,1.39196292e-27,1.523768964e-06,14.38853677,15.11917864,0,0.1827672102,2.220446049e-15,0.01695031113,5.632036105e-08,0.07620568045,0.0001059774025,0.0009800371722,0.004106931056,0.01161863277,0.02610801293,1.571674268e-05,0.000299008451,0.00164642864,0.00395345159,0.007924709557,0.01540824895,0.9278328447
0.003725,0.9279182836,0.0260723189,0.0428657903,0.9571342097,0.9320024935,0.8769614959,0.9450848328,0.8170632153,0.7581678964,0.761504954,0.7165329796,0.1662243111,6.517058935e-30,9835.481344,0.9056898898,60.02431118,2.288583643e-27,1.377583408e-27,1.518288053e-06,14.43742992,15.16749118,0,0.1829367847,1.998401444e-15,0.01674473744,5.57777209e-08,0.07615121426,0.0001058618158,0.0009789876334,0.004102533857,0.0116060881,0.0260723189,1.569948192e-05,0.000298687621,0.001644669951,0.003949204423,0.007916162295,0.01539150233,0.9279182836
0.00375,0.928001864,0.02603738847,0.04281315146,0.9571868485,0.9324229937,0.8773878698,0.9454591675,0.8168954784,0.7580805267,0.7616921275,0.7167341837,0.1647355639,6.460303545e-30,9749.826668,0.9065112123,59.07822321,2.251956186e-27,1.363401365e-27,1.512880015e-06,14.48627103,15.21573652,0,0.1831045216,2.220446049e-15,0.01654218441,5.524495825e-08,0.0760976408,0.0001057488453,0.0009779616438,0.004098234346,0.01159381815,0.02603738847,1.568261347e-05,0.0002983740298,0.001642950593,0.003945051202,0.007907802414,0.01537512364,0.928001864
0.003775,0.9280836332,0.02600320232,0.04276164534,0.9572383547,0.9328362593,0.8778067533,0.9458272098,0.8167295516,0.7579933296,0.7618749398,0.716930716,0.1632702628,6.404455702e-30,9665.541651,0.9073194015,58.1485294,2.215976508e-27,1.34941408e-27,1.507543777e-06,14.53506114,15.26391602,0,0.1832704484,1.998401444e-15,0.01634260632,5.472187073e-08,0.07604493024,0.0001056384225,0.0009769585935,0.004094030018,0.01158181599,0.02600320232,1.566612703e-05,0.0002980674889,0.00164126955,0.00394098953,0.007899625175,0.01535910356,0.9280836332
0.0038,0.9281636364,0.02596974211,0.0427112438,0.9572887562,0.9332424314,0.8782182971,0.9461890799,0.8165654079,0.7579063184,0.7620534867,0.7171226821,0.1618280025,6.349499392e-30,9582.602128,0.908114689,57.23490262,2.180631356e-27,1.335618878e-27,1.502278291e-06,14.58380128,15.31203102,0,0.1834345921,1.998401444e-15,0.01614595832,5.420826071e-08,0.07599307933,0.0001055304812,0.0009759778912,0.004089918445,0.01157007488,0.02596974211,1.565001261e-05,0.0002977678154,0.001639625839,0.003937017083,0.007891625972,0.01534343303,0.9281636364
0.003825,0.9282419175,0.02593699022,0.04266191967,0.9573380803,0.933641648,0.8786226485,0.9465448952,0.8164030209,0.7578195056,0.7622278619,0.7173101845,0.1604083857,6.295418926e-30,9500.98442,0.9088973019,56.33702498,2.14590787e-27,1.322013126e-27,1.497082528e-06,14.63249244,15.36008282,0,0.1835969791,1.998401444e-15,0.01595219635,5.370393519e-08,0.0759420821,0.0001054249569,0.0009750189633,0.004085897272,0.01155858826,0.02593699022,1.563426051e-05,0.0002974748321,0.001638018504,0.003933131603,0.007883800335,0.01532810326,0.9282419175
0.00385,0.9283185192,0.02590492926,0.04261364632,0.9573863537,0.9340340443,0.8790199514,0.9468947707,0.8162423644,0.7577329031,0.7623981568,0.7174933235,0.1590110222,6.242198907e-30,9420.665289,0.9096674631,55.45458339,2.111793407e-27,1.308594226e-27,1.491955476e-06,14.68113561,15.4080727,0,0.1837576356,1.776356839e-15,0.01576127693,5.320870567e-08,0.07589191733,0.0001053217873,0.0009740812537,0.004081964212,0.01154734981,0.02590492926,1.561886135e-05,0.000297188367,0.001636446619,0.003929330901,0.007876143942,0.01531310574,0.9283185192
0.003875,0.9283934829,0.0258735426,0.04256639815,0.9574336019,0.9344197517,0.8794103458,0.9472388185,0.8160834128,0.757646522,0.76256446,0.7176721963,0.1576355301,6.189824266e-30,9341.621995,0.9104253906,54.58727355,2.078275673e-27,1.295359624e-27,1.486896146e-06,14.72973173,15.4560019,0,0.1839165872,1.776356839e-15,0.01557315704,5.272238805e-08,0.07584255069,0.000105220912,0.0009731642225,0.004078117047,0.01153635336,0.0258735426,1.560380601e-05,0.0002969082533,0.001634909287,0.003925612851,0.007868652584,0.01529843218,0.9283934829
0.0039,0.9284668489,0.02584281378,0.04252014995,0.95747985,0.9347988992,0.8797939689,0.9475771482,0.8159261408,0.7575603729,0.7627268582,0.7178468977,0.1562815344,6.138280227e-30,9263.832238,0.9111712982,59.96570703,2.302415283e-27,1.282306794e-27,1.481903563e-06,14.77828172,15.50387163,0,0.1840738592,1.776356839e-15,0.01538779441,5.224480246e-08,0.07579396555,0.0001051222723,0.000972267346,0.004074353624,0.01152559293,0.02584281378,1.558908566e-05,0.0002966343293,0.001633405634,0.003921975391,0.007861322174,0.01528407455,0.9284668489
0.003925,0.9285386563,0.02581272692,0.04247487741,0.9575251226,0.9351716126,0.8801709544,0.9479098671,0.8157705235,0.7574744658,0.762885436,0.7180175202,0.1549486679,6.087552318e-30,9187.274176,0.9119053954,58.96927244,2.262754926e-27,1.269433247e-27,1.476976772e-06,14.82678649,15.55168308,0,0.1842294765,1.776356839e-15,0.01520514753,5.177577319e-08,0.07574616387,0.0001050258111,0.0009713901162,0.004070671853,0.01151506271,0.02581272692,1.557469173e-05,0.0002963664379,0.001631934816,0.003918416517,0.007854148745,0.01527002504,0.9285386563
0.00395,0.928608943,0.02578326691,0.04243055718,0.9575694428,0.935538015,0.8805414328,0.9482370803,0.8156165364,0.7573888098,0.7630402755,0.7181841536,0.1536365711,6.037626372e-30,9111.926429,0.9126278872,46.92929226,1.767631086e-27,1.256736533e-27,1.472114838e-06,14.87524692,15.59943741,0,0.1843834636,1.554312234e-15,0.01502517552,5.131512859e-08,0.07569913611,0.0001049314734,0.0009705320396,0.004067069703,0.01150475705,0.02578326691,1.556061592e-05,0.0002961044269,0.00163049601,0.003914934284,0.007847128447,0.01525627607,0.928608943
0.003975,0.9286777458,0.02575441857,0.0423871661,0.9576128339,0.9358982266,0.8809055318,0.94855889,0.8154641556,0.7573034138,0.7631914571,0.7183468856,0.1523448905,5.988488476e-30,9037.767999,0.9133389749,24.97618814,8.65017242e-28,1.244214229e-27,1.467316839e-06,14.92366388,15.64713573,0,0.1845358444,1.554312234e-15,0.01484783793,5.086270089e-08,0.07565285545,0.0001048392056,0.0009696926375,0.004063545204,0.01149467048,0.02575441857,1.554685014e-05,0.0002958481483,0.001629088419,0.003911526804,0.007840257541,0.0152428203,0.9286777458
0.004,0.9287451009,0.02572616727,0.04234468178,0.9576553182,0.9362523651,0.881263376,0.9488753966,0.8153133571,0.7572182861,0.7633390589,0.7185058016,0.1510732795,5.940124993e-30,8964.778306,0.9140388558,-2.103965001,-2.467647848e-28,1.231863948e-27,1.462581871e-06,14.97203821,15.69477916,0,0.1846866429,1.33226763e-15,0.01467309492,5.041832617e-08,0.07560729531,0.0001047489555,0.0009688714448,0.004060096444,0.01148479767,0.02572616727,1.553338659e-05,0.0002955974586,0.001627711268,0.003908192242,0.007833532389,0.01522965056,0.9287451009
0.004025,0.9365142405,0.01983701317,0.03571193526,0.9642880647,0.935011671,0.8862084066,0.9462839626,0.8151703243,0.7634186172,0.7621937671,0.7224107942,0.1524944573,6.002806677e-30,9059.376888,0.9131317724,-27.92145802,-1.304067711e-27,1.11672015e-27,1.468716242e-06,15.01985999,15.73941279,0,0.1848296757,1.33226763e-15,0.01463083344,4.996909465e-08,0.04692232961,0.0001046008673,0.0009643547839,0.003989720581,0.01081624585,0.01983701317,1.551612878e-05,0.0002950000662,0.001616748767,0.003815308982,0.007366491519,0.01466475876,0.9365142405
0.00405,0.9430468643,0.01667348006,0.03128275783,0.9687172422,0.933870995,0.8901952686,0.9439565543,0.8150407039,0.7686215801,0.7611428731,0.7255453784,0.1538135707,6.060898701e-30,9147.048799,0.9122911071,-46.4226446,-2.057937327e-27,1.013633704e-27,1.474382786e-06,15.06539103,15.7789387,0,0.1849592961,1.33226763e-15,0.01459185832,4.932662191e-08,0.02912027215,0.0001036949842,0.0009379649375,0.003762355505,0.009805262349,0.01667348006,1.543494017e-05,0.0002906672976,0.001557673806,0.003550956946,0.006708133855,0.01354751105,0.9430468643
0.004075,0.9484528268,0.01464767166,0.02802712934,0.9719728707,0.932821814,0.8933211896,0.9418720302,0.8149225068,0.7729155552,0.760177491,0.7279875432,0.1550291462,6.114430672e-30,9227.838724,0.9115164316,-53.71980295,-2.349346493e-27,9.2918913e-28,1.479588899e-06,15.10804316,15.81441195,0,0.1850774932,1.33226763e-15,0.01455486072,4.813794034e-08,0.01807221119,0.0001010871158,0.0008881754295,0.003475487822,0.008914707312,0.01464767166,1.517425768e-05,0.0002797136484,0.001458681011,0.003253434508,0.006129820992,0.01238321942,0.9484528268
0.0041,0.9529010511,0.01318527147,0.02549214639,0.9745078536,0.9318492406,0.8957263027,0.9399992808,0.8148136014,0.7764367372,0.7592834357,0.7298499745,0.1561510212,6.163890791e-30,9302.483451,0.9108006809,-49.82155617,-2.180160463e-27,8.610222464e-28,1.4843859e-06,15.14796668,15.84662457,0,0.1851863986,1.33226763e-15,0.01451885181,4.623950242e-08,0.01121571995,9.671208538e-05,0.0008273567025,0.003196872,0.008185934127,0.01318527147,1.467833707e-05,0.0002636641146,0.001348346521,0.002984663493,0.005644145357,0.01135130467,0.9529010511
0.004125,0.9565563938,0.0120589434,0.02345966218,0.9765403378,0.9309387255,0.897544353,0.9383078289,0.814712233,0.7793181956,0.7584471679,0.7312403641,0.157192083,6.209872037e-30,9371.877895,0.9101352739,-40.27611998,-1.780400535e-27,8.056120724e-28,1.488834358e-06,15.18551477,15.87618372,0,0.185287767,1.33226763e-15,0.01448318965,4.373877954e-08,0.006960541386,9.11805807e-05,0.00076598109,0.002950297863,0.007593259244,0.0120589434,1.398162351e-05,0.00024557153,0.00124387194,0.002756081849,0.005239595387,0.01048484171,0.9565563938
0.00415,0.95956095,0.01116350809,0.02180749243,0.9781925076,0.9300778263,0.8988887123,0.9367708349,0.8146170364,0.7816746974,0.7576572425,0.7322500589,0.1581650899,6.25294388e-30,9436.881498,0.9095119697,-37.73921983,-1.672336526e-27,7.600319382e-28,1.492991739e-06,15.22105912,15.90356924,0,0.1853829636,1.33226763e-15,0.01444748757,4.08819497e-08,0.004319752688,8.522088422e-05,0.0007095311375,0.002739998696,0.007109233621,0.01116350809,1.316617571e-05,0.0002277749555,0.001151706229,0.002565048901,0.004904064317,0.009769796953,0.95956095
0.004175,0.9620321232,0.01044044558,0.02045581688,0.9795441831,0.9292563853,0.8998515435,0.9353653811,0.8145269514,0.7836010924,0.7569043705,0.7329533344,0.1590815631,6.29361154e-30,9498.25673,0.9089234571,-35.66672803,-1.584476531e-27,7.221041198e-28,1.496908638e-06,15.25493439,15.92916849,0,0.1854730486,1.554312234e-15,0.01441153013,3.791942166e-08,0.00268086378,7.938768163e-05,0.0006600285318,0.002563505142,0.006712449944,0.01044044558,1.23162247e-05,0.0002115202168,0.001072987116,0.002406362039,0.004626550946,0.009182323398,0.9620321232
0.0042,0.9640657533,0.009851797563,0.01934651824,0.9806534818,0.9284662625,0.9005068252,0.9340719989,0.8144411434,0.7851748144,0.7561811245,0.7334098084,0.1599514955,6.332307938e-30,9556.656955,0.9083634711,-33.97670869,-1.513073738e-27,6.902345281e-28,1.500628164e-06,15.28742671,15.95329763,0,0.1855588566,1.554312234e-15,0.01437521356,3.503997378e-08,0.001663759739,7.400992595e-05,0.0006177151197,0.00241653415,0.006386461478,0.009851797563,1.149522869e-05,0.0001972770135,0.001006799694,0.002274929016,0.004397399875,0.008699827684,0.9640657533
0.004225,0.9657399947,0.009370381405,0.01843465887,0.9815653411,0.9277009869,0.9009138413,0.9328741133,0.8143589451,0.7864590033,0.755481597,0.7336672454,0.1607833737,6.369397444e-30,9612.632073,0.9078267389,-32.60314672,-1.455182813e-27,6.632412248e-28,1.504186435e-06,15.31877591,15.97621609,0,0.1856410549,1.33226763e-15,0.01433850588,3.235946718e-08,0.001032539023,6.923807363e-05,0.0005820619511,0.002294658921,0.006118318518,0.009370381405,1.074159493e-05,0.0001850903521,0.0009516035645,0.002166264755,0.004208358343,0.008303287805,0.9657399947
0.00425,0.9671187164,0.008975595361,0.01768443419,0.9823155658,0.9269554343,0.9011201871,0.9317575721,0.8142798139,0.7875052485,0.7548010986,0.7337639783,0.1615843155,6.405183467e-30,9666.639987,0.9073088698,-31.49137793,-1.408401625e-27,6.402295192e-28,1.507613409e-06,15.34918133,15.99813718,0,0.1857201861,1.33226763e-15,0.01430142033,2.993461273e-08,0.000640799756,6.510786311e-05,0.0005522718148,0.002193840883,0.005897618264,0.008975595361,1.007325122e-05,0.0001748091724,0.0009057858908,0.002076533397,0.004052489672,0.007977158025,0.9671187164
0.004275,0.9682542425,0.008651314733,0.01706688828,0.9829331117,0.9262255558,0.9011641678,0.9307102703,0.814203304,0.7883558034,0.7541359078,0.7337308429,0.162360241,6.439916848e-30,9719.059264,0.9068062337,-30.5956386,-1.370740589e-27,6.205078265e-28,1.510933774e-06,15.37880807,16.01923652,0,0.185796696,1.33226763e-15,0.01426399734,2.778221719e-08,0.0003976840759,6.159110724e-05,0.0005275074932,0.002110568001,0.00571590695,0.008651314733,9.494305376e-06,0.0001662096657,0.0008678588218,0.002002497641,0.003924016209,0.007708792535,0.9682542425
0.0043,0.9691895258,0.008384676759,0.01655842041,0.9834415796,0.9255081565,0.9010766785,0.9297218496,0.8141290442,0.7890453423,0.7534830709,0.733592695,0.1631160434,6.473803869e-30,9770.201224,0.9063158455,-29.87757789,-1.340546331e-27,6.035313714e-28,1.514167772e-06,15.40779255,16.03965876,0,0.1858709558,1.33226763e-15,0.01422629241,2.589548851e-08,0.0002468050631,5.862915217e-05,0.0005069873559,0.0020418545,0.005566272638,0.008384676759,9.000782498e-06,0.0001590553779,0.00083651862,0.001941447465,0.003818148168,0.007487883405,0.9691895258
0.004325,0.9699598767,0.008165299753,0.01613971007,0.9838602899,0.9248007178,0.900882681,0.9287834504,0.8140567235,0.7896023591,0.7528402422,0.7333696035,0.1638557482,6.507013451e-30,9820.320799,0.9058352607,-29.30515576,-1.316447209e-27,5.888638818e-28,1.517331937e-06,15.43624741,16.05952305,0,0.1859432765,1.33226763e-15,0.01418836782,2.425541797e-08,0.0001531686654,5.615264201e-05,0.0004900195996,0.001985192607,0.005443045472,0.008165299753,8.584672104e-06,0.000153124017,0.0008106512774,0.001891126338,0.003730924349,0.007306002569,0.9699598767
0.00435,0.970594352,0.007984741979,0.01579489961,0.9842051004,0.9241012558,0.9006023698,0.927887503,0.813986079,0.7900502909,0.7522055578,0.7330777917,0.1645826529,6.539683418e-30,9869.625993,0.9053624849,-28.85171713,-1.297309051e-27,5.761509263e-28,1.520439728e-06,15.46426557,16.07892756,0,0.186013921,1.33226763e-15,0.01415028721,2.283786508e-08,9.505736947e-05,5.409221167e-05,0.0004760088555,0.001938490735,0.005341565827,0.007984741979,8.236460104e-06,0.0001482177567,0.00078931794,0.001849661911,0.003659073062,0.007156241236,0.970594352
0.004375,0.9711168777,0.007836106194,0.01551095264,0.9844890474,0.9234082091,0.9002520996,0.9270275497,0.8139168877,0.7904084267,0.7515775357,0.7327303871,0.1652994495,6.571925865e-30,9918.285977,0.9048958957,-28.49518124,-1.282197397e-27,5.651009467e-28,1.523502071e-06,15.49192367,16.09795319,0,0.1860831123,1.33226763e-15,0.0141121121,2.161759562e-08,5.899315937e-05,5.238369981e-05,0.0004644508992,0.001900011799,0.005258000044,0.007836106194,7.946566664e-06,0.0001441656696,0.0007717337592,0.001815504129,0.003599894086,0.007032925467,0.9711168777
0.0044,0.971547163,0.00771373956,0.01527714141,0.9847228586,0.9227203498,0.8998451265,0.9261980898,0.8138489592,0.7906926474,0.7509549963,0.7323380196,0.1660083282,6.603831693e-30,9966.437939,0.9044341779,-28.21732955,-1.270344984e-27,5.554715079e-28,1.52652781e-06,15.51928489,16.1166666,0,0.1861510408,1.33226763e-15,0.01407389979,2.057038598e-08,3.661149969e-05,5.097025485e-05,0.0004549228142,0.001868316945,0.005189191839,0.00771373956,7.706079312e-06,0.0001408225919,0.0007572458939,0.001787371644,0.00355115982,0.006931389535,0.971547163
0.004425,0.971901448,0.007612999801,0.01508463246,0.9849153675,0.9220367127,0.8993922023,0.9253944463,0.8137821305,0.790916031,0.7503370005,0.7319093026,0.1667110655,6.63547441e-30,10014.19282,0.9039762677,-28.00318545,-1.261123861e-27,5.47059165e-28,1.529524084e-06,15.5464013,16.1351227,0,0.1862178695,1.554312234e-15,0.01403570218,1.967398892e-08,2.27213108e-05,4.980277885e-05,0.0004470720269,0.00184221636,0.005132541497,0.007612999801,7.507066097e-06,0.000138066534,0.000745313023,0.001764206255,0.003511033071,0.006847793543,0.971901448
0.00445,0.9721931161,0.007530069598,0.01492614933,0.9850738507,0.9213565402,0.8989020526,0.9246126493,0.8137162618,0.7910893482,0.7497227997,0.731451218,0.1674090985,6.666913308e-30,10061.64009,0.903521307,-27.84047925,-1.254021652e-27,5.396918814e-28,1.532496646e-06,15.57331582,16.15336674,0,0.1862837382,1.33226763e-15,0.01399756535,1.890846966e-08,1.410097836e-05,4.883954613e-05,0.0004406057514,0.001820727265,0.005085907167,0.007530069598,7.342654907e-06,0.0001357956649,0.0007354872158,0.001745134612,0.00347799892,0.006778975547,0.9721931161
0.004475,0.972433197,0.007461807379,0.01479569676,0.9852043032,0.9206792377,0.8983817622,0.9238493348,0.813651233,0.7912214697,0.749111797,0.7309694285,0.1681035859,6.698196083e-30,10108.85175,0.9030686055,-27.71919067,-1.248621458e-27,5.332232738e-28,1.535450118e-06,15.6000638,16.171436,0,0.186348767,1.554312234e-15,0.01395952954,1.825621591e-08,8.751149628e-06,4.804546159e-05,0.0004352814729,0.001803038488,0.00504752396,0.007461807379,7.206992268e-06,0.0001339253486,0.0007273983242,0.001729436255,0.003450808378,0.006722330981,0.972433197
0.0045,0.9726307812,0.007405626356,0.01468833458,0.9853116654,0.9200043393,0.897837086,0.9231016572,0.8135869407,0.7913197017,0.7485035158,0.730468528,0.1687954601,6.72936101e-30,10155.88555,0.9026176095,-27.63116067,-1.244584977e-27,5.275281778e-28,1.538388207e-06,15.62667438,16.18936119,0,0.1864130593,1.776356839e-15,0.01392162934,1.770179394e-08,5.431014634e-06,4.739120708e-05,0.0004308986595,0.001788480853,0.005015937504,0.007405626356,7.095147147e-06,0.0001323854421,0.0007207407583,0.001716517037,0.003428431827,0.006675713984,0.9726307812
0.004525,0.9727933608,0.007359395882,0.0145999918,0.9854000082,0.91933148,0.8972727008,0.9223672128,0.8135232957,0.7913900609,0.7478975755,0.7299522447,0.1694854688,6.760438727e-30,10202.78774,0.9021678755,-27.56976418,-1.241638377e-27,5.224991784e-28,1.541313878e-06,15.65317157,16.2071676,0,0.1864767043,1.554312234e-15,0.01388389419,1.723174368e-08,3.370519442e-06,4.685240106e-05,0.0004272916873,0.001776502529,0.004989949297,0.007359395882,7.002995803e-06,0.0001311179254,0.0007152623886,0.001705887104,0.003410020591,0.006637356437,0.9727933608
0.00455,0.9729271097,0.007321360708,0.0145273137,0.9854726863,0.9186603746,0.8966924086,0.9216439748,0.8134602216,0.7914375023,0.7472936719,0.7294236054,0.1701742099,6.79145369e-30,10249.59522,0.9017190496,-27.52963588,-1.239560542e-27,5.180438523e-28,1.544229499e-06,15.67957512,16.22487607,0,0.1865397784,1.33226763e-15,0.01384634885,1.683435994e-08,2.091764076e-06,4.640882901e-05,0.0004243238745,0.00176664858,0.004968571713,0.007321360708,6.92710641e-06,0.0001300748689,0.0007107552904,0.001697142669,0.00339487521,0.006605801424,0.9729271097
0.004575,0.973037116,0.007290074725,0.01446753596,0.985532464,0.9179907999,0.8960993011,0.9209302363,0.8133976521,0.7914661056,0.7466915613,0.7288850676,0.1708621606,6.822425376e-30,10296.33738,0.90127085,-27.5064415,-1.238173335e-27,5.140825405e-28,1.547136955e-06,15.70590131,16.24250375,0,0.1866023479,1.554312234e-15,0.01380901392,1.649948265e-08,1.298161018e-06,4.604376587e-05,0.0004218824887,0.001758544041,0.004950990942,0.007290074725,6.864632355e-06,0.0001292167152,0.0007070480522,0.001689950946,0.003382419272,0.006579848469,0.973037116
0.0046,0.9731275717,0.007264346494,0.01441838085,0.9855816192,0.917322582,0.8954958933,0.9202245619,0.8133355306,0.7914792299,0.7460910489,0.7283386276,0.1715497001,6.853369247e-30,10343.03756,0.900823053,-27.49668796,-1.237333557e-27,5.105465214e-28,1.550037746e-06,15.73216355,16.26006477,0,0.1866644694,1.554312234e-15,0.01377190641,1.621830499e-08,8.05646319e-07,4.574339342e-05,0.0004198745902,0.001751879915,0.004936536453,0.007264346494,6.813217739e-06,0.0001285108374,0.0007039994022,0.001684037707,0.003372177818,0.006558508446,0.9731275717
0.004625,0.9732019311,0.007243194421,0.01437797173,0.9856220283,0.9166555852,0.8948842318,0.9195257461,0.8132738081,0.7914796405,0.7454919784,0.727785907,0.1722371292,6.884297544e-30,10389.71425,0.9003754813,-27.49756657,-1.236926341e-27,5.073764915e-28,1.552933062e-06,15.75837288,16.27757077,0,0.1867261919,1.33226763e-15,0.0137350402,1.598320224e-08,4.999888169e-07,4.549630641e-05,0.0004182235817,0.001746401612,0.004924655811,0.007243194421,6.770915792e-06,0.0001279303376,0.0007014929343,0.001679177012,0.003363759529,0.006540966426,0.9732019311
0.00465,0.9732630396,0.007225809842,0.01434476262,0.9856552374,0.9159897039,0.8942659824,0.918832778,0.8132124424,0.7914696136,0.7448942244,0.7272282237,0.1729246852,6.915219925e-30,10436.382,0.8999279952,-27.50682387,-1.236859734e-27,5.045212849e-28,1.555823842e-06,15.78453838,16.29503131,0,0.1867875576,1.33226763e-15,0.01369842653,1.578758087e-08,3.102959836e-07,4.529309786e-05,0.0004168663509,0.001741899401,0.004914893927,0.007225809842,6.736119557e-06,0.0001274530491,0.0006994327498,0.001675182729,0.003356842035,0.006526551057,0.9732630396
0.004675,0.9733132413,0.007211526613,0.01431748001,0.98568252,0.9153248563,0.8936425012,0.9181448102,0.8131513974,0.7914510223,0.744297686,0.7266666487,0.173612555,6.946143984e-30,10483.05229,0.8994804848,-27.52265567,-1.237060271e-27,5.019367829e-28,1.558710831e-06,15.81066754,16.31245429,0,0.1868486026,1.554312234e-15,0.01366207438,1.56257461e-08,1.92571502e-07,4.512601293e-05,0.0004157509076,0.001738200529,0.004906875944,0.007211526613,6.707503591e-06,0.0001270607095,0.0006977398573,0.001671901542,0.003351159799,0.006514709321,0.9733132413
0.0047,0.9733544665,0.007199796036,0.01429507498,0.985704925,0.9146609786,0.8930148926,0.917461134,0.8130906421,0.7914254082,0.7437022824,0.7261020525,0.1743008848,6.977075663e-30,10529.73407,0.8990328642,-27.54362045,-1.237469375e-27,4.995849778e-28,1.561594612e-06,15.8367665,16.32984618,0,0.1869093579,1.33226763e-15,0.01362599087,1.549278592e-08,1.195110003e-07,4.498866126e-05,0.000414834432,0.001735162725,0.004900293124,0.007199796036,6.683975253e-06,0.000126738276,0.0006963492026,0.00166920718,0.003346494121,0.006504985726,0.9733544665
0.004725,0.9733883054,0.007190166204,0.0142766837,0.9857233163,0.9139980216,0.8923840564,0.9167811566,0.8130301497,0.7913940396,0.7431079483,0.725535143,0.1749897886,7.008019594e-30,10576.43435,0.8985850663,-27.56856877,-1.238040425e-27,4.974331634e-28,1.564475647e-06,15.86284034,16.34721234,0,0.1869698503,1.554312234e-15,0.01359018153,1.538446945e-08,7.416922564e-08,4.487577849e-05,0.0004140816623,0.001732668832,0.00489489122,0.007190166204,6.664634187e-06,0.0001264733606,0.0006952072169,0.001666995663,0.003342664902,0.006497005148,0.9733883054
0.00475,0.973416067,0.007182264966,0.01426159483,0.9857384052,0.9133359472,0.8917507254,0.916104383,0.8129698972,0.7913579599,0.7425146311,0.7249664956,0.1756793544,7.03897936e-30,10623.15852,0.8981370392,-27.5965859,-1.238736388e-27,4.954532311e-28,1.567354293e-06,15.88889322,16.36455714,0,0.1870301028,1.33226763e-15,0.01355465061,1.529715798e-08,4.602985516e-08,4.478302887e-05,0.0004134635658,0.00173062239,0.00489046088,0.007182264966,6.648738724e-06,0.0001262557633,0.0006942697953,0.001665181373,0.003339523848,0.006490458686,0.973416067
0.004775,0.9734388292,0.007175785887,0.0142492227,0.9857507773,0.912674726,0.891115497,0.9154304002,0.812909865,0.7913180272,0.7419222883,0.7243965783,0.1763696499,7.069957717e-30,10669.91076,0.8976887431,-27.62694532,-1.239527902e-27,4.936210579e-28,1.570230834e-06,15.91492858,16.38188421,0,0.187090135,1.33226763e-15,0.01351940129,1.522772695e-08,2.856639729e-08,4.470684223e-05,0.0004129562417,0.001728943989,0.004886829742,0.007175785887,6.635678068e-06,0.0001260770869,0.0006935006298,0.001663693827,0.003336948867,0.006485092007,0.9734388292
0.0048,0.9734574795,0.007170476671,0.01423908515,0.9857609149,0.9120143354,0.890478858,0.9147588639,0.812850036,0.7912749472,0.7413308853,0.7238257718,0.1770607263,7.100956762e-30,10716.69421,0.8972401475,-27.6590711,-1.240391732e-27,4.919159709e-28,1.573105485e-06,15.94094924,16.39919653,0,0.187149964,1.33226763e-15,0.01348443585,1.517349757e-08,1.772847321e-08,4.464427934e-05,0.0004125400165,0.001727568264,0.004883855916,0.007170476671,6.624949311e-06,0.0001259304194,0.000692869835,0.001662475001,0.003334839454,0.006480695723,0.9734574795
0.004825,0.9734727482,0.007166129625,0.01423078527,0.9857692147,0.911354758,0.8898412054,0.9140894874,0.8127903958,0.7912293003,0.7407403945,0.7232543855,0.1777526223,7.131978075e-30,10763.51127,0.8967912298,-27.69250764,-1.241309524e-27,4.903202803e-28,1.575978418e-06,15.96695751,16.41649652,0,0.1872096042,1.554312234e-15,0.01344975588,1.513217691e-08,1.100239415e-08,4.459292073e-05,0.0004121986989,0.001726441416,0.004881422612,0.007166129625,6.616138453e-06,0.0001258100723,0.0006923528149,0.001661477141,0.003333112885,0.006477097479,0.9734727482
0.00485,0.9734852365,0.007162573793,0.01422399642,0.9857760036,0.9106959807,0.8892028628,0.9134220319,0.8127309317,0.7911815633,0.7401507929,0.7226826711,0.178445366,7.163022824e-30,10810.3637,0.8963419729,-27.7268952,-1.242266811e-27,4.888188716e-28,1.578849761e-06,15.99295531,16.43378622,0,0.1872690683,1.554312234e-15,0.01341536238,1.510180556e-08,6.828150148e-09,4.455077516e-05,0.0004119189648,0.001725519175,0.00487943371,0.007162573793,6.608904739e-06,0.0001257113641,0.0006919293296,0.001660660946,0.003331701076,0.006474155416,0.9734852365
0.004875,0.9734954392,0.007159668475,0.01421844976,0.9857815502,0.9100379932,0.8885640942,0.9127562989,0.8126716329,0.7911321283,0.739562062,0.7221108334,0.1791389776,7.194091853e-30,10857.25278,0.8958923646,-27.76195035,-1.24325221e-27,4.873988495e-28,1.581719614e-06,16.0189442,16.45106726,0,0.1873283671,1.33226763e-15,0.01338125588,1.508071174e-08,4.237589912e-09,4.4516204e-05,0.0004116898513,0.001724765113,0.004877810112,0.007159668475,6.602967746e-06,0.0001256304434,0.0006915827258,0.001659994075,0.003330548004,0.006471752789,0.9734954392
0.0049,0.9735037633,0.007157297887,0.01421392408,0.9857860759,0.9093807879,0.8879251148,0.9120921236,0.8126124902,0.7910813174,0.7389741867,0.7215390387,0.1798334712,7.225185755e-30,10904.17939,0.8954423964,-27.79707462,-1.244241725e-27,4.860492281e-28,1.584588053e-06,16.04492549,16.46834101,0,0.1873875098,1.554312234e-15,0.01334743653,1.506747138e-08,2.62987308e-09,4.448785899e-05,0.0004115023392,0.00172414926,0.004876486738,0.007157297887,6.59809673e-06,0.0001255641414,0.000691299303,0.001659449923,0.003329607573,0.006469793535,0.9735037633
0.004925,0.9735105438,0.00715536676,0.01421023741,0.9857897626,0.908724359,0.8872861004,0.9114293688,0.8125534955,0.7910293952,0.7383871543,0.7209674224,0.1805288556,7.256304922e-30,10951.14413,0.8949920626,-27.83272214,-1.245253585e-27,4.847606605e-28,1.587455135e-06,16.07090022,16.48560859,0,0.1874465045,1.554312234e-15,0.01331390416,1.506087327e-08,1.632114613e-09,4.446463094e-05,0.0004113490093,0.001723646962,0.004875410045,0.00715536676,6.594101853e-06,0.0001255098514,0.0006910677913,0.0016590066,0.003328841862,0.006468198619,0.9735105438
0.00495,0.973516056,0.007153796717,0.01420724002,0.98579276,0.908068702,0.8866471943,0.9107679209,0.8124946417,0.7909765791,0.7378009547,0.7203960944,0.1812251358,7.287449589e-30,10998.14735,0.8945413598,-27.86889289,-1.246287791e-27,4.835252052e-28,1.5903209e-06,16.09686928,16.50287092,0,0.1875053583,1.554312234e-15,0.01328065839,1.505988879e-08,1.012899873e-09,4.444560745e-05,0.0004112237595,0.001723237942,0.004874535991,0.007153796717,6.590826952e-06,0.0001254654297,0.0006908789211,0.001658646102,0.003328219675,0.006466903023,0.973516056
0.004975,0.9735205267,0.007152523282,0.01420480876,0.9857951912,0.9074138137,0.8860085134,0.9101076856,0.8124359227,0.7909230474,0.737215579,0.7198251441,0.1819223139,7.318619872e-30,11045.18924,0.8940902862,-27.90558688,-1.247344341e-27,4.823361231e-28,1.593185381e-06,16.12283338,16.52012875,0,0.1875640773,1.554312234e-15,0.01324769862,1.506364571e-08,6.286115844e-10,4.443003805e-05,0.0004111215713,0.001722905521,0.004873828349,0.007152523282,6.588143581e-06,0.0001254291132,0.0006907250694,0.001658353622,0.003327715356,0.006465853266,0.9735205267
0.005,0.9735241421,0.007151493424,0.01420284236,0.9857971576,0.9067596916,0.8853701532,0.9094485847,0.8123773333,0.7908689464,0.7366310202,0.719254644,0.1826203896,7.349815791e-30,11092.26981,0.8936388417,-27.94280412,-1.248423238e-27,4.811877016e-28,1.596048598e-06,16.14879311,16.5373827,0,0.1876226667,1.554312234e-15,0.0132150241,1.507140539e-08,3.901200253e-10,4.441730562e-05,0.0004110383182,0.001722635986,0.004873257327,0.007151493424,6.585946102e-06,0.000125399452,0.0006905999679,0.001658116982,0.003327307806,0.006465005362,0.9735241421
