t_s,P_up,P_down,P_F2,P_F3,P_n0,P_target,P_n0_given_up,P_trapped,P_up_absolute,P_n0_absolute,P_target_absolute,nbar,mean_excitation_energy_J,mean_excitation_energy_hz,fractional_energy_reduction,cooling_rate_quanta_per_s,cooling_power_W,selection_cooling_power_W,T_equiv_K,photons_spin_pump,photons_repump,photons_raman_scatter,photons_lattice_scatter,overflow,trace_plus_overflow_minus_1,boundary_population,min_eigenvalue,raman_coherence_l1,mean_excitation_energy_x_hz,selection_cooling_power_x_W,mean_excitation_energy_y_hz,selection_cooling_power_y_W,mean_excitation_energy_z_hz,selection_cooling_power_z_W,"P|2,-2>","P|2,-1>","P|2,+0>","P|2,+1>","P|2,+2>","P|3,-3>","P|3,-2>","P|3,-1>","P|3,+0>","P|3,+1>","P|3,+2>","P|3,+3>"
0,0.1428571429,0,0,1,0.3279169252,0.04684527503,0.3279169252,1,0.1428571429,0.3279169252,0.04684527503,1.450416694,4.595498824e-29,69354.81695,0,524.2536511,1.40008396e-26,1.290097868e-26,1e-05,0,0,0,0,0,-2.220446049e-16,nan,0,0,76034.56526,3.186213664e-26,75931.53739,1.428597569e-26,69354.81695,1.290097868e-26,0,0,0,0,0,0.1428571429,0.1428571429,0.1428571429,0.1428571429,0.1428571429,0.1428571429,0.1428571429
2.5e-05,0.1541239414,0.01131209121,0.05156012465,0.9484398753,0.3300925143,0.05086288486,0.3300128741,0.9754316609,0.1503373721,0.3219826895,0.04961326825,1.437743149,4.561972236e-29,68848.83699,0.007295527295,509.2233771,1.377102134e-26,1.452924238e-26,9.73508279e-06,0.1464008333,0.0100980627,5.558513146e-06,8.492675809e-05,0.02456833914,2.220446049e-16,nan,1.373226408e-07,0.01759572969,75110.41483,2.928367092e-26,75459.39823,1.403414505e-26,68848.83699,1.452924238e-26,0.00261144966,0.01044659523,0.01361927768,0.01357071086,0.01131209121,0.1322499487,0.1280991188,0.1271821786,0.1292880161,0.134403767,0.1430929048,0.1541239414
5e-05,0.1681270037,0.01984647616,0.08840097403,0.911599026,0.3325523541,0.05582225331,0.3320243155,0.9521582545,0.1600835143,0.316642469,0.05315161928,1.425107058,4.527376348e-29,68326.71924,0.01482373911,492.8977455,1.347544896e-26,1.523527445e-26,9.480031635e-06,0.2763328065,0.03560166752,1.09830191e-05,0.0001680352938,0.04784174553,4.440892099e-16,nan,2.153019462e-07,0.01509461418,74275.66691,2.691120672e-26,75007.99251,1.354737444e-26,68326.71924,1.523527445e-26,0.004864145796,0.01786705781,0.022559544,0.02326375026,0.01984647616,0.123110342,0.116152366,0.1147436589,0.1183602587,0.1273509472,0.1437544494,0.1681270037
7.5e-05,0.1833441417,0.02706455771,0.1152700547,0.8847299453,0.3349894429,0.06118852564,0.3337359191,0.9302445172,0.1705548826,0.3116220925,0.05692029049,1.41295863,4.493863873e-29,67820.95226,0.02211619552,475.2767563,1.311412246e-26,1.544926391e-26,9.246745026e-06,0.3930334493,0.07127225167,1.628075138e-05,0.0002494143772,0.06975548283,6.661338148e-16,nan,2.535879957e-07,0.01386213279,73522.39199,2.475817244e-26,74581.60161,1.294396438e-26,67820.95226,1.544926391e-26,0.006755643614,0.02303535337,0.02831507345,0.0300994266,0.02706455771,0.1151580617,0.1063145131,0.1046967977,0.1093462124,0.1213119594,0.1445582592,0.1833441417
0.0001,0.1991836189,0.03352803952,0.1350734333,0.8649265667,0.3373570084,0.06677580731,0.3352474852,0.9097008852,0.1811975144,0.3068939692,0.06074601102,1.401251482,4.4613747e-29,67330.62885,0.02918597707,456.3604097,1.268704182e-26,1.533935614e-26,9.031197344e-06,0.4988901142,0.1133830507,2.145928931e-05,0.0003291627903,0.09029911476,8.881784197e-16,nan,2.660906722e-07,0.01683370447,72843.52451,2.281291174e-26,74182.65814,1.228732215e-26,67330.62885,1.533935614e-26,0.008304695151,0.02653106321,0.03188914298,0.03482049248,0.03352803952,0.1081712631,0.09807812618,0.09643193416,0.1017447304,0.1160112572,0.1453056369,0.1991836189
0.000125,0.2165566927,0.03826050358,0.1485289306,0.8514710694,0.3396635558,0.07294573168,0.3368435802,0.8904786523,0.1928391119,0.3024631454,0.06495661684,1.390093658,4.430276045e-29,66861.291,0.03595317609,436.1487056,1.219420706e-26,1.494949753e-26,8.833273184e-06,0.5956903299,0.1594344219,2.652625949e-05,0.0004073803007,0.1095213477,8.881784197e-16,nan,2.624741953e-07,0.01331614946,72232.1053,2.101400995e-26,73811.82141,1.157616744e-26,66861.291,1.494949753e-26,0.009541666088,0.0287883303,0.03396394291,0.03797448768,0.03826050358,0.1019766959,0.09107544793,0.08950966164,0.09521170059,0.1112564242,0.1458844465,0.2165566927
0.00015,0.2339239628,0.04275216111,0.1583558203,0.8416441797,0.3419327348,0.07917514675,0.3384653107,0.8725136187,0.2041018433,0.2983409678,0.0690813938,1.379492815,4.40064989e-29,66414.17598,0.04239995287,412.7138092,1.154800098e-26,1.447343296e-26,8.651414309e-06,0.6847942266,0.2076610577,3.148908772e-05,0.0004841646768,0.1274863813,1.110223025e-15,nan,2.493284946e-07,0.016612469,71681.78832,1.939336266e-26,73468.87723,1.088000394e-26,66414.17598,1.447343296e-26,0.01050197222,0.03013157261,0.03500535307,0.03996476126,0.04275216111,0.09643614394,0.08503521749,0.08360980353,0.08950337605,0.1069107964,0.1462248795,0.2339239628
0.000175,0.2519982989,0.0462536864,0.1647016302,0.8352983698,0.3441484082,0.08567617618,0.3399871212,0.8557332987,0.2156433356,0.2944992526,0.07331595687,1.369447097,4.372521059e-29,65989.65842,0.04852090569,389.6841451,1.091884623e-26,1.386947051e-26,8.484122007e-06,0.7672545098,0.2568080976,3.635479871e-05,0.0005596090094,0.1442667013,1.110223025e-15,nan,2.310562248e-07,0.01692057001,71186.83909,1.790810782e-26,73153.07528,1.018985146e-26,65989.65842,1.386947051e-26,0.01122203109,0.0308029217,0.03533355564,0.04108943532,0.0462536864,0.09143922713,0.07975558914,0.07849808321,0.08444412478,0.1028776048,0.1462854419,0.2519982989
0.0002,0.2704725053,0.04902298461,0.1684864275,0.8315135725,0.3462795358,0.09239394287,0.3416019782,0.8400544179,0.227211623,0.2908936539,0.0776159399,1.360002621,4.346041297e-29,65590.02846,0.05428301385,366.769141,1.028481763e-26,1.323062542e-26,8.330970171e-06,0.8438999755,0.3060530653,4.112998615e-05,0.0006338014142,0.1599455821,1.33226763e-15,nan,2.105288346e-07,0.01659861013,70741.79257,1.654103469e-26,72863.03522,9.515472545e-27,65590.02846,1.323062542e-26,0.01173695135,0.03098322377,0.0351715704,0.04157169737,0.04902298461,0.08689843803,0.07508570379,0.07400289396,0.07990777306,0.09908981701,0.1460564413,0.2704725053
0.000225,0.2888640436,0.05151686766,0.1706537501,0.8293462499,0.3483484052,0.09911122925,0.3431068403,0.8254002065,0.2384284412,0.2875268456,0.08180642909,1.35112392,4.321148201e-29,65214.34429,0.05969985704,344.8971465,9.677169719e-27,1.258311629e-26,8.190477639e-06,0.9153944623,0.3547759528,4.582081902e-05,0.0007068236469,0.1745997935,1.33226763e-15,nan,1.895618656e-07,0.01924759056,70342.27312,1.529330968e-26,72597.7197,8.872472579e-27,65214.34429,1.258311629e-26,0.0120790246,0.03080712162,0.03467389963,0.04157683655,0.05151686766,0.08274305572,0.0709107882,0.06999684399,0.07579889735,0.09549961175,0.1455330094,0.2888640436
0.00025,0.3076478885,0.05322805084,0.17105958,0.82894042,0.3503836242,0.1060166065,0.344603719,0.8116929463,0.249715621,0.2844039163,0.0860529317,1.342762889,4.297688663e-29,64860.29526,0.0648047517,324.2501183,9.104646054e-27,1.190935751e-26,8.060926274e-06,0.9822785871,0.4025803631,5.043301746e-05,0.0007787522828,0.1883070537,1.776356839e-15,nan,1.692539808e-07,0.01876525817,69983.88758,1.414221686e-26,72355.5955,8.255773185e-27,64860.29526,1.190935751e-26,0.01227722032,0.03037507096,0.03394959796,0.04122963995,0.05322805084,0.07891655813,0.0671433608,0.06638533566,0.07204659665,0.09207410747,0.1447265728,0.3076478885
0.000275,0.3262272985,0.05472717638,0.1705455847,0.8294544153,0.3523746016,0.1129230886,0.3461484957,0.7988620749,0.2606106165,0.2814987054,0.09020997288,1.334914674,4.275644496e-29,64527.60686,0.06960165576,305.1077002,8.576419979e-27,1.127137402e-26,7.941506158e-06,1.045000212,0.4492020288,5.497186695e-05,0.0008496583691,0.2011379251,1.776356839e-15,nan,1.502255725e-07,0.02052585196,69662.52912,1.309542876e-26,72134.94395,7.682743213e-27,64527.60686,1.127137402e-26,0.01235691169,0.02976182509,0.03307561028,0.04062406123,0.05472717638,0.07537305183,0.06371564278,0.06309711607,0.06859632256,0.08879014855,0.1436548351,0.3262272985
0.0003,0.3447578174,0.05584042413,0.1691404699,0.8308595301,0.3543434685,0.1198516012,0.3476399813,0.7868421359,0.2712699774,0.2788123716,0.09430428986,1.327509125,4.254818459e-29,64213.30235,0.07413348963,287.5265438,8.094463256e-27,1.063455966e-26,7.830621567e-06,1.103936283,0.4944582767,5.944223937e-05,0.0009196080072,0.2131578641,1.776356839e-15,nan,1.327844723e-07,0.02162065633,69374.67663,1.213119494e-26,71934.25456,7.14172107e-27,64213.30235,1.063455966e-26,0.01234000586,0.02902305317,0.03210621497,0.03983077179,0.05584042413,0.07207529388,0.06057474735,0.06007815069,0.06540511785,0.085631514,0.1423368889,0.3447578174
0.000325,0.3632133778,0.0565714623,0.1670015702,0.8329984298,0.3562984945,0.1268359387,0.3492050305,0.7755691455,0.2816970891,0.276334119,0.09837004058,1.320521641,4.23512461e-29,63916.08471,0.07841895452,271.1957781,7.649520591e-27,1.002410571e-26,7.727398627e-06,1.159408547,0.5382576689,6.384859973e-05,0.0009886625859,0.2244308545,2.220446049e-15,nan,1.170394581e-07,0.02198298701,69117.10935,1.124057389e-26,71752.02232,6.632015936e-27,63916.08471,1.002410571e-26,0.01224525151,0.02820033089,0.03108051018,0.03890401533,0.0565714623,0.06899324474,0.05767926673,0.05728730533,0.0624397683,0.08258735949,0.1407981073,0.3632133778
0.00035,0.3813191412,0.05718187531,0.1645055832,0.8354944168,0.3582346981,0.1337543751,0.3507675347,0.7649866378,0.2917040478,0.2740447572,0.1023203097,1.313938139,4.216531503e-29,63635.47937,0.08246489338,255.9433487,7.234807151e-27,9.44508745e-27,7.631310851e-06,1.211695343,0.5805412475,6.819508699e-05,0.001056878779,0.2350133622,2.220446049e-15,nan,1.029770166e-07,0.02384594173,68887.00273,1.042391073e-26,71586.88096,6.158730282e-27,63635.47937,9.44508745e-27,0.01208846419,0.02732452219,0.03002606467,0.03788465685,0.05718187531,0.06610207904,0.05499607061,0.05469254046,0.05967301917,0.0796498055,0.1390617608,0.3813191412
0.000375,0.3993072243,0.05742881991,0.1614967873,0.8385032127,0.3601486695,0.1406888343,0.352332304,0.7550419442,0.301493703,0.2719273516,0.106225971,1.307718348,4.19893236e-29,63369.87483,0.08629454143,241.6600165,6.846659284e-27,8.882212034e-27,7.541528139e-06,1.261040228,0.6212858881,7.248551889e-05,0.00112430882,0.2449580558,2.442490654e-15,nan,9.051258892e-08,0.02420985662,68681.80209,9.665176165e-27,71437.51243,5.71294737e-27,63369.87483,8.882212034e-27,0.01188292473,0.02641858951,0.02896255713,0.03680389603,0.05742881991,0.06338139538,0.05249856984,0.05226877157,0.05708268983,0.07681331391,0.1371512479,0.3993072243
0.0004,0.4169346829,0.05754611566,0.1582751765,0.8417248235,0.362023552,0.1475667728,0.3539325914,0.7456868318,0.3109027028,0.2699561955,0.1100385993,1.301841959,4.182265859e-29,63118.34564,0.08992124252,228.1996571,6.48058336e-27,8.358145466e-27,7.457500107e-06,1.307658465,0.6604978673,7.672340511e-05,0.001191001216,0.2543131682,2.664535259e-15,nan,7.952396649e-08,0.02547748654,68499.17385,8.966294653e-27,71302.65571,5.298719496e-27,63118.34564,8.358145466e-27,0.01163970348,0.02549955353,0.02790409483,0.03568570898,0.05754611566,0.06081424494,0.05016514405,0.04999604131,0.05465059481,0.07407384797,0.1350902675,0.4169346829
0.000425,0.4342501631,0.05748178416,0.1548383173,0.8451616827,0.3638650668,0.1543797235,0.3555087288,0.7368779946,0.3199893893,0.2681241607,0.113759021,1.296295362,4.166491052e-29,62880.2738,0.09335390733,215.6170705,6.1379392e-27,7.85741903e-27,7.378813523e-06,1.351742118,0.6981912104,8.091199467e-05,0.001257000674,0.2631220054,2.886579864e-15,nan,6.98727531e-08,0.02653374203,68337.06705,8.319066008e-27,71181.19755,4.911953095e-27,62880.2738,7.85741903e-27,0.01136796464,0.02457995506,0.02686045373,0.03454815968,0.05748178416,0.05838636862,0.04797796984,0.04785819084,0.05236118283,0.0714281817,0.1328996258,0.4342501631
0.00045,0.4512847359,0.05720171856,0.1511898181,0.8488101819,0.3656725414,0.1611445424,0.3570795323,0.7285751073,0.3287948248,0.2664199111,0.1174059023,1.29105796,4.151561474e-29,62654.95806,0.09660264681,203.8623798,5.818196929e-27,7.38505398e-27,7.305057198e-06,1.393463796,0.7343983492,8.505427024e-05,0.001322348582,0.2714248927,2.886579864e-15,nan,6.141764318e-08,0.02699096137,68193.58129,7.717869208e-27,71072.04687,4.550275683e-27,62654.95806,7.38505398e-27,0.01107527742,0.02366901554,0.0258385935,0.03340521311,0.05720171856,0.05608577873,0.04592228317,0.04584203124,0.05020149866,0.06887378331,0.1306000709,0.4512847359
0.000475,0.4678898777,0.05685587413,0.1475075928,0.8524924072,0.3674517192,0.1678096234,0.3586519637,0.7207426041,0.3372281689,0.264838109,0.120947545,1.28610001,4.137395128e-29,62441.16097,0.09968530362,192.8867161,5.520140069e-27,6.943167955e-27,7.235693778e-06,1.432979653,0.7691535673,8.915299644e-05,0.001387083339,0.2792573959,3.108624469e-15,nan,5.402231371e-08,0.02830224404,68067.02027,7.162777922e-27,70974.2086,4.215315207e-27,62441.16097,6.943167955e-27,0.01076783614,0.02277339354,0.0248431588,0.03226733021,0.05685587413,0.05390215658,0.04398560073,0.04393651785,0.04816021467,0.06640829563,0.128209744,0.4678898777
0.0005,0.4841678589,0.05634379485,0.1437122572,0.8562877428,0.3692016475,0.174395684,0.3601967393,0.7133470475,0.3453797126,0.2633689052,0.1244046463,1.281402309,4.123932544e-29,62237.98497,0.1026148189,182.7610318,5.245861213e-27,6.52227876e-27,7.170319126e-06,1.470431793,0.8025006191,9.321074218e-05,0.001451240729,0.2866529525,3.108624469e-15,nan,4.755972954e-08,0.02885774506,67955.83846,6.645804052e-27,70886.76108,3.90164854e-27,62237.98497,6.52227876e-27,0.01045071543,0.02189788366,0.02387731233,0.0311425509,0.05634379485,0.05182669084,0.0421573828,0.04213239346,0.04622768894,0.06402965375,0.1257460742,0.4841678589
0.000525,0.5000425651,0.05574488088,0.1398987895,0.8601012105,0.3709160941,0.1808880908,0.3617453862,0.7063577464,0.3532089394,0.2619994563,0.1277717042,1.27695351,4.111144538e-29,62044.98964,0.1053975432,173.4701315,4.995359818e-27,6.130456832e-27,7.10868155e-06,1.505950178,0.8344874118,9.722988536e-05,0.001514853958,0.2936422536,3.330669074e-15,nan,4.191422274e-08,0.02967188334,67858.64546,6.165847008e-27,70808.86951,3.609625047e-27,62044.98964,6.130456832e-27,0.0101280438,0.02104584993,0.02294306587,0.03003694899,0.05574488088,0.04985173028,0.04042859637,0.04042174929,0.04439554226,0.06173587599,0.1232251512,0.5000425651
0.00055,0.5154954852,0.05508331519,0.1361025048,0.8638974952,0.3725970759,0.1872615873,0.3632652326,0.6997470825,0.3607164619,0.2607237168,0.1310357494,1.272728251,4.09895434e-29,61861.01636,0.1080501819,164.9208566,4.76618945e-27,5.760172684e-27,7.050349825e-06,1.539654167,0.865161359,0.0001012126343,0.001577953915,0.3002529175,3.552713679e-15,nan,3.698212574e-08,0.0305761787,67774.18688,5.720742555e-27,70739.76125,3.338201499e-27,61861.01636,5.760172684e-27,0.009803154683,0.02021955708,0.02204151018,0.02895496762,0.05508331519,0.04797052699,0.03879139123,0.03879770861,0.04265631668,0.05952493129,0.1206611352,0.5154954852
0.000575,0.5305751231,0.05431599481,0.1322883864,0.8677116136,0.3742472781,0.1935442016,0.3647819003,0.6934890465,0.3679480362,0.259536388,0.1342207838,1.268706706,4.087309063e-29,61685.267,0.1105842433,157.0206286,4.555270077e-27,5.412808118e-27,6.99501284e-06,1.571653804,0.8945753626,0.0001051610377,0.001640569487,0.3065109535,3.552713679e-15,nan,3.267155959e-08,0.03099824992,67701.2939,5.305804243e-27,70678.69919,3.084944797e-27,61685.267,5.412808118e-27,0.009478738556,0.01942047251,0.02117320624,0.02789997431,0.05431599481,0.04617715232,0.03723894641,0.03725428585,0.04100357402,0.05739485372,0.1180676782,0.5305751231
0.0006,0.5451957816,0.05353602966,0.1285548856,0.8714451144,0.3758726856,0.1996969249,0.3662847946,0.6875602422,0.3748549436,0.2584351147,0.137303666,1.264870075,4.076157387e-29,61516.96699,0.1130108954,149.7217463,4.361066227e-27,5.087820208e-27,6.942382322e-06,1.602050862,0.9227800346,0.0001090769985,0.001702727589,0.3124397578,3.552713679e-15,nan,2.890173809e-08,0.03195651927,67638.91045,4.921436225e-27,70625.00794,2.85037533e-27,61516.96699,5.087820208e-27,0.009156938054,0.01864942765,0.02033818676,0.0268743035,0.05353602966,0.04446627555,0.03576522262,0.03578615395,0.03943148578,0.05534357694,0.115456618,0.5451957816
0.000625,0.5594237661,0.05268515686,0.1248471304,0.8751528696,0.3774671786,0.2057366028,0.3677652171,0.6819388285,0.3814927877,0.2574095256,0.1402997779,1.261209141,4.065472232e-29,61355.70769,0.1153360302,142.9635528,4.181980092e-27,4.781138372e-27,6.892279808e-06,1.630939726,0.9498263532,0.0001129622849,0.001764453405,0.3180611715,3.996802889e-15,nan,2.560203781e-08,0.03248240902,67586.08252,4.563305509e-27,70578.07262,2.631659678e-27,61355.70769,4.781138372e-27,0.008839454079,0.0179067947,0.01953615999,0.02587956477,0.05268515686,0.04283311544,0.03436487124,0.03438856852,0.03793485487,0.05336901907,0.1128386744,0.5594237661
0.00065,0.5732350516,0.05179628613,0.1211998524,0.8788001476,0.3790312793,0.2116621191,0.3692414107,0.6766047829,0.3878535776,0.2564543764,0.1432116022,1.257715121,4.055228975e-29,61201.11745,0.1175650064,136.6791851,4.016020971e-27,4.495443001e-27,6.844544146e-06,1.658408114,0.9757644123,0.0001168185484,0.001825770352,0.3233952171,4.218847494e-15,nan,2.27109615e-08,0.03307382107,67541.92674,4.229948127e-27,70537.31414,2.428336696e-27,61201.11745,4.495443001e-27,0.008527617839,0.01719258849,0.01876658429,0.02491677567,0.05179628613,0.0412733245,0.03303309909,0.03305724715,0.03650899014,0.0514690439,0.1102233912,0.5732350516
0.000675,0.586614766,0.0508943127,0.1176384771,0.8823615229,0.380566158,0.2174503684,0.3706868306,0.6715398542,0.3939351944,0.2555653423,0.1460265887,1.254374726,4.045390781e-29,61052.64039,0.1197058391,130.8614716,3.863165288e-27,4.226353944e-27,6.798975224e-06,1.684537705,1.000641778,0.00012064733,0.001886700346,0.3284601458,3.996802889e-15,nan,2.017510725e-08,0.03377143713,67505.65039,3.92052644e-27,70502.20919,2.23979318e-27,61052.64039,4.226353944e-27,0.008222454579,0.01650655193,0.01802870894,0.02398644896,0.0508943127,0.03978291495,0.03176557537,0.03178828962,0.03514958406,0.04964145121,0.1076189417,0.586614766
0.0007,0.5996031289,0.04994915641,0.1141325941,0.8858674059,0.3820734604,0.2231264032,0.3721234803,0.66672689,0.3997715294,0.25473865,0.1487643728,1.251172291,4.035913745e-29,60909.61389,0.1217680823,125.5014477,3.723057438e-27,3.974225714e-27,6.755354073e-06,1.709404688,1.024505799,0.0001244500688,0.001947263923,0.33327311,4.662936703e-15,nan,1.794818967e-08,0.03415351261,67476.52929,3.63171984e-27,70472.27557,2.063944995e-27,60909.61389,3.974225714e-27,0.007924744234,0.01584823802,0.01732168567,0.02308876977,0.04994915641,0.0383582362,0.03055838739,0.0305781455,0.03385275246,0.04788404215,0.1050327133,0.5996031289
0.000725,0.6121621886,0.0490090201,0.1107294081,0.8892705919,0.3835546878,0.2286714698,0.3735471972,0.6621500213,0.4053432062,0.2539707447,0.1514148186,1.248095898,4.026764581e-29,60771.53562,0.1237589789,120.5779029,3.595127885e-27,3.738413022e-27,6.713511843e-06,1.733080234,1.047403363,0.000128228108,0.00200748035,0.3378499787,4.662936703e-15,nan,1.599013368e-08,0.03481263396,67453.89412,3.363127204e-27,70447.06323,1.900789542e-27,60771.53562,3.738413022e-27,0.007635061939,0.01521705372,0.0166446043,0.02222366801,0.0490090201,0.03699591058,0.02940796726,0.02942355131,0.03261497643,0.0461946073,0.1024713904,0.6121621886
0.00075,0.6243228233,0.04805415526,0.1074075206,0.8925924794,0.3850105558,0.2340881282,0.374947254,0.6577946836,0.410676234,0.2532578967,0.1539819262,1.245137805,4.01792279e-29,60638.09618,0.1256829901,116.0267631,3.477550805e-27,3.516422462e-27,6.67333317e-06,1.755630931,1.06937819,0.0001319827018,0.002067367665,0.3422053164,4.884981308e-15,nan,1.426626048e-08,0.03526444953,67437.1389,3.113699735e-27,70426.15949,1.749683814e-27,60638.09618,3.516422462e-27,0.007353813516,0.01461229738,0.01599645776,0.02139079669,0.04805415526,0.03569279044,0.02831103967,0.02832148727,0.03143296166,0.04457091096,0.09994046613,0.6243228233
0.000775,0.6360901873,0.04709042038,0.1041707895,0.8958292105,0.3864404332,0.239384337,0.376337101,0.6536472465,0.4157785994,0.2525957251,0.1564729127,1.242290506,4.009366498e-29,60508.96546,0.1275448754,111.7852576,3.368489729e-27,3.309051576e-27,6.634701325e-06,1.777119138,1.090473443,0.0001357150239,0.002126942776,0.3463527535,5.107025913e-15,nan,1.274656377e-08,0.03569732586,67425.70288,2.880932055e-27,70409.18085,1.608885738e-27,60508.96546,3.309051576e-27,0.007081269174,0.01403319584,0.01537623348,0.02058967061,0.04709042038,0.03444594442,0.02726459543,0.0272691585,0.03030370599,0.04301073727,0.09744488165,0.6360901873
0.0008,0.6474591506,0.04613437896,0.1010334238,0.8989665762,0.3878459026,0.2445527394,0.3777114573,0.6496951943,0.4206510987,0.251981619,0.1588847395,1.239545926,4.001073544e-29,60383.809,0.1293494575,107.8254306,3.267116256e-27,3.11459583e-27,6.597503751e-06,1.797603313,1.110729914,0.0001394261754,0.002186221536,0.3503048057,5.107025913e-15,nan,1.140507455e-08,0.03621458744,67419.07325,2.664627859e-27,70395.77484,1.478504201e-27,60383.809,3.11459583e-27,0.006817585721,0.01347892226,0.01478288719,0.01981964964,0.04613437896,0.03325261873,0.02626584776,0.02626395787,0.02922440235,0.04151187016,0.09498872872,0.6474591506
0.000825,0.6584522966,0.04517498022,0.09798179492,0.9020182051,0.3892268102,0.2495945837,0.3790625152,0.6459268143,0.4253119944,0.2514120336,0.1612198343,1.23689704,3.993024007e-29,60262.32619,0.1311010708,104.1425507,3.173204349e-27,2.931830516e-27,6.561638809e-06,1.817138307,1.130186699,0.0001431171878,0.002245218829,0.3540731857,5.107025913e-15,nan,1.021930552e-08,0.03654155953,67416.78816,2.463425669e-27,70385.62099,1.357522855e-27,60262.32619,2.931830516e-27,0.006562830098,0.01294862015,0.0142153721,0.01907999235,0.04517498022,0.03211023017,0.02531221598,0.02530345507,0.02819244123,0.04007212107,0.09257544493,0.6584522966
0.00085,0.669067941,0.04422543055,0.09502638488,0.9049736151,0.3905837333,0.254517534,0.3804061119,0.6423312542,0.4297632497,0.2508841393,0.1634845668,1.234336862,3.985201693e-29,60144.27259,0.1328032394,100.7333631,3.086591603e-27,2.761399862e-27,6.527021724e-06,1.835775624,1.148881416,0.0001467890278,0.002303948641,0.3576687458,5.551115123e-15,nan,9.169771745e-09,0.03699543749,67418.41724,2.275993806e-27,70378.41896,1.245257806e-27,60144.27259,2.761399862e-27,0.006316995288,0.0124414151,0.01367265464,0.01836988931,0.04422543055,0.0310163429,0.02440129783,0.02438537365,0.02720539665,0.03868933036,0.09020793274,0.669067941
0.000875,0.6793203236,0.04328309727,0.09216171899,0.907838281,0.3919170603,0.2593160876,0.3817287347,0.6388984304,0.4340166885,0.2503951947,0.1656766413,1.231858639,3.977587169e-29,60029.35494,0.1344601921,97.57355941,3.006512861e-27,2.601006526e-27,6.493559235e-06,1.853563661,1.166849749,0.0001504426028,0.00236242411,0.3611015696,5.551115123e-15,nan,8.239575094e-09,0.03735172097,67423.5704,2.101590041e-27,70373.89621,1.141002277e-27,60029.35494,2.601006526e-27,0.006080014961,0.01195642645,0.0131537107,0.01768846961,0.04328309727,0.02996865636,0.02353085186,0.02350757719,0.02626099078,0.03736137171,0.08788850954,0.6793203236
0.0009,0.68921658,0.04235231324,0.0893892439,0.9106107561,0.3932282273,0.2639940581,0.3830349789,0.6356188836,0.4380790731,0.2499432868,0.1677996085,1.229456329,3.970163987e-29,59917.32501,0.1360755079,94.63685546,2.932315679e-27,2.450981197e-27,6.461170649e-06,1.870547921,1.184126,0.0001540787642,0.00242065761,0.3643811164,5.551115123e-15,nan,7.414046643e-09,0.03765244689,67431.89098,1.939645627e-27,70371.80127,1.044712068e-27,59917.32501,2.450981197e-27,0.005851776208,0.01149277788,0.01265754301,0.01703483356,0.04235231324,0.02896499779,0.02269878487,0.02266806003,0.02535709849,0.03608616624,0.08561906872,0.68921658
0.000925,0.6987637614,0.04143745809,0.08671041718,0.9132895828,0.3945165816,0.2685551949,0.3843290247,0.6324838636,0.4419568036,0.2495253718,0.1698568273,1.227124984,3.962920397e-29,59808.00545,0.1376517438,91.90008324,2.863412509e-27,2.310386258e-27,6.429794578e-06,1.886771216,1.200742757,0.0001576983122,0.002478660778,0.3675161364,5.773159728e-15,nan,6.68043888e-09,0.03804346635,67443.05101,1.788575206e-27,70371.90222,9.55082089e-28,59808.00545,2.310386258e-27,0.005632128059,0.01104960159,0.01218317552,0.01640805393,0.04143745809,0.02800330586,0.02190313318,0.02186493126,0.02449171898,0.03486167731,0.08340105483,0.6987637614
0.00095,0.7079803039,0.04053131353,0.08411511592,0.9158848841,0.3957834566,0.2730007484,0.3856050047,0.6294851432,0.4456630829,0.2491398058,0.1718499152,1.22485909,3.955841064e-29,59701.16486,0.1391922366,89.34441688,2.799339285e-27,2.17866859e-27,6.399358731e-06,1.902273842,1.216731308,0.0001613019993,0.002536444575,0.3705148568,6.217248938e-15,nan,6.027661979e-09,0.03827948863,67456.75111,1.648281152e-27,70373.98509,8.722762987e-28,59701.16486,2.17866859e-27,0.005420890927,0.01062604575,0.01172966602,0.01580719968,0.04053131353,0.02708162867,0.02114205583,0.0210964102,0.02366297931,0.03368592364,0.08123558257,0.7079803039
0.000975,0.7168628802,0.03964842651,0.08161497722,0.9183850228,0.3970285593,0.2773290562,0.3868648578,0.6266151163,0.449197117,0.2487840968,0.1737785788,1.22265573,3.948918812e-29,59596.69491,0.140698548,86.95808172,2.739670305e-27,2.055165312e-27,6.36982036e-06,1.91709375,1.232120992,0.0001648905339,0.002594019315,0.3733848837,6.217248938e-15,nan,5.446056497e-09,0.03860387085,67472.71751,1.517915839e-27,70377.85298,7.956575243e-28,59596.69491,2.055165312e-27,0.005217862092,0.01022127597,0.01129609066,0.01523132199,0.03964842651,0.02619811002,0.02041381946,0.0203608132,0.02286909729,0.03255697016,0.07912333241,0.7168628802
0.001,0.7254340059,0.03877717742,0.07919553624,0.9208044638,0.398253045,0.2815490034,0.3881111184,0.623866626,0.4525740656,0.2484567835,0.1756490268,1.220510186,3.942140271e-29,59494.39384,0.1421735872,84.73062639,2.684160116e-27,1.939643291e-27,6.341117491e-06,1.931266695,1.246940128,0.0001684645826,0.002651394722,0.376133374,6.439293543e-15,nan,4.927198919e-09,0.03886820949,67490.70085,1.396495905e-27,70383.3276,7.246096137e-28,59494.39384,1.939643291e-27,0.005022822473,0.009834480502,0.01088156644,0.0146794894,0.03877717742,0.02535098883,0.01971679399,0.01965655094,0.02210840632,0.0314729433,0.07706477453,0.7254340059
0.001025,0.7336970283,0.03792491111,0.07686134533,0.9231386547,0.3994570205,0.2856578828,0.3893403842,0.6212329755,0.455796788,0.2481558734,0.1774600965,1.218418498,3.935495817e-29,59394.11639,0.1436194485,82.6489778,2.632466716e-27,1.831221491e-27,6.313201753e-06,1.944826375,1.261215648,0.0001720247732,0.002708579969,0.3787670245,6.661338148e-15,nan,4.463734526e-09,0.03908022205,67510.46976,1.283748412e-27,70390.2414,6.588779936e-28,59394.11639,1.831221491e-27,0.004835540804,0.009464871413,0.01048524184,0.01415078016,0.03792491111,0.02453859121,0.01904944308,0.01898212023,0.02137933158,0.03043202675,0.07506011355,0.7336970283
0.00105,0.7416596618,0.03709443196,0.07461246997,0.92538753,0.4006412838,0.2896589854,0.3905551296,0.6187079278,0.4588707125,0.2478799385,0.1792143106,1.216376633,3.928974829e-29,59295.70228,0.1450384431,80.70396619,2.584288016e-27,1.72971819e-27,6.286023033e-06,1.957804569,1.274973026,0.0001755716974,0.00276558371,0.3812920722,7.105427358e-15,nan,4.049233711e-09,0.03935901516,67531.81653,1.179049142e-27,70398.4439,5.982175999e-28,59295.70228,1.72971819e-27,0.004655777207,0.009111685598,0.0101062933,0.01364428191,0.03709443196,0.02375932408,0.01841031618,0.01833609727,0.02068037796,0.02943246038,0.07310929233,0.7416596618
0.001075,0.7493388131,0.03627903851,0.07243955375,0.9275604462,0.4018061191,0.2935571189,0.3917548562,0.6162856072,0.4618067254,0.2476273281,0.1809150273,1.214381558,3.92257001e-29,59199.04138,0.1464321588,78.88862935,2.539426252e-27,1.634619836e-27,6.259543358e-06,1.970231254,1.288236694,0.0001791059135,0.002822414118,0.3837143928,7.105427358e-15,nan,3.678068541e-09,0.03953896356,67554.54787,1.081661141e-27,70407.79408,5.420626648e-28,59199.04138,1.634619836e-27,0.004483286864,0.008774186721,0.0097439344,0.01315910726,0.03627903851,0.02301167321,0.0177980445,0.01771713448,0.02001013774,0.0284725462,0.07121209704,0.7493388131
0.0011,0.7567375707,0.03548561603,0.07034689944,0.9296531006,0.4029521655,0.2973527025,0.3929403191,0.6139605171,0.4646069902,0.2473967199,0.182562819,1.212430888,3.916274632e-29,59104.03216,0.1478020596,77.18655847,2.497435178e-27,1.545533168e-27,6.233727377e-06,1.982134716,1.301029816,0.0001826279483,0.002879078903,0.3860394829,7.549516567e-15,nan,3.345306676e-09,0.03974027966,67578.49,9.91280828e-28,70418.1651,4.901756451e-28,59104.03216,1.545533168e-27,0.004317822228,0.008451664991,0.00939740873,0.01269438746,0.03548561603,0.02229419714,0.01721133387,0.01712395432,0.01936727484,0.02755064435,0.06936812539,0.7567375707
0.001125,0.7638670596,0.03471279251,0.0683306254,0.9316693746,0.4040798632,0.3010479066,0.39411034,0.6117275357,0.4672785139,0.2471867789,0.184159294,1.210521816,3.910081643e-29,59010.56817,0.1491496803,75.59157414,2.458192514e-27,1.462073196e-27,6.208539782e-06,1.993541654,1.313374289,0.0001861382997,0.002935585348,0.3882724643,7.549516567e-15,nan,3.046619941e-09,0.03995510401,67603.48245,9.074278744e-28,70429.43802,4.423671378e-28,59010.56817,1.462073196e-27,0.004159135,0.008143437108,0.009065988074,0.01224927271,0.03471279251,0.02160552259,0.01664895928,0.01655534439,0.01875051784,0.02666517165,0.06757679923,0.7638670596
0.00115,0.7707399472,0.03395727201,0.06638502895,0.9336149711,0.4051898652,0.3046480693,0.3952670033,0.6095817869,0.4698290343,0.2469963621,0.1857079144,1.208650824,3.903982299e-29,58918.51748,0.1504769234,74.09260001,2.421339823e-27,1.383860793e-27,6.183940461e-06,2.00447728,1.325291245,0.0001896374375,0.002991940342,0.3904182131,7.549516567e-15,nan,2.778205505e-09,0.04008294574,67629.38025,8.294867005e-28,70441.50732,3.981538177e-28,58918.51748,1.383860793e-27,0.004006978582,0.007848847683,0.00874898262,0.01182294806,0.03395727201,0.02094434464,0.01610976322,0.01601015648,0.01815867238,0.02581460848,0.06583747863,0.7707399472
0.001175,0.7773595004,0.03322501459,0.06451372467,0.9354862753,0.4062822665,0.3081517743,0.3964083209,0.6075187765,0.4722604926,0.2468241055,0.1872079889,1.206816007,3.897972001e-29,58827.81065,0.1517847897,72.68572974,2.386821739e-27,1.310561999e-27,6.159903478e-06,2.014965405,1.336800395,0.0001931258055,0.003048150398,0.3924812235,7.771561172e-15,nan,2.536718021e-09,0.04028336237,67656.04887,7.573535074e-28,70454.27199,3.57470076e-28,58827.81065,1.310561999e-27,0.003861108385,0.00756726684,0.008445723073,0.01141461178,0.03322501459,0.02030941779,0.01559264721,0.01548729854,0.01759059048,0.02499748666,0.06414933425,0.7773595004
0.0012,0.7837409526,0.03250959952,0.06270805565,0.9372919444,0.4073577899,0.311566204,0.3975372257,0.6055342059,0.4745819554,0.2466690758,0.1886639939,1.205015543,3.892045814e-29,58738.37321,0.1530743531,71.36212707,2.354346558e-27,1.241915988e-27,6.136402639e-06,2.025028526,1.347920859,0.0001966038233,0.003104221675,0.3944657941,8.215650382e-15,nan,2.319210887e-09,0.04040603093,67683.36793,6.902816374e-28,70467.64316,3.198874038e-28,58738.37321,1.241915988e-27,0.003721284057,0.007298092001,0.008155578851,0.01102350122,0.03250959952,0.01969955858,0.01509657248,0.01498573582,0.01704519645,0.02421240043,0.06251152802,0.7837409526
0.001225,0.7898872663,0.03181669729,0.06097152362,0.9390284764,0.4084167297,0.314889278,0.3986509106,0.6036240799,0.4767949743,0.2465301727,0.1900747507,1.203247043,3.886197982e-29,58650.11831,0.154346866,70.11686141,2.323799917e-27,1.17763338e-27,6.113409435e-06,2.034687905,1.358670523,0.0002000718881,0.003160160001,0.3963759201,8.215650382e-15,nan,2.123085494e-09,0.04054339976,67711.22595,6.283344762e-28,70481.53767,2.854522721e-28,58650.11831,1.17763338e-27,0.003587269538,0.007040745691,0.007877940276,0.01064887082,0.03181669729,0.01911363835,0.01462055313,0.01450448438,0.01652145723,0.02345799542,0.0609230816,0.7898872663
0.00125,0.7958101598,0.03114290502,0.05929864785,0.9407013522,0.4094591164,0.3181263833,0.3997515983,0.6017846336,0.4789063254,0.2464062043,0.191443569,1.201509374,3.880426301e-29,58563.01267,0.1556028082,68.9428104,2.294983477e-27,1.117325441e-27,6.090907395e-06,2.043963639,1.369066489,0.0002035303761,0.003215970893,0.3982153664,8.659739592e-15,nan,1.946047362e-09,0.04069056136,67739.52362,5.707927145e-28,70495.88044,2.535851042e-28,58563.01267,1.117325441e-27,0.003458834129,0.006794675696,0.007612227583,0.01029000542,0.03114290502,0.01855058241,0.01416365442,0.01404260974,0.0160183949,0.02273297251,0.05938297834,0.7958101598
0.001275,0.801519654,0.03048620757,0.05768542419,0.9423145758,0.4104861409,0.3212811345,0.4008399956,0.6000123072,0.4809216569,0.2462967364,0.1927726348,1.199799643,3.874722176e-29,58476.92658,0.15684405,67.8389009,2.267878788e-27,1.061023498e-27,6.06886041e-06,2.052874732,1.379125099,0.0002069796435,0.003271659575,0.3999876928,8.437694987e-15,nan,1.786068101e-09,0.04076917789,67768.16852,5.175533611e-28,70510.60182,2.244207427e-28,58476.92658,1.061023498e-27,0.003335753063,0.0065593544,0.007357889598,0.009946219557,0.03048620757,0.01800936761,0.01372498999,0.01359922432,0.015535083,0.02203608644,0.05789017045,0.801519654
0.0013,0.8070169835,0.02985315071,0.05613648199,0.943863518,0.4114976911,0.324350513,0.4019128713,0.5983037657,0.4828413002,0.2462006182,0.1940601333,1.19811687,3.869085294e-29,58391.8553,0.1580706594,66.79713662,2.242272082e-27,1.007963166e-27,6.047258734e-06,2.061439156,1.388861739,0.0002104200276,0.003327231002,0.4016962343,8.881784197e-15,nan,1.641352332e-09,0.0409056677,67797.07788,4.683482703e-28,70525.63929,1.976251119e-28,58391.8553,1.007963166e-27,0.003217807713,0.006334277677,0.007114396607,0.00961684928,0.02985315071,0.01748901889,0.01330371828,0.01317348414,0.01507063467,0.02136614139,0.05644353712,0.8070169835
0.001325,0.8123179735,0.02923538423,0.05464164016,0.9453583598,0.4124945935,0.3273444099,0.4029757073,0.596655863,0.4846742815,0.2461173177,0.1953119614,1.196458978,3.863509217e-29,58307.70169,0.1592840375,65.80927965,2.217966415e-27,9.585887996e-28,6.026074102e-06,2.069673916,1.398291124,0.0002138518478,0.003382689868,0.403344137,8.881784197e-15,nan,1.510309073e-09,0.04099680502,67826.17657,4.229098889e-28,70540.93495,1.731059551e-28,58307.70169,9.585887996e-28,0.003104786011,0.006118964397,0.006881245622,0.009301259905,0.02923538423,0.01698860754,0.01289904054,0.01276458705,0.0146242097,0.02072199214,0.05504194938,0.8123179735
0.00135,0.8174250481,0.02863766508,0.05320390731,0.9467960927,0.4134766416,0.3302592875,0.4040239386,0.5950656183,0.4864215417,0.2460457334,0.1965259471,1.194825704,3.857993857e-29,58224.46442,0.1604842032,64.87354073,2.194916303e-27,9.1208813e-28,6.005298202e-06,2.077595099,1.407427316,0.0002172754072,0.003438040622,0.4049343817,9.325873407e-15,nan,1.391526796e-09,0.04107393555,67855.39507,3.806500786e-28,70556.43611,1.504307348e-28,58224.46442,9.1208813e-28,0.002996482688,0.005912955667,0.006657958977,0.008998844896,0.02863766508,0.01650724934,0.01251019866,0.01237177064,0.01419501122,0.02010254244,0.05368427226,0.8174250481
0.001375,0.822346804,0.02805839111,0.05181999467,0.9481800053,0.4144447698,0.3330999997,0.4050602473,0.5935302511,0.4880877051,0.2459855083,0.1977049265,1.193214989,3.852533823e-29,58142.06212,0.1616723297,63.98493611,2.172967976e-27,8.686688674e-28,5.984906839e-06,2.085217934,1.416283457,0.0002206909934,0.003493287482,0.4064697489,9.547918012e-15,nan,1.283751672e-09,0.04117311351,67884.67269,3.420412118e-28,70572.09597,1.300253847e-28,58142.06212,8.686688674e-28,0.00289269916,0.005715813582,0.006444075597,0.008709015221,0.02805839111,0.01604410109,0.0121364719,0.01199430926,0.01378227222,0.01950673984,0.05236930705,0.822346804
0.0014,0.8270915702,0.02749590007,0.05048663907,0.9495133609,0.4153987341,0.3358687333,0.4060840969,0.5920471158,0.4896771786,0.2459356225,0.1988501149,1.19162614,3.847128123e-29,58060.47982,0.1628486329,63.14255738,2.15211092e-27,8.278966839e-28,5.964889608e-06,2.092556838,1.424872235,0.0002240988794,0.003548434454,0.4079528842,9.769962617e-15,nan,1.185868692e-09,0.04122883149,67913.95297,3.060986451e-28,70587.87028,1.110797298e-28,58060.47982,8.278966839e-28,0.002793243856,0.005527120948,0.006239161109,0.008431213085,0.02749590007,0.01559836014,0.01177717606,0.01163151319,0.01338526999,0.01893357896,0.0510958924,0.8270915702
0.001425,0.8316653345,0.02695063752,0.04920275246,0.9507972475,0.4163393292,0.3385681245,0.4070965934,0.5906137185,0.4911929558,0.2458957194,0.199962979,1.190057777,3.841773174e-29,57979.66346,0.1640138925,62.34537793,2.13228339e-27,7.898118027e-28,5.945228582e-06,2.09962546,1.43320566,0.0002274993246,0.003603485336,0.4093862815,9.769962617e-15,nan,1.096885191e-09,0.04129545634,67943.18561,2.730460894e-28,70603.7204,9.3915085e-29,57979.66346,7.898118027e-28,0.002697932082,0.005346480192,0.006042800192,0.008164902479,0.02695063752,0.0151692617,0.01143166087,0.01128272625,0.01300331432,0.01838209708,0.04986285283,0.8316653345
0.00145,0.8360730638,0.02642383484,0.04796809916,0.9520319008,0.4172668588,0.3411975603,0.4080953867,0.5892277154,0.4926374213,0.245865198,0.201043059,1.18850842,3.836465465e-29,57899.56005,0.1651688723,61.58981894,2.113429804e-27,7.539942216e-28,5.925906428e-06,2.106436732,1.441295115,0.0002308925751,0.003658443741,0.4107722846,1.021405183e-14,nan,1.015916381e-09,0.04135792954,67972.32471,2.427438445e-28,70619.60955,7.834339443e-29,57899.56005,7.539942216e-28,0.00260658594,0.005173512481,0.005854596455,0.007909569441,0.02642383484,0.01475607686,0.01109930808,0.0109473239,0.01263574658,0.01785137247,0.04866900912,0.8360730638
0.001475,0.840323635,0.02591255618,0.04677834512,0.9532216549,0.4181817015,0.3437636587,0.4090848387,0.5878868696,0.4940152313,0.2458435314,0.2020941412,1.186977754,3.831204794e-29,57820.16652,0.1663136165,60.86687001,2.095317367e-27,7.206008098e-28,5.906915938e-06,2.1130029,1.449151479,0.0002342788651,0.0037133131,0.4121131304,1.043609643e-14,nan,9.421727586e-10,0.04140419386,68001.33066,2.147261073e-28,70635.50722,6.409686024e-29,57820.16652,7.206008098e-28,0.002519034416,0.005007857272,0.005674173415,0.007664723844,0.02591255618,0.0143581117,0.0107795304,0.01062471233,0.01228194116,0.01734052449,0.04751319975,0.840323635
0.0015,0.8444219405,0.02541761076,0.04563296601,0.954367034,0.4190839476,0.346264985,0.410061568,0.5865890925,0.4953286997,0.2458300725,0.2031152633,1.185464892,3.825988807e-29,57741.44734,0.1674486376,60.17858109,2.078028077e-27,6.892426549e-28,5.888243835e-06,2.119335572,1.456785106,0.000237658417,0.003768096669,0.4134109075,1.043609643e-14,nan,8.749490931e-10,0.04146305616,68030.16446,1.889985499e-28,70651.3817,5.116991214e-29,57741.44734,6.892426549e-28,0.002435113037,0.004849171063,0.005501173247,0.007429897908,0.02541761076,0.01397470437,0.01047176891,0.01031432592,0.011941303,0.01684871042,0.04639428089,0.8444219405
0.001525,0.8483745641,0.02493792213,0.04452960709,0.9554703929,0.4199743224,0.3487047124,0.4110268355,0.5853323892,0.4965811106,0.2458245735,0.2041081625,1.183968396,3.820813558e-29,57663.343,0.1685747936,59.52056639,2.061413707e-27,6.598481105e-28,5.869872408e-06,2.125445747,1.464205766,0.0002410314422,0.003822797547,0.4146676108,1.065814104e-14,nan,8.136147046e-10,0.04148610437,68058.79563,1.655300523e-28,70667.20883,3.960136328e-29,57663.343,6.598481105e-28,0.002354663955,0.004697127038,0.005335252648,0.007204641319,0.02493792213,0.01360522473,0.01017549244,0.01001562666,0.01161326129,0.01637512422,0.04531109946,0.8483745641
0.00155,0.8521859242,0.02447434999,0.04346791007,0.9565320899,0.4208524469,0.3510847777,0.4119814324,0.5841148935,0.4977744904,0.2458261822,0.2050738475,1.182488513,3.815680724e-29,57585.87878,0.1696917199,58.89245917,2.045471314e-27,6.323472697e-28,5.851800674e-06,2.131343854,1.471422766,0.0002443981424,0.003877418679,0.4158851065,1.110223025e-14,nan,7.576049685e-10,0.04152936543,68087.19349,1.438408522e-28,70682.96317,2.899641456e-29,57585.87878,6.323472697e-28,0.002277535619,0.004551413995,0.00517608559,0.006988524876,0.02447434999,0.01324907179,0.009890195368,0.009728102032,0.01129727333,0.01591899505,0.04426252815,0.8521859242
0.001575,0.8558639081,0.02402403476,0.04244386016,0.9575561398,0.4217191189,0.3534079466,0.4129254,0.5829348115,0.4989128659,0.2458347551,0.2060137947,1.181023958,3.810586829e-29,57509.00221,0.1708001732,58.29415512,2.030191689e-27,6.066312332e-28,5.83401292e-06,2.137039781,1.478445076,0.0002477587093,0.003931962865,0.4170651885,1.132427485e-14,nan,7.064139047e-10,0.04155911738,68115.33283,1.240563973e-28,70698.62459,1.950821452e-29,57509.00221,6.066312332e-28,0.002203582813,0.004411736024,0.005023364346,0.006781142222,0.02402403476,0.01290567346,0.009615397153,0.009451264571,0.01099282603,0.01547958756,0.04324748295,0.8558639081
0.0016,0.8594112186,0.02358914066,0.04145851242,0.9585414876,0.4225749582,0.3556741558,0.4138579391,0.581790473,0.4999972594,0.2458500848,0.2069278353,1.179573515,3.805528939e-29,57432.66903,0.1719007914,57.72132424,2.015461916e-27,5.824688691e-28,5.816495121e-06,2.142542903,1.485281098,0.0002511133255,0.003986432773,0.418209527,1.132427485e-14,nan,6.595875934e-10,0.04156342523,68143.18964,1.060559747e-28,70714.17239,1.104488281e-29,57432.66903,5.824688691e-28,0.002132666249,0.004277811336,0.004876792904,0.006582101271,0.02358914066,0.01257448383,0.009350640038,0.009184649617,0.0106994255,0.01505619728,0.04226487273,0.8594112186
0.001625,0.8628334499,0.023168753,0.04050989238,0.9594901076,0.4234194076,0.3578862979,0.4147802776,0.5806802785,0.501030368,0.2458712995,0.2078175151,1.178137447,3.800508473e-29,57356.90066,0.1729932659,57.17295708,2.001288404e-27,5.598621994e-28,5.799246159e-06,2.147862118,1.491938806,0.0002544621651,0.004040830945,0.4193197215,1.154631946e-14,nan,6.167183848e-10,0.04160913649,68170.7454,8.952522945e-29,70729.59187,3.38776595e-30,57356.90066,5.598621994e-28,0.002064652581,0.00414937201,0.004736088361,0.006391026424,0.023168753,0.01225498299,0.009095488692,0.008927814978,0.01041659944,0.01464815115,0.04131362043,0.8628334499
0.00165,0.8661379648,0.02275990554,0.03959403968,0.9604059603,0.4242534318,0.3600479213,0.4156934991,0.579602714,0.5020159151,0.2458984405,0.2086847523,1.17671475,3.795522494e-29,57281.65275,0.1740782361,56.64612313,1.987590298e-27,5.38853793e-28,5.782252575e-06,2.153005864,1.498426036,0.0002578053938,0.004095159794,0.420397286,1.199040867e-14,nan,5.774398558e-10,0.04160966833,68197.97949,7.461956743e-29,70744.86459,-3.295235461e-30,57281.65275,5.38853793e-28,0.001999414129,0.004026163157,0.004600988502,0.006207568356,0.02275990554,0.0119466753,0.008849528695,0.00868033945,0.01014390806,0.014254808,0.04039273604,0.8661379648
0.001675,0.8693246086,0.02236709207,0.03871447855,0.9612855215,0.4250769749,0.3621558033,0.4165944455,0.5785563513,0.5029532736,0.2459309836,0.2095275401,1.175304979,3.790570222e-29,57206.91354,0.1751558716,56.13655552,1.974244157e-27,5.189287879e-28,5.765507186e-06,2.157982152,1.504749901,0.0002611431698,0.004149421626,0.4214436487,1.199040867e-14,nan,5.414222955e-10,0.04162908774,68224.87863,6.096558548e-29,70759.97944,-9.348697816e-30,57206.91354,5.189287879e-28,0.001936828676,0.003907942254,0.004471234177,0.006031381373,0.02236709207,0.01164908812,0.008612365384,0.008441821684,0.009880917619,0.01387555217,0.03950116788,0.8693246086
0.0017,0.872404009,0.02198376131,0.03786374804,0.962136252,0.4258902822,0.364217517,0.4174872115,0.5775398332,0.5038480658,0.2459686025,0.210350124,1.173907684,3.785650594e-29,57132.667,0.1762264034,55.64819567,1.961370568e-27,5.005375637e-28,5.74900233e-06,2.162798584,1.510917403,0.000264475644,0.004203618634,0.4224601668,1.243449788e-14,nan,5.083687091e-10,0.04163847765,68251.42846,4.868073212e-29,70774.92333,-1.457266357e-29,57132.667,5.005375637e-28,0.001876779313,0.003794478672,0.004346584951,0.005862143802,0.02198376131,0.01136177087,0.008383623025,0.008211879378,0.009627224062,0.01350979742,0.03863794822,0.872404009
0.001725,0.8753758213,0.02161418507,0.03704524973,0.9629547503,0.4266937723,0.3662305293,0.4183694824,0.5765518684,0.5046995653,0.2460110916,0.2111508959,1.172522311,3.780762537e-29,57058.89692,0.1772900654,55.17960964,1.948911737e-27,4.831133201e-28,5.732730411e-06,2.167462379,1.51693515,0.0002678029604,0.004257752909,0.4234481316,1.265654248e-14,nan,4.780113419e-10,0.04162955905,68277.61738,3.749985917e-29,70789.68591,-1.925328766e-29,57058.89692,4.831133201e-28,0.001819154246,0.003685553027,0.004226810509,0.005699546878,0.02161418507,0.01108429402,0.008162943802,0.007990148278,0.00938243954,0.01315698314,0.0378021202,0.8753758213
0.00175,0.8782455756,0.02125661592,0.03625640312,0.9637435969,0.4274875003,0.368197469,0.4192420426,0.5755912443,0.5055104637,0.2460580622,0.2119312393,1.171148787,3.775906444e-29,56985.60925,0.1783467716,54.72802758,1.936822545e-27,4.669139302e-28,5.716688081e-06,2.171980392,1.522809377,0.0002711252563,0.004311826448,0.4244087557,1.287858709e-14,nan,4.50108585e-10,0.04164306535,68303.43541,2.754889349e-29,70804.25748,-2.318062969e-29,56985.60925,4.669139302e-28,0.001763846553,0.003580956606,0.004111690008,0.005543294032,0.02125661592,0.0108162477,0.007949986724,0.007776281103,0.009146191893,0.01281657305,0.03699274082,0.8782455756
0.001775,0.8810177491,0.02091015935,0.03549552736,0.9645044726,0.4282719276,0.3701201556,0.4201052204,0.5746567864,0.5062828285,0.2461093696,0.2126920592,1.169785985,3.771078876e-29,56912.75207,0.1793972709,54.29128926,1.92502958e-27,4.517045309e-28,5.700861512e-06,2.176359132,1.528546145,0.0002744426632,0.004365841153,0.4253432136,1.33226763e-14,nan,4.244421892e-10,0.04163522665,68328.87459,1.852061739e-29,70818.63073,-2.665708267e-29,56912.75207,4.517045309e-28,0.001710754113,0.003480491028,0.004001016337,0.005393106529,0.02091015935,0.01055724146,0.007744427244,0.007569947163,0.008918130666,0.01248805615,0.03620892087,0.8810177491
0.0018,0.8836965781,0.02057406514,0.03476111336,0.9652388866,0.4290472866,0.3720011115,0.4209602264,0.5737474065,0.5070186198,0.2461647679,0.213434673,1.168433681,3.766279819e-29,56840.32517,0.180441566,53.87083874,1.91360386e-27,4.3760713e-28,5.685246557e-06,2.180604786,1.534151066,0.0002777553065,0.00441979884,0.4262525935,1.33226763e-14,nan,4.008148582e-10,0.041622993,68353.9279,1.051573552e-29,70832.79828,-2.956016742e-29,56840.32517,4.3760713e-28,0.001659779258,0.003383967436,0.003894588287,0.005248713236,0.02057406514,0.01030690235,0.007545955737,0.007370830859,0.008697915337,0.01217094248,0.03544976178,0.8836965781
0.001825,0.8862827052,0.02025096441,0.03405508078,0.9659449192,0.4298134122,0.3738379791,0.4218044389,0.5728620491,0.5077177266,0.246223792,0.2141575908,1.167092241,3.76151051e-29,56768.34722,0.1814793879,53.46401904,1.902469795e-27,4.242145005e-28,5.669842703e-06,2.184723232,1.539629675,0.000281063306,0.004473701243,0.4271379509,1.33226763e-14,nan,3.790480967e-10,0.04163975866,68378.58917,3.38872123e-30,70846.75355,-3.199320544e-29,56768.34722,4.242145005e-28,0.001610828746,0.003291206321,0.003792219243,0.005109862067,0.02025096441,0.01006487501,0.007354277404,0.007178631583,0.008485228407,0.01186476576,0.03471443586,0.8862827052
0.00185,0.8887856624,0.01993452924,0.03337041159,0.9666295884,0.4305709813,0.3756374768,0.4226412427,0.5719997213,0.5083851512,0.2462864813,0.214864532,1.165760546,3.756767521e-29,56696.76649,0.1825114825,53.06995156,1.891588964e-27,4.118683211e-28,5.654636636e-06,2.188720055,1.544987056,0.0002843667765,0.004527550016,0.4280002787,1.33226763e-14,nan,3.589802426e-10,0.0415969843,68402.8554,-2.890613895e-30,70860.49302,-3.393452765e-29,56696.76649,4.118683211e-28,0.001563813482,0.003202036892,0.003693726204,0.00497630577,0.01993452924,0.009830820191,0.007169111118,0.00699306257,0.008279758936,0.01156907878,0.03400209444,0.8887856624
0.001875,0.8912014664,0.01963176927,0.03271346553,0.9672865345,0.431319701,0.3773951785,0.4234678608,0.5711594884,0.5090181737,0.2463523398,0.2155528371,1.16443881,3.752052853e-29,56625.61319,0.1835374141,52.68796821,1.880943253e-27,4.001530268e-28,5.639630127e-06,2.192600565,1.55022816,0.0002876658277,0.00458134674,0.4288405116,1.376676551e-14,nan,3.404647626e-10,0.04160567897,68426.72161,-8.458294766e-30,70874.01043,-3.555342761e-29,56625.61319,4.001530268e-28,0.001518648352,0.003116296588,0.003598938378,0.004847812938,0.01963176927,0.009604414023,0.006990188713,0.006813850191,0.008081215028,0.01128345494,0.03331194516,0.8912014664
0.0019,0.8935400156,0.0193356826,0.03207662149,0.9679233785,0.4320605997,0.3791181877,0.4242878674,0.5703404337,0.509622,0.2464216298,0.2162264316,1.163125955,3.747362423e-29,56554.82568,0.1845580716,52.31848755,1.870567323e-27,3.894240816e-28,5.624808493e-06,2.196369814,1.555357729,0.0002909605644,0.004635092926,0.4296595663,1.398881011e-14,nan,3.233687482e-10,0.04158314354,68450.18717,-1.325899614e-29,70887.30424,-3.673004787e-29,56554.82568,3.894240816e-28,0.00147525216,0.003033830972,0.003507692922,0.004724162832,0.0193356826,0.009385347902,0.00681725486,0.006640733826,0.007889318077,0.01100748722,0.03264322098,0.8935400156
0.001925,0.8957992731,0.01905109597,0.03146411368,0.9685358863,0.4327929898,0.3808017025,0.4250971327,0.569541714,0.5101950534,0.2464936612,0.2168824543,1.161822621,3.742699196e-29,56484.44872,0.1855728095,51.96044888,1.860426881e-27,3.791420018e-28,5.6101763e-06,2.200032601,1.56038022,0.0002942510873,0.004688790019,0.430458286,1.421085472e-14,nan,3.075715311e-10,0.04155993806,68473.24904,-1.742350867e-29,70900.37006,-3.757906292e-29,56484.44872,3.791420018e-28,0.001433547301,0.002954492912,0.003419833858,0.004605143644,0.01905109597,0.009173326765,0.006650065653,0.006473464457,0.007703800295,0.01074078571,0.03199517033,0.8957992731
0.00195,0.8979860212,0.01877391821,0.03087128258,0.9691287174,0.4335175235,0.3824521534,0.4258998964,0.5687625152,0.510740788,0.2465685171,0.2175244487,1.160527971,3.738060642e-29,56414.44411,0.1865821785,51.61072371,1.850441035e-27,3.69698664e-28,5.595723324e-06,2.203593498,1.56529984,0.0002975374924,0.004742439397,0.4312374848,1.465494393e-14,nan,2.929539054e-10,0.04154662705,68495.9084,-2.095954578e-29,70913.20746,-3.811093312e-29,56414.44411,3.69698664e-28,0.001393459723,0.00287814252,0.003335210874,0.004490551244,0.01877391821,0.008968069146,0.006488388602,0.006311804659,0.007524403614,0.01048297763,0.03136705255,0.8979860212
0.001975,0.9001013449,0.01850556783,0.03029901829,0.9697009817,0.4342343637,0.3840677752,0.4266939244,0.568002057,0.5112594154,0.2466460118,0.2181512863,1.15924188,3.73344646e-29,56344.80734,0.187586244,51.27166956,1.84070053e-27,3.608088202e-28,5.581445561e-06,2.207056848,1.5701208,0.0003008198722,0.004796042383,0.431997943,1.465494393e-14,nan,2.765835013e-10,0.04151447542,68518.16328,-2.397584488e-29,70925.81288,-3.837790823e-29,56344.80734,3.608088202e-28,0.001354918745,0.002804646695,0.003253686589,0.004380198429,0.01850556783,0.00876930638,0.00633200193,0.006155527885,0.007350890007,0.01023370838,0.03075820218,0.9001013449
0.002,0.9021466461,0.01824714402,0.02974789805,0.970252102,0.4349435476,0.3856492633,0.4274795733,0.5672596066,0.5117513516,0.2467259057,0.2187632494,1.157964383,3.728857134e-29,56275.54568,0.1885849007,50.94174034,1.831119639e-27,3.524993026e-28,5.567341122e-06,2.210426789,1.574846829,0.0003040983149,0.004849600239,0.4327403934,1.487698853e-14,nan,2.615263437e-10,0.04150040189,68540.01661,-2.635089895e-29,70938.18743,-3.827141134e-29,56275.54568,3.524993026e-28,0.001317856879,0.002733878725,0.003175122114,0.004273896313,0.01824714402,0.008576781748,0.006180693887,0.006004417794,0.007183020157,0.009992636528,0.03016790578,0.9021466461
0.002025,0.9041277537,0.01799511258,0.02921390788,0.9707860921,0.4356453304,0.3872003797,0.4282584824,0.5665344607,0.5122195293,0.2468080923,0.2193623583,1.156694807,3.724290927e-29,56206.63292,0.1895785268,50.62294841,1.821800947e-27,3.448408033e-28,5.55340236e-06,2.213707259,1.57948176,0.0003073729053,0.004903114174,0.4334655393,1.509903313e-14,nan,2.476706601e-10,0.04148024059,68561.46762,-2.834205072e-29,70950.32821,-3.802447946e-29,56206.63292,3.448408033e-28,0.001282209723,0.002665718068,0.003099392799,0.004171474702,0.01799511258,0.008390250147,0.006034262447,0.005858267935,0.007020576927,0.009759438097,0.0295955429,0.9041277537
0.00205,0.9060453681,0.01775103655,0.02869814198,0.971301858,0.4363398973,0.3887194546,0.4290286869,0.5658259416,0.5126639735,0.2468924332,0.2199475514,1.155433171,3.719748047e-29,56138.07223,0.1905670767,50.31045663,1.812585507e-27,3.375458669e-28,5.539626893e-06,2.216902005,1.584029077,0.0003106437247,0.004956585346,0.4341740584,1.509903313e-14,nan,2.349147703e-10,0.04143587119,68582.52032,-2.991645553e-29,70962.23758,-3.757869264e-29,56138.07223,3.375458669e-28,0.001247915825,0.002600050001,0.003026374824,0.004072764779,0.01775103655,0.008209477549,0.005892514808,0.005716881243,0.006863345181,0.009533801936,0.0290404692,0.9060453681
0.002075,0.9079012338,0.01751532684,0.02820056653,0.9717994335,0.4370274365,0.3902082646,0.4297915347,0.565133429,0.5130853374,0.2469788138,0.2205197346,1.15417915,3.715227631e-29,56069.85055,0.1915507384,50.00641867,1.803547041e-27,3.308014551e-28,5.526009547e-06,2.220014598,1.588492118,0.000313910851,0.005010014864,0.434866571,1.554312234e-14,nan,2.231661074e-10,0.04142185714,68603.17502,-3.0887075e-29,70973.91333,-3.673369507e-29,56069.85055,3.308014551e-28,0.001214916481,0.002536765211,0.002955951228,0.003977606768,0.01751532684,0.008034239985,0.005755266615,0.00558006927,0.006711120824,0.00931543048,0.02850207252,0.9079012338
0.0021,0.9096993358,0.01728603218,0.02771881167,0.9722811883,0.4377080903,0.3916687736,0.4305474987,0.5644562947,0.5134855164,0.2470670868,0.2210799047,1.152932714,3.710730037e-29,56001.97331,0.1925294338,49.7086341,1.794621901e-27,3.244923238e-28,5.512548579e-06,2.223048437,1.592874178,0.0003171743592,0.00506340379,0.4355437053,1.554312234e-14,nan,2.123403436e-10,0.04138590315,68623.43631,-3.169697547e-29,70985.35818,-3.59398513e-29,56001.97331,3.244923238e-28,0.001183155746,0.002475759805,0.002888012712,0.00388585123,0.01728603218,0.007864323974,0.005622342199,0.005447652403,0.006563712062,0.009104040433,0.02797978144,0.9096993358
0.002125,0.9114410971,0.01706371808,0.0272530367,0.9727469633,0.4383818981,0.3931006094,0.4312956817,0.5637939731,0.5138649974,0.247157072,0.2216277544,1.151693625,3.706254328e-29,55934.42635,0.193503367,49.41757139,1.785843335e-27,3.186563963e-28,5.499238795e-06,2.226006762,1.597178268,0.000320434321,0.005116753141,0.4362060269,1.554312234e-14,nan,2.023606122e-10,0.04135237423,68643.30599,-3.203625277e-29,70996.57149,-3.483954098e-29,55934.42635,3.186563963e-28,0.001152580157,0.002416934706,0.002822452118,0.003797351638,0.01706371808,0.007699524999,0.005493573411,0.005319458712,0.006420930996,0.008899359474,0.02747301856,0.9114410971
0.00215,0.9131278518,0.01684891911,0.02680339524,0.9731966048,0.4390491547,0.3945048374,0.4320368025,0.5631458998,0.5142242057,0.2472487313,0.2221637816,1.150461887,3.701800903e-29,55867.2157,0.1944724511,49.13358849,1.77720813e-27,3.131497168e-28,5.486078705e-06,2.22889266,1.601407379,0.0003236908057,0.005170063893,0.4368541002,1.598721155e-14,nan,1.931568013e-10,0.04132484525,68662.78832,-3.205454562e-29,71007.55536,-3.36131262e-29,55867.2157,3.131497168e-28,0.001123138742,0.002360195676,0.002759169964,0.003711971747,0.01684891911,0.007539647908,0.005368799852,0.005195324159,0.006282601983,0.008701128309,0.02698125072,0.9131278518
0.002175,0.9147635535,0.01663950999,0.02636739194,0.9736326081,0.4397100214,0.3958833732,0.4327712573,0.5625115549,0.5145650688,0.2473419679,0.2226889718,1.149236924,3.697368305e-29,55800.31936,0.1954370034,48.85643059,1.768709338e-27,3.080763361e-28,5.473061954e-06,2.231709072,1.605564247,0.0003269438796,0.005223336982,0.4374884451,1.576516695e-14,nan,1.846649181e-10,0.04128132523,68681.88709,-3.178173845e-29,71018.31105,-3.22252258e-29,55800.31936,3.080763361e-28,0.001094782819,0.002305452895,0.002698068483,0.003629577757,0.01663950999,0.007384505864,0.005247868073,0.005075091809,0.006148552648,0.008509097815,0.02650393837,0.9147635535
0.0022,0.9163477599,0.01643763852,0.02594682988,0.9740531701,0.4403643907,0.397235284,0.4334983959,0.5618904287,0.5148870356,0.2474365363,0.223202704,1.148019008,3.692957368e-29,55733.74994,0.1963968418,48.58608443,1.760361598e-27,3.032816654e-28,5.460188318e-06,2.234458804,1.609651621,0.0003301936064,0.005276573304,0.4381095713,1.643130076e-14,nan,1.768265258e-10,0.04126067821,68700.60575,-3.127391395e-29,71028.83976,-3.077321618e-29,55733.74994,3.032816654e-28,0.00106746595,0.002252620853,0.002639057977,0.003550046587,0.01643763852,0.007233920383,0.005130631532,0.004958611772,0.006018623344,0.008323030866,0.02604059235,0.9163477599
0.002225,0.9178847202,0.01624072558,0.0255387947,0.9744612053,0.4410128815,0.3985633531,0.4342194007,0.5612820409,0.515192209,0.2475326102,0.2237064522,1.146807534,3.68856615e-29,55667.47811,0.1973523894,48.32081776,1.752103338e-27,2.989642727e-28,5.447450418e-06,2.237144529,1.613672025,0.0003334400475,0.005329773722,0.4387179591,1.643130076e-14,nan,1.695882294e-10,0.04121869358,68718.9491,-3.03765082e-29,71039.14374,-2.906184714e-29,55667.47811,2.989642727e-28,0.001041143807,0.002201618078,0.002582050086,0.003473257152,0.01624072558,0.007087720669,0.005016950088,0.004845740697,0.00589265717,0.008142699712,0.02559071679,0.9178847202
0.00225,0.9193743109,0.01605048355,0.02514468108,0.9748553189,0.4416549913,0.3998660381,0.4349327943,0.5606859302,0.5154802407,0.2476297396,0.2241992615,1.145602863,3.684196514e-29,55601.53199,0.1983032407,48.06132632,1.743976798e-27,2.947454705e-28,5.434850773e-06,2.239768798,1.6176279,0.0003366832619,0.005382939062,0.4393140698,1.643130076e-14,nan,1.629012102e-10,0.04118319393,68736.92166,-2.948257966e-29,71049.22534,-2.748459126e-29,55601.53199,2.947454705e-28,0.001015774083,0.002152366947,0.002526961437,0.003399095062,0.01605048355,0.006945743371,0.004906689763,0.004736341529,0.00577050524,0.007967886688,0.02515384143,0.9193743109
0.002275,0.9208200935,0.01586486418,0.0247621392,0.9752378608,0.4422914312,0.4011466956,0.4356406843,0.5601016569,0.5157528601,0.2477281635,0.2246829289,1.144404492,3.679846577e-29,55535.88317,0.1992498055,47.80569873,1.735914111e-27,2.90999957e-28,5.42238234e-06,2.242334044,1.621521605,0.0003399233065,0.005436070117,0.4398983431,1.665334537e-14,nan,1.567208116e-10,0.04114863306,68754.5278,-2.812868706e-29,71059.08619,-2.555648333e-29,55535.88317,2.90999957e-28,0.0009913163948,0.002104793496,0.002473713145,0.003327451991,0.01586486418,0.006807832179,0.00479972242,0.004630283182,0.005652026159,0.007798383701,0.02472951967,0.9208200935
0.0023,0.9222220339,0.01568536043,0.02439237295,0.9756076271,0.4429220896,0.4024038678,0.4363416325,0.5595288022,0.51600979,0.2478276663,0.2251565541,1.143212493,3.675516665e-29,55470.53655,0.2001920127,47.55553875,1.72796475e-27,2.87355752e-28,5.410043821e-06,2.244842589,1.62535537,0.0003431602359,0.00548916765,0.4404711978,1.731947918e-14,nan,1.510061686e-10,0.04110257555,68771.77222,-2.677015541e-29,71068.72867,-2.37539272e-29,55470.53655,2.87355752e-28,0.0009677321953,0.002058827219,0.002422229351,0.003258223759,0.01568536043,0.006673837491,0.00469592547,0.004527440245,0.005537083501,0.007633991334,0.02431731516,0.9222220339
0.002325,0.92358219,0.01551132818,0.02403445942,0.9759655406,0.4435468112,0.4036385037,0.4370358243,0.5589669646,0.5162519333,0.2479280147,0.2256205892,1.14202674,3.671206808e-29,55405.49262,0.2011298557,47.31001385,1.720116173e-27,2.84086029e-28,5.397833186e-06,2.247296649,1.629131284,0.0003463941029,0.005542232392,0.4410330354,1.731947918e-14,nan,1.45719863e-10,0.04107292499,68788.66068,-2.507582595e-29,71078.15605,-2.170233671e-29,55405.49262,2.84086029e-28,0.0009449846891,0.002014400918,0.002372436381,0.003191309249,0.01551132818,0.006543616129,0.004595181641,0.004427692739,0.005425544854,0.007474518356,0.02391679689,0.92358219
0.00235,0.9249036331,0.0153410038,0.02368637738,0.9763136226,0.4441663242,0.4048537765,0.4377253608,0.558415757,0.5164807624,0.2480294742,0.2260767281,1.140846899,3.666915845e-29,55340.73382,0.2020635876,47.06869106,1.712355361e-27,2.810648741e-28,5.385745514e-06,2.249698337,1.632851476,0.0003496249581,0.005595265047,0.441584243,1.731947918e-14,nan,1.408276156e-10,0.04102851827,68805.19681,-2.338845335e-29,71087.36958,-1.976446841e-29,55340.73382,2.810648741e-28,0.0009230387573,0.001971450556,0.002324267584,0.003126616681,0.0153410038,0.006417031058,0.004497378744,0.004330925886,0.005317288872,0.00731978281,0.0235275822,0.9249036331
0.002375,0.9261844531,0.01517759985,0.02335108494,0.9766489151,0.4447802657,0.4060458842,0.4384071475,0.5578748101,0.5166949758,0.2481317062,0.2265227705,1.139673261,3.662644963e-29,55276.27809,0.2029929495,46.83201681,1.70468767e-27,2.781592315e-28,5.373781833e-06,2.252049675,1.636517848,0.0003528528504,0.005648266292,0.4421251899,1.754152379e-14,nan,1.362980121e-10,0.04098847405,68821.38711,-2.138678521e-29,71096.37319,-1.760289201e-29,55276.27809,2.781592315e-28,0.000901860867,0.001929915039,0.002277655615,0.003064053567,0.01517759985,0.006293951045,0.004402409362,0.00423702979,0.005212193659,0.007169609278,0.02314926885,0.9261844531
0.0024,0.9274300984,0.01501689906,0.02302412491,0.9769758751,0.445388852,0.4072196067,0.4390838807,0.5573437789,0.5168973957,0.2482347059,0.2269613144,1.138505305,3.658392494e-29,55212.10025,0.2039183048,46.60011079,1.697123249e-27,2.75523942e-28,5.361936031e-06,2.25435259,1.640132263,0.0003560778272,0.005701236777,0.4426562211,1.776356839e-14,nan,1.292649293e-10,0.04094827183,68837.23569,-1.938122105e-29,71105.16861,-1.550169577e-29,55212.10025,2.75523942e-28,0.0008814189926,0.001889736115,0.002232537466,0.00300353327,0.01501689906,0.006174250311,0.004310170623,0.004145899213,0.005110144493,0.007023830139,0.02278148194,0.9274300984
0.002425,0.9286392127,0.01486142277,0.02270779241,0.9772922076,0.4459922747,0.4083734638,0.4397547059,0.5568223172,0.5170870383,0.2483384519,0.2273914584,1.137343162,3.654159015e-29,55148.209,0.2048395277,46.37137513,1.689626961e-27,2.731016668e-28,5.350207755e-06,2.256608924,1.643696554,0.0003592999337,0.005754177129,0.4431776828,1.776356839e-14,nan,1.218227589e-10,0.04090123538,68852.74855,-1.716875749e-29,71113.75951,-1.329497347e-29,55148.209,2.731016668e-28,0.0008616825775,0.001850858244,0.002188854199,0.002944974627,0.01486142277,0.006057808553,0.004220564121,0.004057433477,0.005011033167,0.006882285286,0.02242387031,0.9286392127
0.00245,0.9298128303,0.01471128301,0.0224019783,0.9775980217,0.4465905131,0.4095076289,0.4404194216,0.5563101135,0.5172642811,0.248442819,0.2278132355,1.136186832,3.649944714e-29,55084.60719,0.2057565774,46.14668687,1.682216156e-27,2.708261203e-28,5.338595639e-06,2.258820437,1.647212384,0.0003625192139,0.005807087949,0.4436898865,1.82076576e-14,nan,1.148776989e-10,0.04086857014,68867.93014,-1.489693352e-29,71122.14774,-1.108153452e-29,55084.60719,2.708261203e-28,0.0008426224127,0.001813228391,0.002146547301,0.002888297183,0.01471128301,0.005944510285,0.004133495464,0.003971536024,0.004914752658,0.006744820486,0.0220760765,0.9298128303
0.002475,0.930954564,0.01456393082,0.02210392858,0.9778960714,0.4471839378,0.4106244756,0.4410789651,0.5558068437,0.5174309179,0.248547893,0.2282278938,1.135035714,3.645747607e-29,55021.26486,0.2066698856,45.92609182,1.674896869e-27,2.687600125e-28,5.327093063e-06,2.260988812,1.650681458,0.0003657357101,0.005859969816,0.4441931563,1.82076576e-14,nan,1.083941514e-10,0.04082308399,68882.78681,-1.249634617e-29,71130.33743,-8.81376112e-30,55021.26486,2.687600125e-28,0.0008242106439,0.001776796046,0.00210556351,0.002833427567,0.01456393082,0.00583424511,0.004048874425,0.003888114551,0.00482120442,0.00661128905,0.02173777988,0.930954564
0.0025,0.9320637699,0.01442107534,0.02181514878,0.9781848512,0.4477722479,0.411722844,0.4417324837,0.5553122283,0.517586409,0.2486534048,0.22863473,1.133890384,3.64156986e-29,54958.21471,0.2075789812,45.70805075,1.667621229e-27,2.667896483e-28,5.315703681e-06,2.263115655,1.654105266,0.0003689494632,0.005912823289,0.4446877717,1.82076576e-14,nan,1.023392939e-10,0.04077208742,68897.3228,-1.005706356e-29,71138.33036,-6.559538475e-30,54958.21471,2.667896483e-28,0.0008064206203,0.001741512891,0.002065848644,0.002780291284,0.01442107534,0.005726906891,0.00396661431,0.003807080387,0.004730288864,0.006481549027,0.02140864188,0.9320637699
0.002525,0.9331415068,0.01428262892,0.02153536562,0.9784646344,0.4483558031,0.4128038096,0.4423807178,0.5548259697,0.5177311414,0.2487594433,0.229034274,1.132750444,3.637409916e-29,54895.43324,0.2084842026,45.49377029,1.660439931e-27,2.649931397e-28,5.304422027e-06,2.265202505,1.657485391,0.0003721605128,0.005965648905,0.4451740303,1.842970221e-14,nan,9.668284632e-11,0.04073932223,68911.54418,-7.492564491e-30,71146.13025,-4.253765181e-30,54895.43324,2.649931397e-28,0.0007892269298,0.001707332913,0.002027354718,0.002728822143,0.01428262892,0.00562239418,0.003886632253,0.00372834877,0.004641916262,0.00635546582,0.02108837026,0.9331415068
0.00255,0.9341898915,0.01414744569,0.02126324902,0.978736751,0.4489347404,0.413868325,0.4430237672,0.5543478049,0.5178661157,0.2488659879,0.2294269975,1.131615644,3.633267452e-29,54832.91558,0.2093856203,45.28246264,1.653317895e-27,2.634004767e-28,5.293245716e-06,2.26725083,1.660823232,0.0003753688969,0.006018447182,0.4456521951,1.865174681e-14,nan,9.139684654e-11,0.04069066816,68925.45558,-4.821322983e-30,71153.7395,-1.866398116e-30,54832.91558,2.634004767e-28,0.0007726052656,0.001674212118,0.001990032938,0.002678953005,0.01414744569,0.005520609473,0.003808848664,0.003651838302,0.004555996114,0.006232909295,0.02077665765,0.9341898915
0.002575,0.9352088737,0.01401649135,0.02099959149,0.9790004085,0.4495089763,0.4149160408,0.44366136,0.5538774675,0.5179911225,0.2489728934,0.2298126459,1.130486212,3.629143101e-29,54770.67129,0.2102830965,45.07479042,1.64628277e-27,2.618414916e-28,5.282174762e-06,2.269262036,1.664120179,0.0003785746524,0.006071218617,0.4461225325,1.887379142e-14,nan,8.64554628e-11,0.04065223796,68939.06298,-2.231159035e-30,71161.16183,3.597652864e-31,54770.67129,2.618414916e-28,0.0007565324255,0.001642108543,0.001953837869,0.002630621302,0.01401649135,0.005421459399,0.003733187327,0.003577471039,0.004472443396,0.006113755173,0.02047321852,0.9352088737
0.0026,0.9362009406,0.01388815463,0.02074261667,0.9792573833,0.4500786785,0.4159483839,0.444293918,0.5534147103,0.5181073723,0.2490801614,0.2301919544,1.129361935,3.625036175e-29,54708.68997,0.2111767809,44.87080859,1.639335949e-27,2.605231241e-28,5.271205986e-06,2.271237469,1.667377568,0.0003817778151,0.006123963693,0.4465852897,1.909583602e-14,nan,8.183480895e-11,0.04060432701,68952.37108,5.804423539e-31,71168.39944,2.796735096e-30,54708.68997,2.605231241e-28,0.0007409862293,0.001610982093,0.001918726275,0.002583767435,0.01388815463,0.005324854305,0.003659575097,0.003505172186,0.00439117688,0.005997884252,0.02017778005,0.9362009406
0.002625,0.9371653274,0.01376404979,0.02049377958,0.9795062204,0.4506439513,0.4169645586,0.4449210256,0.5529592905,0.5182142745,0.2491877596,0.2305644265,1.128242697,3.620946435e-29,54646.96801,0.2120667257,44.66858541,1.632418045e-27,2.591487674e-28,5.260337352e-06,2.273178416,1.670596657,0.0003849784193,0.006176682874,0.4470407095,1.909583602e-14,nan,7.751278798e-11,0.04055794441,68965.38546,3.310601771e-30,71175.45599,5.089857874e-30,54646.96801,2.591487674e-28,0.0007259454893,0.001580794481,0.001884656191,0.002538333623,0.01376404979,0.005230708224,0.00358794184,0.003434870034,0.004312117559,0.005885182039,0.01989007329,0.9371653274
0.00265,0.9381040131,0.01364300912,0.02025176093,0.9797482391,0.4512048306,0.4179660351,0.4455433824,0.5525109826,0.51831277,0.2492956243,0.2309308247,1.127128451,3.616873964e-29,54585.50668,0.2129529126,44.4693444,1.62557211e-27,2.580353374e-28,5.249567641e-06,2.275086108,1.673778662,0.0003881764985,0.006229376605,0.4474890174,1.909583602e-14,nan,7.346894392e-11,0.04052005716,68978.11084,6.189032656e-30,71182.33378,7.508515092e-30,54585.50668,2.580353374e-28,0.000711389948,0.001551509119,0.001851587783,0.002494264966,0.01364300912,0.005138938587,0.003518220228,0.003366495754,0.004235190148,0.005775538743,0.01960984251,0.9381040131
0.002675,0.9390185541,0.01352424463,0.02001562971,0.9799843703,0.4517615511,0.4189535703,0.4461611205,0.552069557,0.5184035572,0.2494037994,0.2312915119,1.126019099,3.612818204e-29,54524.29755,0.2138354632,44.27368565,1.618812118e-27,2.569548697e-28,5.238894156e-06,2.276961724,1.676924783,0.0003913720849,0.006282045318,0.447930443,1.976196984e-14,nan,6.968432651e-11,0.04046659012,68990.5529,8.927320532e-30,71189.03646,9.732890084e-30,54524.29755,2.569548697e-28,0.0006973002603,0.001523091086,0.001819483724,0.002451510015,0.01352424463,0.005049466256,0.003450345735,0.003299983381,0.004160323477,0.005668849369,0.01933684794,0.9390185541
0.0027,0.9399069237,0.01341054888,0.0197880368,0.9802119632,0.4523138387,0.4199250636,0.4467730293,0.5516348102,0.5184853775,0.2495120586,0.2316452828,1.124914824,3.60878008e-29,54463.35457,0.2147141761,44.0797306,1.612085442e-27,2.55980264e-28,5.228317765e-06,2.278806395,1.680036086,0.0003945652098,0.006334689431,0.4483651898,1.953992523e-14,nan,6.614137468e-11,0.04042891729,69002.71655,1.193584214e-29,71195.56672,1.223173741e-29,54463.35457,2.55980264e-28,0.0006836579108,0.00149550694,0.001788306264,0.002410016807,0.01341054888,0.004962215096,0.003384256298,0.003235269486,0.004087446082,0.00556501233,0.01907084021,0.9399069237
0.002725,0.9407740174,0.01329772759,0.01956465834,0.9804353417,0.4528622005,0.4208848824,0.4473814909,0.5512065321,0.5185607836,0.2496206031,0.2319944965,1.123815195,3.604758043e-29,54402.65438,0.2155893884,43.88777799,1.605408704e-27,2.550951046e-28,5.217833457e-06,2.2806212,1.683113696,0.0003977559034,0.006387309344,0.4487934679,1.998401444e-14,nan,6.282379866e-11,0.04038182404,69014.60664,1.471236926e-29,71201.92739,1.443437403e-29,54402.65438,2.550951046e-28,0.000670445221,0.001468724801,0.001758021774,0.002369738958,0.01329772759,0.004877112132,0.00331989246,0.003172293305,0.004016493198,0.005463931106,0.0188116021,0.9407740174
0.00275,0.9416173354,0.01318897206,0.01934855865,0.9806514414,0.4534064396,0.4218297648,0.4479842809,0.5507845264,0.5186282581,0.2497292511,0.2323373072,1.122720311,3.600752694e-29,54342.20605,0.2164609692,43.69834958,1.59879067e-27,2.542971254e-28,5.207441424e-06,2.282407178,1.686158638,0.0004009441951,0.006439905447,0.4492154736,1.998401444e-14,nan,5.971648742e-11,0.04033454545,69026.22845,1.773580082e-29,71208.1216,1.68892089e-29,54342.20605,2.542971254e-28,0.0006576452761,0.00144271413,0.001728596813,0.00233063037,0.01318897206,0.004794087219,0.003257197053,0.003110996423,0.003947400582,0.005365512482,0.01855891222,0.9416173354
0.002775,0.9424388291,0.01308300462,0.01913833684,0.9808616632,0.4539467169,0.4227618253,0.448582775,0.5503686116,0.5186887499,0.2498380243,0.2326748388,1.121630156,3.596763753e-29,54282.00534,0.2173289798,43.5124672,1.59226369e-27,2.535314382e-28,5.197139741e-06,2.284165319,1.68917187,0.0004041301133,0.006492478113,0.4496313884,2.020605905e-14,nan,5.680540881e-11,0.04029562822,69037.58635,2.058466232e-29,71214.15177,1.911759773e-29,54282.00534,2.535314382e-28,0.0006452418961,0.001417445735,0.001699998621,0.002292645971,0.01308300462,0.004713072907,0.00319611515,0.003051322728,0.003880105414,0.005269666743,0.01831255107,0.9424388291
0.0028,0.9432401365,0.01297880969,0.01893286385,0.9810671362,0.4544830552,0.4236816185,0.4491768343,0.5499585954,0.5187430206,0.2499468627,0.2330073478,1.12054475,3.59279152e-29,54222.0568,0.2181933544,43.32880286,1.585792901e-27,2.52937741e-28,5.186927972e-06,2.285896577,1.692154389,0.0004073136855,0.006545027705,0.4500414046,2.042810365e-14,nan,5.407753158e-11,0.04024493598,69048.68635,2.356084954e-29,71220.0219,2.148115816e-29,54222.0568,2.52937741e-28,0.0006332196271,0.00139289174,0.001672197712,0.002255745082,0.01297880969,0.004634004541,0.003136594082,0.002993218415,0.003814550205,0.00517630843,0.01807232399,0.9432401365
0.002825,0.9440203619,0.01287790185,0.01873354201,0.981266458,0.4550155491,0.4245885047,0.449766257,0.5495543142,0.5187904625,0.250055758,0.2333344445,1.119463835,3.588835159e-29,54162.34778,0.2190542754,43.14665362,1.579353143e-27,2.522976849e-28,5.176802924e-06,2.287601862,1.69510708,0.0004104949385,0.006597554573,0.4504456858,2.065014826e-14,nan,5.152074518e-11,0.04019733167,69059.53179,2.644857247e-29,71225.73331,2.371634321e-29,54162.34778,2.522976849e-28,0.0006215636618,0.001369025418,0.001645164348,0.002219886733,0.01287790185,0.004556819796,0.003078583106,0.002936631667,0.003750677297,0.005085354779,0.01783802949,0.9440203619
0.00285,0.9447809091,0.01277946437,0.01853944845,0.9814605516,0.4555442887,0.4254831888,0.4503511711,0.5491555935,0.5188317208,0.2501646942,0.2336564731,1.118387363,3.584894639e-29,54102.87784,0.2199117492,42.96716964,1.57298376e-27,2.518029648e-28,5.166763427e-06,2.28928205,1.698030829,0.0004136738981,0.006650059055,0.4508444065,2.087219286e-14,nan,4.912378923e-11,0.04015678346,69070.12869,2.946246097e-29,71231.29019,2.607144459e-29,54102.87784,2.518029648e-28,0.0006102598554,0.001345821247,0.001618870557,0.002185032417,0.01277946437,0.004481458905,0.003022033559,0.002881512788,0.003688432147,0.004996726614,0.01760947846,0.9447809091
0.002875,0.9455228374,0.01268300147,0.01834998598,0.981650014,0.4560693915,0.4263666232,0.450932126,0.5487622765,0.5188672648,0.2502736775,0.2339739188,1.117315292,3.580969697e-29,54043.643,0.2207658332,42.78955815,1.566655627e-27,2.513254886e-28,5.156807753e-06,2.290937979,1.70092648,0.0004168505896,0.006702541479,0.4512377235,2.087219286e-14,nan,4.687619257e-11,0.04010503931,69080.4808,3.23430317e-29,71236.69434,2.827734665e-29,54043.643,2.513254886e-28,0.0005992946627,0.001323254783,0.00159328968,0.002151145385,0.01268300147,0.004407864311,0.002966898596,0.002827813956,0.003627762415,0.00491034778,0.01738648954,0.9455228374
0.0029,0.9462457074,0.01258949477,0.01816603908,0.9818339609,0.4565907192,0.4272380576,0.451508582,0.5483742035,0.518896736,0.250382572,0.2342863295,1.116247871,3.577061297e-29,53984.65781,0.2216163176,42.61419239,1.560392543e-27,2.509022791e-28,5.14693711e-06,2.292570454,1.70379485,0.0004200250372,0.006755002161,0.4516257965,2.109423747e-14,nan,4.476820771e-11,0.04006527139,69090.59343,3.528981476e-29,71241.94923,3.054056363e-29,53984.65781,2.509022791e-28,0.0005886551315,0.001301302642,0.001568396133,0.002118190402,0.01258949477,0.004335980732,0.002913133217,0.002775489238,0.003568617723,0.00482614513,0.01716888752,0.9462457074
0.002925,0.9469512771,0.01249770654,0.01798627707,0.9820137229,0.457108588,0.428098716,0.4520810377,0.5479912301,0.5189209952,0.2504914974,0.234594342,1.1151847,3.573168093e-29,53925.90196,0.2224634952,42.44011195,1.5541561e-27,2.50555261e-28,5.137147285e-06,2.294180247,1.706636721,0.0004231972648,0.006807441408,0.4520087699,2.131628207e-14,nan,4.279076452e-11,0.04001869507,69100.47037,3.821798371e-29,71247.05682,3.276920657e-29,53925.90196,2.50555261e-28,0.0005783288564,0.001279942425,0.001544165472,0.002086133781,0.01249770654,0.004265754917,0.002860694098,0.00272449442,0.00351094972,0.004744048312,0.01695650436,0.9469512771
0.00295,0.9476391301,0.01240856198,0.01781153477,0.9821884652,0.4576228367,0.4289478859,0.4526489802,0.5476132065,0.5189397026,0.250600309,0.2348975272,1.114125849,3.569290478e-29,53867.38137,0.2233072807,42.26792769,1.547969713e-27,2.502047961e-28,5.127438194e-06,2.295768099,1.70945283,0.0004263672954,0.006859859515,0.4523867935,2.131628207e-14,nan,4.093541155e-11,0.0399697197,69110.11716,4.112795954e-29,71252.02092,3.497483851e-29,53867.38137,2.502047961e-28,0.0005683039752,0.001259152707,0.001520573648,0.002054942462,0.01240856198,0.004197135718,0.002809539613,0.002674787032,0.003454710914,0.004663989564,0.01674917225,0.9476391301
0.002975,0.9483107058,0.01232109779,0.01764076456,0.9823592354,0.4581336585,0.4297870388,0.4532133152,0.547240003,0.5189535535,0.2507090647,0.2351966604,1.113071266,3.565428173e-29,53809.09186,0.2241477345,42.09879676,1.541869163e-27,2.499709037e-28,5.117808189e-06,2.297334722,1.71224391,0.0004295351512,0.006912256769,0.452759997,2.153832668e-14,nan,3.919427768e-11,0.03992969518,69119.53659,4.405850653e-29,71256.84247,3.718490742e-29,53809.09186,2.499709037e-28,0.000558569117,0.001238912942,0.001497598651,0.002024586066,0.01232109779,0.004130073801,0.002759629642,0.002626326149,0.003399857193,0.004585903927,0.01654673893,0.9483107058
0.003,0.9489659775,0.01223580283,0.01747437384,0.9825256262,0.458641192,0.4306156878,0.4537735789,0.5468714739,0.5189624228,0.2508177847,0.2354914359,1.112020819,3.561580826e-29,53751.02807,0.2249849335,41.93133049,1.535813163e-27,2.497085041e-28,5.108255515e-06,2.298880797,1.715010671,0.000432700854,0.006964633449,0.4531285261,2.176037128e-14,nan,3.756002455e-11,0.03987853154,69128.73465,4.689058519e-29,71261.52585,3.929524082e-29,53751.02807,2.497085041e-28,0.0005491134162,0.00121920349,0.001475219023,0.001995035083,0.01223580283,0.004064521842,0.002710925673,0.002579072492,0.003346345524,0.004509728962,0.01634905414,0.9489659775
0.003025,0.9496053613,0.01215272605,0.01731232985,0.9826876702,0.4591451652,0.4314336841,0.4543294527,0.546507505,0.5189664568,0.2509262787,0.2357817463,1.110974713,3.557749166e-29,53693.20103,0.2258187191,41.76420586,1.529761547e-27,2.495227011e-28,5.098780893e-06,2.300406981,1.717753723,0.000435864425,0.007016989822,0.453492495,2.198241589e-14,nan,3.602581001e-11,0.03983489592,69137.71455,4.981192771e-29,71266.07256,4.149694589e-29,53693.20103,2.495227011e-28,0.000539926442,0.001200005485,0.001453412685,0.001966259185,0.01215272605,0.004000434082,0.002663390505,0.002532988137,0.003294132243,0.004435403961,0.01615595988,0.9496053613
0.00305,0.950230242,0.01207088966,0.01715358369,0.9828464163,0.4596460042,0.4322427229,0.4548820947,0.54614796,0.5189663082,0.2510347275,0.2360684814,1.109932669,3.55393222e-29,53635.59606,0.2266493025,41.59959323,1.523782264e-27,2.493612353e-28,5.089381194e-06,2.301913903,1.720473781,0.0004390258847,0.007069326151,0.45385204,2.220446049e-14,nan,3.458525386e-11,0.03978806194,69146.48087,5.260610773e-29,71270.48547,4.354678549e-29,53635.59606,2.493612353e-28,0.0005309982313,0.001181300908,0.00143216153,0.001938233353,0.01207088966,0.003937766655,0.002616988455,0.002488036702,0.003243179918,0.004362871619,0.01596733097,0.950230242
0.003075,0.9508394705,0.01199186922,0.01699963661,0.9830003634,0.4601435921,0.4330412524,0.4554304547,0.5457927263,0.5189612669,0.2511430256,0.2363507657,1.108894605,3.550129838e-29,53578.21089,0.2274767169,41.4374892,1.517868227e-27,2.492445429e-28,5.080055166e-06,2.30340217,1.723171426,0.0004421852531,0.007121642688,0.4542072737,2.198241589e-14,nan,3.323240022e-11,0.03974405943,69155.03738,5.550857987e-29,71274.76684,4.571908268e-29,53578.21089,2.492445429e-28,0.0005223192209,0.001163072435,0.001411445588,0.001910930147,0.01199186922,0.003876477171,0.002571685052,0.002444183064,0.003193448511,0.00429207583,0.01578302322,0.9508394705
0.0031,0.9514348767,0.01191423268,0.01684898756,0.9831510124,0.4606378836,0.433830807,0.4559753038,0.5454416865,0.5189522437,0.2512511041,0.236629407,1.107860807,3.546342946e-29,53521.05948,0.2283007608,41.27666448,1.511991229e-27,2.491159344e-28,5.070804079e-06,2.304872362,1.725847258,0.0004453425496,0.007173939676,0.4545583135,2.26485497e-14,nan,3.196169447e-11,0.03970192694,69163.38843,5.82682636e-29,71278.91931,4.773801611e-29,53521.05948,2.491159344e-28,0.0005138802604,0.001145303501,0.001391246617,0.001884324499,0.01191423268,0.003816524865,0.002527447157,0.002401393455,0.003144900938,0.004222962992,0.01560290632,0.9514348767
0.003125,0.9520171551,0.01183766406,0.01670125517,0.9832987448,0.4611291623,0.4346115223,0.4565164818,0.545094729,0.5189395332,0.2513590758,0.23690445,1.10683091,3.542570294e-29,53464.12299,0.2291217057,41.11760094,1.506164245e-27,2.490809812e-28,5.061624221e-06,2.306325039,1.728501867,0.0004484977931,0.007226217354,0.454905271,2.26485497e-14,nan,3.076794618e-11,0.03965051218,69171.53774,6.108010697e-29,71282.94523,4.980786533e-29,53464.12299,2.490809812e-28,0.0005056725793,0.001127978208,0.001371547498,0.001858392824,0.01183766406,0.00375787044,0.00248424282,0.002359635335,0.003097501984,0.00415548155,0.01542685758,0.9520171551
0.00315,0.9525850955,0.01176375121,0.01655796236,0.9834420376,0.4616172809,0.4353824118,0.4570535628,0.5447517476,0.5189223955,0.2514668205,0.2371753297,1.105804816,3.538811769e-29,53407.3997,0.2299395768,40.96004868,1.500377061e-27,2.489652879e-28,5.052514509e-06,2.307760737,1.731135785,0.0004516510021,0.007278475952,0.4552482524,2.287059431e-14,nan,2.964631206e-11,0.03960588741,69179.48949,6.377692892e-29,71286.84705,5.176481055e-29,53407.3997,2.489652879e-28,0.0004976877715,0.001111081303,0.001352330837,0.001833111243,0.01176375121,0.00370047602,0.002442041243,0.00231887734,0.003051216212,0.004089581547,0.01525474982,0.9525850955
0.003175,0.9531406433,0.01169090401,0.01641745805,0.983582542,0.4621024227,0.4361454018,0.4575876655,0.5444126405,0.5189018144,0.2515744002,0.2374430699,1.104782756,3.535067997e-29,53350.89906,0.2307542374,40.80357953,1.494622572e-27,2.489950305e-28,5.043475581e-06,2.309179975,1.733749547,0.0004548021945,0.007330715692,0.4555873595,2.287059431e-14,nan,2.859226426e-11,0.03956442533,69187.24719,6.663273817e-29,71290.627,5.388336345e-29,53350.89906,2.489950305e-28,0.0004899177808,0.001094598167,0.001333580505,0.001808457591,0.01169090401,0.003644305086,0.002400812749,0.002279089261,0.003006010443,0.004025215075,0.01508646606,0.9531406433
0.0032,0.9536836131,0.01161964063,0.01628020378,0.9837197962,0.4625845144,0.4368995635,0.4581179308,0.544077304,0.518877609,0.2516817354,0.2377071366,1.103764733,3.531338932e-29,53294.62038,0.2315656977,40.64892449,1.488923152e-27,2.489376856e-28,5.034506549e-06,2.310583248,1.736343696,0.0004579513878,0.007382936793,0.455922696,2.309263891e-14,nan,2.76015732e-11,0.03951245929,69194.8145,6.920785265e-29,71294.28711,5.571436459e-29,53294.62038,2.489376856e-28,0.0004823548896,0.001078514783,0.00131528183,0.001784411641,0.01161964063,0.003589322469,0.002360528748,0.002240241999,0.002961853773,0.003962336221,0.01492189995,0.9536836131
0.003225,0.9542141642,0.01155014473,0.01614632477,0.9838536752,0.4630636344,0.4376451044,0.4586445274,0.543745643,0.5188497943,0.2517888336,0.2379676187,1.102750375,3.527623562e-29,53238.54837,0.232374178,40.4955961,1.483261361e-27,2.490047618e-28,5.025604342e-06,2.311971035,1.738918695,0.000461098599,0.007435139464,0.456254357,2.353672812e-14,nan,2.667028533e-11,0.03946969541,69202.19554,7.197685349e-29,71297.83024,5.774953159e-29,53238.54837,2.490047618e-28,0.0004749916931,0.001062817685,0.001297418964,0.001760951692,0.01155014473,0.003535494218,0.002321161641,0.002202307476,0.002918713857,0.003900900195,0.0147609336,0.9542141642
0.00325,0.954733055,0.0114819712,0.01601532299,0.983984677,0.4635399891,0.4383830763,0.4591682188,0.5434175674,0.5188187142,0.2518957733,0.2382250649,1.101739836,3.523922301e-29,53182.6893,0.2331795881,40.34345776,1.477634203e-27,2.49025421e-28,5.016769169e-06,2.313343797,1.741475036,0.0004642438447,0.007487323909,0.4565824326,2.353672812e-14,nan,2.579470216e-11,0.03942583052,69209.39338,7.458633809e-29,71301.25791,5.961223691e-29,53182.6893,2.49025421e-28,0.0004678210914,0.001047493957,0.00127997806,0.00173805869,0.0114819712,0.003482787577,0.002282684814,0.002165258623,0.002876561502,0.003840864238,0.01460346529,0.954733055
0.003275,0.9552401158,0.01141559602,0.0158876228,0.9841123772,0.4640133003,0.4391123155,0.4596878923,0.5430929814,0.5187842024,0.2520023666,0.2384788166,1.100733234,3.520235493e-29,53127.04836,0.2339818531,40.1937958,1.472078762e-27,2.490773198e-28,5.008001078e-06,2.314701976,1.744013185,0.0004673871412,0.007539490326,0.4569070186,2.375877273e-14,nan,2.497136793e-11,0.03938164332,69216.41206,7.72492751e-29,71304.57298,6.154434149e-29,53127.04836,2.490773198e-28,0.000460836282,0.001032531211,0.001262945432,0.001715713851,0.01141559602,0.003431171001,0.002245072621,0.002129069361,0.002835367991,0.003782187058,0.01444939338,0.9552401158
0.0033,0.9557368512,0.01134981005,0.01576196543,0.9842380346,0.4644839187,0.4398347268,0.4602048422,0.5427718045,0.5187470153,0.2521087747,0.2387298884,1.099730159,3.516561905e-29,53071.60693,0.2347812415,40.04578451,1.4665738e-27,2.491616614e-28,4.999296578e-06,2.316045999,1.746533584,0.0004705285041,0.007591638908,0.4572281955,2.398081733e-14,nan,2.419704576e-11,0.03933586141,69223.25425,7.981384022e-29,71307.77656,6.337814099e-29,53071.60693,2.491616614e-28,0.0004540307306,0.001017917536,0.001246307959,0.001693899148,0.01134981005,0.003380613972,0.002208300275,0.002093714498,0.002795105675,0.003724828797,0.01429862019,0.9557368512
0.003325,0.9562218222,0.01128634185,0.01564003102,0.984359969,0.4649517804,0.4405486439,0.4607180402,0.5424539468,0.5187063014,0.2522149284,0.2389773506,1.098730846,3.512902321e-29,53016.37685,0.2355775823,39.89742914,1.461057314e-27,2.492275214e-28,4.99065676e-06,2.317376276,1.749036659,0.0004736679489,0.007643769843,0.4575460532,2.420286194e-14,nan,2.346871156e-11,0.0392905124,69229.92437,8.240878872e-29,71310.87199,6.524968216e-29,53016.37685,2.492275214e-28,0.000447398178,0.001003641509,0.001230052669,0.001672596815,0.01128634185,0.003331087117,0.002172343891,0.002059169761,0.002755747277,0.003668750952,0.01415104778,0.9562218222
0.00335,0.956697155,0.01122334116,0.01551992336,0.9844800766,0.465416804,0.441255627,0.4612281167,0.5421393329,0.5186631574,0.2523207557,0.2392220313,1.097735367,3.50925691e-29,52961.36066,0.2363708392,39.75133498,1.455613391e-27,2.493050401e-28,4.982081303e-06,2.318693203,1.751522817,0.0004768054906,0.007695883311,0.4578606671,2.398081733e-14,nan,2.27835313e-11,0.03924595538,69236.42491,8.488085368e-29,71313.8603,6.698472178e-29,52961.36066,2.493050401e-28,0.0004409326105,0.0009896921521,0.001214167345,0.001651790092,0.01122334116,0.003282562005,0.002137180384,0.002025411702,0.002717266895,0.003613916432,0.01400658425,0.956697155
0.003375,0.9571619856,0.01116192767,0.01540271985,0.9845972802,0.4658792152,0.4419552153,0.461735027,0.5418278766,0.5186170462,0.2524263459,0.2394636558,1.096743259,3.505624197e-29,52906.53612,0.2371613329,39.60630709,1.450193012e-27,2.494321288e-28,4.97356628e-06,2.31999716,1.753992491,0.0004799411439,0.00774797949,0.4581721234,2.442490654e-14,nan,2.2138855e-11,0.03920101881,69242.7597,8.744565483e-29,71316.74423,6.884521083e-29,52906.53612,2.494321288e-28,0.0004346282668,0.0009760589266,0.001198641051,0.001631463938,0.01116192767,0.003235011269,0.0021027875,0.001992417722,0.002679640708,0.003560289732,0.01386514762,0.9571619856
0.0034,0.9576167365,0.01110195333,0.01528822693,0.9847117731,0.4663389297,0.4426476627,0.4622388539,0.5415195138,0.5185681495,0.2525316305,0.2397023471,1.095754881,3.502005368e-29,52851.9211,0.2379488055,39.46314283,1.444839527e-27,2.495594545e-28,4.965113669e-06,2.321288515,1.756446011,0.0004830749231,0.007800058551,0.4584804862,2.442490654e-14,nan,2.153219997e-11,0.03915506049,69248.93127,8.990211568e-29,71319.5249,7.057387088e-29,52851.9211,2.495594545e-28,0.0004284796026,0.0009627316832,0.001183461174,0.001611601137,0.01110195333,0.003188408364,0.002069143686,0.001960165945,0.002642842539,0.003507835878,0.01372664019,0.9576167365
0.003425,0.9580618475,0.01104320756,0.01517619649,0.9848238035,0.4667959878,0.443332869,0.4627393003,0.5412141572,0.5185166354,0.2526365972,0.239938025,1.094770274,3.498400546e-29,52797.51749,0.2387332299,39.32134915,1.439528254e-27,2.496867142e-28,4.956723139e-06,2.322567621,1.75888381,0.0004862068421,0.007852120661,0.4587858428,2.486899575e-14,nan,2.09612406e-11,0.03911701545,69254.94358,9.234644343e-29,71322.20532,7.231213249e-29,52797.51749,2.496867142e-28,0.0004224813159,0.0009497007132,0.001168618245,0.001592188658,0.01104320756,0.0031427278,0.002036228219,0.001928635339,0.002606851178,0.003456522062,0.0135909914,0.9580618475
0.00345,0.9584984364,0.01098481832,0.01506571618,0.9849342838,0.4672506849,0.4440123997,0.4632374795,0.5409117462,0.518463063,0.2527413839,0.2401715225,1.093788857,3.494807842e-29,52743.29675,0.2395150176,39.18055411,1.434241494e-27,2.498581864e-28,4.948389872e-06,2.32383482,1.761306222,0.0004893369146,0.007904165983,0.4590882538,2.531308496e-14,nan,2.042380022e-11,0.03906639393,69260.79874,9.475344034e-29,71324.78616,7.401609927e-29,52743.29675,2.498581864e-28,0.0004166282975,0.0009369566419,0.001154101354,0.001573211562,0.01098481832,0.003097944808,0.002004020986,0.001897805505,0.002571643357,0.003406315928,0.01345811683,0.9584984364
0.003475,0.9589242614,0.0109292618,0.01495922392,0.9850407761,0.4677024784,0.4446831522,0.463731256,0.5406122059,0.5184061603,0.2528456686,0.2404011398,1.092811119,3.491229026e-29,52689.28561,0.2402937831,39.04095712,1.428994844e-27,2.499358627e-28,4.940117199e-06,2.325090439,1.763713591,0.000492465154,0.007956194675,0.4593877941,2.509104036e-14,nan,1.991783606e-11,0.03903136521,69266.5007,9.713264537e-29,71327.27049,7.569616318e-29,52689.28561,2.499358627e-28,0.0004109156532,0.0009244904739,0.001139900203,0.001554655787,0.0109292618,0.00305403555,0.001972502608,0.001867656791,0.002537196889,0.00335718637,0.01332793649,0.9589242614
0.0035,0.959343599,0.01087247893,0.01485262529,0.9851473747,0.4681521185,0.4453498621,0.4642235197,0.5403154741,0.5183481915,0.2529498339,0.2406294219,1.09183672,3.487662541e-29,52635.46056,0.2410698654,38.90282962,1.423799682e-27,2.501709421e-28,4.931901098e-06,2.326334797,1.766106264,0.0004955915732,0.00800820689,0.4596845259,2.531308496e-14,nan,1.944143784e-11,0.03898079385,69272.05164,9.95085945e-29,71329.65917,7.738257684e-29,52635.46056,2.501709421e-28,0.0004053386771,0.0009122935689,0.001126005508,0.001536508607,0.01087247893,0.003010976928,0.001941654336,0.001838170195,0.002503491378,0.003309103545,0.01320037936,0.959343599
0.003525,0.9597525603,0.0108185752,0.01474999081,0.9852500092,0.4685990545,0.4460081917,0.4647116457,0.5400214833,0.5182870013,0.2530535565,0.2408540053,1.090866043,3.484110148e-29,52581.8482,0.2418428811,38.7652411,1.418619545e-27,2.502545084e-28,4.923744876e-06,2.327568199,1.768484565,0.0004987161851,0.008060202779,0.4599785167,2.531308496e-14,nan,1.899281102e-11,0.03893828455,69277.45486,1.017792746e-28,71331.95447,7.896602374e-29,52581.8482,2.502545084e-28,0.000399892851,0.0009003575951,0.001112407926,0.001518757237,0.0108185752,0.00296874665,0.001911458045,0.001809327351,0.002470506328,0.003262038452,0.01307537206,0.9597525603
0.00355,0.9601539188,0.01076498596,0.01464872209,0.9853512779,0.4690436159,0.4466612345,0.4651975332,0.5397301733,0.518224041,0.2531569921,0.2410765455,1.089898547,3.480569859e-29,52528.41851,0.242613263,38.62838434,1.413462292e-27,2.504676e-28,4.9156436e-06,2.328790939,1.770848804,0.0005018390021,0.008112182486,0.4602698267,2.553512957e-14,nan,1.857027688e-11,0.03889714014,69282.71299,1.041105424e-28,71334.15799,8.061031835e-29,52528.41851,2.504676e-28,0.0003945738335,0.0008886745554,0.001099098413,0.001501389326,0.01076498596,0.002927323138,0.001881896215,0.001781110515,0.002438221998,0.003215963109,0.01295284415,0.9601539188
0.003575,0.9605472772,0.01071230706,0.01454938315,0.9854506169,0.4694858249,0.4473080574,0.4656804178,0.5394414802,0.518159045,0.2532601283,0.2412965206,1.088934477,3.47704235e-29,52475.18169,0.2433808638,38.49359822,1.408372443e-27,2.506018413e-28,4.907598228e-06,2.330003303,1.773199296,0.0005049600363,0.008164146154,0.4605585198,2.620126338e-14,nan,1.817225919e-11,0.03884920848,69287.82914,1.06310646e-28,71336.27173,8.214199894e-29,52475.18169,2.506018413e-28,0.0003893774557,0.0008772367554,0.001086068531,0.001484393345,0.01071230706,0.002886685552,0.001852951913,0.001753502543,0.002406619629,0.00317085056,0.01283272944,0.9605472772
0.0036,0.9609326331,0.01066073711,0.01445214119,0.9855478588,0.4699255941,0.4479487204,0.466160379,0.5391553502,0.5180919703,0.2533628982,0.2415139492,1.087973899,3.473528011e-29,52422.14363,0.2441455989,38.36004547,1.403319352e-27,2.507950621e-28,4.899609061e-06,2.331205565,1.775536325,0.0005080792998,0.008216093922,0.4608446498,2.620126338e-14,nan,1.779728071e-11,0.03880642333,69292.80539,1.085911673e-28,71338.29683,8.375473605e-29,52422.14363,2.507950621e-28,0.0003842997055,0.0008660367744,0.001073309844,0.001467757755,0.01066073711,0.00284681369,0.00182460873,0.001726486831,0.002375680627,0.003126674608,0.01271496122,0.9609326331
0.003625,0.9613100043,0.01061043874,0.01435713024,0.9856428698,0.4703630734,0.4485835023,0.4666377135,0.5388717219,0.5180227773,0.2534653593,0.2417289643,1.087016504,3.470025882e-29,52369.28985,0.2449076769,38.22798493,1.398320565e-27,2.509484008e-28,4.891673497e-06,2.332397991,1.777860197,0.000511196804,0.008268025923,0.4611282781,2.642330799e-14,nan,1.744395683e-11,0.03876924017,69297.64478,1.107413165e-28,71340.23524,8.524521212e-29,52369.28985,2.509484008e-28,0.0003793367332,0.0008550674891,0.001060814904,0.001451472375,0.01061043874,0.002807688057,0.001796850827,0.001700047357,0.002345388024,0.003083410196,0.01259948099,0.9613100043
0.00365,0.9616802674,0.01056072657,0.01426363438,0.9857363656,0.4707982053,0.4492125772,0.4671121915,0.538590543,0.5179518974,0.2535674611,0.2419416459,1.08606245,3.466536304e-29,52316.62547,0.245667024,38.09604951,1.393317783e-27,2.511651897e-28,4.883791767e-06,2.333580837,1.780171163,0.0005143125606,0.008319942288,0.461409457,2.642330799e-14,nan,1.711098624e-11,0.03872144608,69302.35009,1.129601631e-28,71342.08881,8.68087971e-29,52316.62547,2.511651897e-28,0.0003744848335,0.0008443220315,0.001048575246,0.001435525703,0.01056072657,0.00276928975,0.001769662855,0.001674168599,0.00231572348,0.003041032682,0.01248622085,0.9616802674
0.003675,0.9620433923,0.01051179799,0.01417182474,0.9858281753,0.4712309984,0.4498359216,0.4675838171,0.5383117604,0.5178792721,0.2536691883,0.2421519668,1.085111712,3.463059275e-29,52264.15049,0.2464236402,37.96695167,1.388410563e-27,2.513062517e-28,4.875963366e-06,2.33475435,1.782469509,0.0005174265806,0.008371843147,0.4616882396,2.642330799e-14,nan,1.679715131e-11,0.03867991177,69306.92324,1.150098787e-28,71343.85846,8.821225698e-29,52264.15049,2.513062517e-28,0.0003697404448,0.0008337937908,0.00103658408,0.001419908432,0.01051179799,0.002731600487,0.001743029964,0.001648835549,0.002286671282,0.002999518644,0.01237512704,0.9620433923
0.0037,0.9623994403,0.01046376164,0.01408178317,0.9859182168,0.4716616872,0.4504540096,0.4680530668,0.538035318,0.5178048889,0.2537706459,0.2423601663,1.084164106,3.459594228e-29,52211.85634,0.2471776492,37.83749514,1.383496935e-27,2.5150971e-28,4.868186595e-06,2.335918769,1.784755497,0.0005205388749,0.008423728623,0.461964682,2.664535259e-14,nan,1.650130527e-11,0.03863509022,69311.36758,1.17165039e-28,71345.54673,8.972996735e-29,52211.85634,2.5150971e-28,0.0003651001452,0.0008234764043,0.001024834212,0.001404610776,0.01046376164,0.002694602591,0.001716937792,0.001624033698,0.002258215263,0.002958845264,0.01226614188,0.9623994403
0.003725,0.962748382,0.01041681868,0.01399368379,0.9860063162,0.472090038,0.4510661007,0.468519199,0.5377611745,0.5177287007,0.2538716933,0.2425658361,1.083219812,3.456141755e-29,52159.75196,0.2479289219,37.70875911,1.378611772e-27,2.516332358e-28,4.860462238e-06,2.337074325,1.787029349,0.0005236494543,0.008475598838,0.4622388255,2.70894418e-14,nan,1.622237538e-11,0.0385914282,69315.68463,1.192040042e-28,71347.15401,9.113854336e-29,52159.75196,2.516332358e-28,0.0003605606349,0.000813363727,0.001013318177,0.001389622579,0.01041681868,0.002658278885,0.001691372395,0.001599748966,0.002230338951,0.002918990243,0.01215920474,0.962748382
0.00375,0.9630909951,0.01037033799,0.01390687283,0.9860931272,0.4725162412,0.4516735178,0.4689832218,0.5374892715,0.5176510774,0.2539724102,0.24276967,1.082278677,3.45270124e-29,52107.82805,0.2486775924,37.58121329,1.373758855e-27,2.518717059e-28,4.852788522e-06,2.338221241,1.789291347,0.0005267583294,0.008527453911,0.4625107285,2.70894418e-14,nan,1.595935181e-11,0.03855057177,69319.87748,1.212540742e-28,71348.68271,9.2565041e-29,52107.82805,2.518717059e-28,0.0003561187519,0.0008034498654,0.001002030233,0.00137493599,0.01037033799,0.002622612821,0.001666320328,0.001575967779,0.002203028618,0.002879932534,0.01205426997,0.9630909951
0.003775,0.9634267597,0.01032499943,0.01382200514,0.9861779949,0.472940301,0.4522754645,0.4694445737,0.5372195681,0.5175717077,0.2540727842,0.2429712297,1.08134062,3.449272482e-29,52056.08157,0.2494237046,37.45488709,1.36895261e-27,2.520460769e-28,4.845164551e-06,2.339359733,1.791541706,0.0005298655103,0.008579293956,0.4627804319,2.70894418e-14,nan,1.571128825e-11,0.0385069816,69323.94805,1.232284132e-28,71350.13371,9.391882026e-29,52056.08157,2.520460769e-28,0.0003517714432,0.0007937291151,0.0009909634923,0.001360541651,0.01032499943,0.002587588294,0.001641768515,0.001552676951,0.002176268895,0.002841651282,0.01195128121,0.9634267597
0.0038,0.963755839,0.01028079003,0.0137390444,0.9862609556,0.4733621121,0.4528717178,0.4699029562,0.5369520152,0.5174906399,0.25417274,0.2431703815,1.080406043,3.445856826e-29,52004.53282,0.250166966,37.32906413,1.364166741e-27,2.522197151e-28,4.837592761e-06,2.340490009,1.793780651,0.0005329710071,0.008631119087,0.4630479848,2.753353101e-14,nan,1.547729637e-11,0.03847075824,69327.89908,1.252654109e-28,71351.50907,9.534610469e-29,52004.53282,2.522197151e-28,0.0003475157773,0.0007841959928,0.0009801116214,0.00134643097,0.01028079003,0.00255318975,0.001617704323,0.001529863737,0.002150045425,0.002804126452,0.01185018689,0.963755839
0.003825,0.9640799647,0.01023610991,0.01365637066,0.9863436293,0.4737820121,0.4534642406,0.470359573,0.5366865704,0.5174087699,0.2542724432,0.2433681681,1.079474229,3.442451835e-29,51953.14503,0.2509079064,37.20478341,1.359423187e-27,2.524208997e-28,4.830067508e-06,2.34161227,1.796008432,0.0005360748297,0.008682929414,0.4633134296,2.797762022e-14,nan,1.525654047e-11,0.03842284527,69331.73196,1.271564212e-28,71352.8091,9.663809736e-29,51953.14503,2.524208997e-28,0.0003433489298,0.0007748452112,0.0009694695797,0.001332597036,0.01023610991,0.002519402089,0.001594115497,0.001507515787,0.002124345858,0.002767338941,0.01175094642,0.9640799647
0.00385,0.9643965746,0.01019367547,0.01357667635,0.9864233237,0.4741995738,0.4540502267,0.4708127742,0.5364231879,0.5173246849,0.2543716471,0.2435630701,1.078545678,3.439059346e-29,51901.94592,0.2516461263,37.08216748,1.354735876e-27,2.525799942e-28,4.82259229e-06,2.342726713,1.798225229,0.0005391769879,0.008734725044,0.4635768121,2.797762022e-14,nan,1.504823863e-11,0.03838515747,69335.45003,1.291058161e-28,71354.03658,9.798908512e-29,51901.94592,2.525799942e-28,0.0003392681836,0.0007656716622,0.0009590304718,0.001319030555,0.01019367547,0.0024862107,0.001570990163,0.00148562114,0.002099155171,0.002731269641,0.01165350228,0.9643965746
0.003875,0.9647086445,0.01015063505,0.01349709092,0.9865029091,0.4746153304,0.4546328617,0.4712644219,0.5361618308,0.517239953,0.2544706244,0.2437567874,1.077620117,3.435678132e-29,51850.91698,0.2523818927,36.95980332,1.350064954e-27,2.528029158e-28,4.815164067e-06,2.343833526,1.80043127,0.000542277491,0.008786506082,0.4638381692,2.819966483e-14,nan,1.485165255e-11,0.03834201395,69339.05422,1.309813728e-28,71355.19142,9.927653699e-29,51850.91698,2.528029158e-28,0.0003352709197,0.0007566704314,0.0009487895237,0.001305724992,0.01015063505,0.002453601384,0.001548316806,0.0014641682,0.002074461687,0.002695900623,0.01155781589,0.9647086445
0.0039,0.9650141835,0.0101091131,0.01341971848,0.9865802815,0.475028878,0.4552097848,0.471713051,0.5359024501,0.5171534653,0.2545691396,0.243948039,1.076697727,3.432309073e-29,51800.07146,0.2531150143,39.2926382,1.432512832e-27,2.529580418e-28,4.807784316e-06,2.344932891,1.802626757,0.0005453763485,0.008838272631,0.4640975499,2.819966483e-14,nan,1.466609254e-11,0.03830075064,69342.54797,1.328023439e-28,71356.27646,1.005152049e-28,51800.07146,2.529580418e-28,0.0003313546227,0.0007478367761,0.0009387411599,0.001292672818,0.0101091131,0.002421560434,0.001526084285,0.001443145753,0.002050252564,0.00266121424,0.01146384077,0.9650141835
0.003925,0.9653143325,0.0100680929,0.01334352343,0.9866564766,0.4754404317,0.4557821378,0.4721592982,0.5356450152,0.5170658103,0.2546672973,0.2441374302,1.075778203,3.428951138e-29,51749.39384,0.2538457152,39.16538298,1.427977532e-27,2.53139092e-28,4.800450432e-06,2.346024984,1.804811884,0.0005484735694,0.00889002479,0.4643549848,2.819966483e-14,nan,1.449090696e-11,0.03826075796,69345.93193,1.346906973e-28,71357.29146,1.018381141e-28,51749.39384,2.53139092e-28,0.0003275168606,0.0007391661094,0.0009288803618,0.00127986719,0.0100680929,0.002390074484,0.001504281759,0.001422542896,0.002026515954,0.002627193457,0.01137153549,0.9653143325
0.00395,0.9656093539,0.01002744073,0.01326835244,0.9867316476,0.4758501065,0.4563504557,0.4726035988,0.5353894823,0.5169770921,0.2547651422,0.2443252342,1.074861694,3.425604528e-29,51698.88713,0.2545739517,34.69744386,1.269354415e-27,2.533183643e-28,4.793162467e-06,2.347109977,1.806986831,0.0005515691627,0.008941762657,0.4646105177,2.842170943e-14,nan,1.432548577e-11,0.03821934099,69349.20931,1.364486472e-28,71358.23893,1.030272974e-28,51698.88713,2.533183643e-28,0.0003237552994,0.0007306540229,0.0009192016461,0.001267300737,0.01002744073,0.002359130631,0.001482898752,0.001402349095,0.002003239398,0.002593821646,0.01128085415,0.9656093539
0.003975,0.9658987215,0.009987790258,0.01319482327,0.9868051767,0.4762576772,0.4569136475,0.4730450899,0.5351358153,0.5168869998,0.2548625404,0.2445108573,1.0739484,3.422270177e-29,51648.56543,0.2552995206,26.22021243,9.678637475e-28,2.535084342e-28,4.785921998e-06,2.348188036,1.809151808,0.0005546631372,0.008993486328,0.4648641847,2.864375404e-14,nan,1.416925465e-11,0.03817749673,69352.38124,1.382396563e-28,71359.11923,1.042593706e-28,51648.56543,2.535084342e-28,0.0003200676856,0.0007222962481,0.0009097010501,0.001254968024,0.009987790258,0.002328716329,0.00146192508,0.001382554117,0.001980412783,0.002561083029,0.0111917639,0.9658987215
0.004,0.9661830078,0.009948688584,0.0131224649,0.9868775351,0.476663424,0.4574727592,0.4734845837,0.5348839758,0.5167958086,0.2549596274,0.2446948483,1.073037762,3.418946255e-29,51598.40113,0.25602282,15.50044642,5.858087969e-28,2.536659094e-28,4.778724802e-06,2.34925932,1.811306985,0.0005577555016,0.009045195895,0.4651160242,2.886579864e-14,nan,1.402167308e-11,0.0381399004,69355.45016,1.39957198e-28,71359.9342,1.054280482e-28,51598.40113,2.536659094e-28,0.0003164518508,0.0007140886741,0.0009003735275,0.001242862259,0.009948688584,0.002298819421,0.001441350877,0.001363148053,0.001958024532,0.002528961997,0.01110422241,0.9661830078
0.004025,0.9679977824,0.008435099217,0.01156594817,0.9884340518,0.4766058477,0.4583532188,0.4735064761,0.534643532,0.5175337533,0.2548142338,0.2450555838,1.073182941,3.419369571e-29,51604.78977,0.2559307047,4.981285708,2.097725576e-28,2.160101494e-28,4.779384758e-06,2.350322787,1.813286171,0.0005577555016,0.009096886512,0.465356468,2.886579864e-14,nan,1.387957897e-11,0.0318992521,69358.80561,1.093148154e-28,71361.07998,7.3831586e-29,51604.78977,2.160101494e-28,0.0003128871315,0.0007059150586,0.0008868473735,0.001225199388,0.008435099217,0.002269390376,0.001421062687,0.001344014177,0.0019291717,0.002495833479,0.01097679704,0.9679977824
0.00405,0.9695817867,0.007242526378,0.01031630379,0.9896836962,0.4765564752,0.4591191652,0.4735228854,0.5344210263,0.5181648935,0.2546818005,0.2453629355,1.07330736,3.419733406e-29,51610.28073,0.2558515327,-2.949907789,-7.53081878e-29,1.862368635e-28,4.779888808e-06,2.351372441,1.814970907,0.0005577555016,0.009148554888,0.4655789737,2.886579864e-14,nan,1.373119584e-11,0.02673345345,69362.70716,8.468640883e-29,71362.82584,4.897278547e-29,51610.28073,1.862368635e-28,0.0003093234603,0.0006974199433,0.0008675293184,0.001199504691,0.007242526378,0.002240370748,0.001400726902,0.001324795887,0.001890089897,0.00246006089,0.01078586524,0.9695817867
0.004075,0.9709789282,0.006296344906,0.009305243467,0.9906947565,0.4765134068,0.4597928636,0.4735353675,0.5342133709,0.5187099263,0.2545598333,0.2456274956,1.073415341,3.42005033e-29,51615.06372,0.2557825687,-6.681942562,-2.117697895e-28,1.619934457e-28,4.780270613e-06,2.352402714,1.816420633,0.0005577555016,0.0092002031,0.4657866291,2.886579864e-14,nan,1.356665548e-11,0.02245065327,69367.01589,6.448232138e-29,71365.03397,2.909178836e-29,51615.06372,1.619934457e-28,0.000305723544,0.0006884539302,0.0008453358224,0.001169385264,0.006296344906,0.002211733273,0.001380164075,0.00130527902,0.001844570656,0.002421844135,0.01055223719,0.9709789282
0.0041,0.9722232515,0.005539946485,0.008480253715,0.9915197463,0.4764752181,0.4603914901,0.4735450313,0.5340181564,0.5191848683,0.2544464175,0.2458574147,1.073510215,3.420330015e-29,51619.2847,0.255721708,-6.081447739,-1.942944057e-28,1.420794588e-28,4.780556037e-06,2.353409895,1.817681438,0.0005577555016,0.009251832849,0.4659818436,2.908784325e-14,nan,1.338002309e-11,0.01889416422,69371.62794,4.772767984e-29,71367.59953,1.306873412e-29,51619.2847,1.420794588e-28,0.0003020686936,0.0006790346952,0.0008220299376,0.001137173904,0.005539946485,0.002183445402,0.001359331053,0.001285394054,0.001795392971,0.002381570726,0.0102913606,0.9722232515
0.004125,0.9733413044,0.004930302198,0.007800918341,0.9921990817,0.4764408385,0.4609283717,0.4735526681,0.5338334879,0.5196021834,0.2543400746,0.2460590003,1.073594552,3.420579908e-29,51623.05606,0.2556673303,-3.182935366,-9.457953465e-29,1.255752202e-28,4.780764991e-06,2.354391675,1.818789173,0.0005577555016,0.009303445549,0.4661665121,2.908784325e-14,nan,1.316833939e-11,0.0159358833,69376.46499,3.36970112e-29,71370.44209,5.846905938e-32,51623.05606,1.255752202e-28,0.0002983541348,0.0006692507765,0.0007986553343,0.001104355897,0.004930302198,0.002155477455,0.001338259272,0.001265159061,0.001744551853,0.002339699782,0.01001462979,0.9733413044
0.00415,0.9743539212,0.004434632284,0.007236092777,0.9927639072,0.4764094609,0.4614139164,0.4735588438,0.5336578636,0.519971632,0.2542396551,0.2462371649,1.07367034,3.420805753e-29,51626.46448,0.2556181855,-2.87631573,-8.597897651e-29,1.117734959e-28,4.780912839e-06,2.355346785,1.819771823,0.0005577555016,0.009355042383,0.4663421364,2.908784325e-14,nan,1.293083785e-11,0.01347096411,69381.46743,2.184601671e-29,71373.4995,-1.057967993e-29,51626.46448,1.117734959e-28,0.0002945845069,0.0006592116337,0.0007758089375,0.001071855415,0.004434632284,0.002127806023,0.001317017039,0.001244640808,0.001693446843,0.00229669469,0.009730380598,0.9743539212
0.004175,0.9752775671,0.004027904176,0.006761737246,0.9932382628,0.4763804745,0.4618563108,0.4735639641,0.5334900829,0.5203009101,0.2541442588,0.2463957615,1.073739124,3.421011993e-29,51629.57704,0.2555733068,-2.623610323,-7.892683381e-29,1.001283225e-28,4.781011481e-06,2.356274733,1.820651333,0.0005577555016,0.009406624354,0.4665099171,2.930988785e-14,nan,1.266831644e-11,0.01141349933,69386.58942,1.176256761e-29,71376.72329,-1.933383398e-29,51629.57704,1.001283225e-28,0.0002907701692,0.0006490234208,0.0007538121747,0.001040227305,0.004027904176,0.002100414799,0.001295687002,0.001223929125,0.001643032533,0.002252986452,0.00944464575,0.9752775671
0.0042,0.9761253548,0.003690950665,0.006359257447,0.9936407426,0.4763534147,0.462262045,0.4735683206,0.5333291767,0.5205961318,0.2540531745,0.2465378359,1.073802106,3.421202078e-29,51632.44578,0.2555319435,-2.413053322,-7.30793862e-29,9.021652546e-29,4.781070172e-06,2.357175579,1.821444992,0.0005577555016,0.009458192325,0.4666708233,2.930988785e-14,nan,1.238264176e-11,0.00969301922,69391.79534,3.131423268e-30,71380.0753,-2.657800078e-29,51632.44578,9.021652546e-29,0.0002869244347,0.0006387786691,0.0007328184399,0.001009785239,0.003690950665,0.002073294095,0.001274353174,0.001203120671,0.001593935989,0.002208956048,0.00916172775,0.9761253548
0.004225,0.976907814,0.003409052757,0.006014235062,0.9939857649,0.4763279262,0.4626363082,0.4735721238,0.5331743558,0.5208621944,0.2539658352,0.2466658156,1.073860231,3.421378698e-29,51635.11132,0.2554935101,-2.235639979,-6.817413576e-29,8.170869182e-29,4.78109615e-06,2.358049785,1.822166504,0.0005577555016,0.00950974704,0.4668256442,2.908784325e-14,nan,1.207636426e-11,0.00825164961,69397.05723,-4.291238733e-30,71383.52525,-3.260056565e-29,51635.11132,8.170869182e-29,0.0002830616387,0.0006285531947,0.0007128803827,0.000980687089,0.003409052757,0.002046439795,0.00125309391,0.001182309182,0.001546546723,0.002164928223,0.008884633084,0.976907814
0.00425,0.9776334748,0.003170871105,0.005715457002,0.994284543,0.4763037358,0.4629832868,0.4735755258,0.5330249708,0.5211030543,0.2538817849,0.246781653,1.073914242,3.421543965e-29,51637.60551,0.2554575475,-2.084464518,-6.401031504e-29,7.434721079e-29,4.781095108e-06,2.358898085,1.822826795,0.0005577555016,0.009561289153,0.4669750292,2.930988785e-14,nan,1.175242493e-11,0.007041803222,69402.35289,-1.069626455e-29,71387.04885,-3.762544354e-29,51637.60551,7.434721079e-29,0.0002791958768,0.0006184065187,0.0006939918811,0.0009529916206,0.003170871105,0.00201985213,0.001231978507,0.001161580066,0.001501084639,0.002121171892,0.00861540099,0.9776334748
0.004275,0.9783093115,0.002967639186,0.005454173222,0.9945458268,0.4762806314,0.4633063909,0.4735786377,0.532880482,0.5213219374,0.2538006524,0.2468869329,1.073964731,3.421699542e-29,51639.95347,0.2554236931,-1.954216313,-6.043403428e-29,6.792961694e-29,4.781071555e-06,2.359721397,1.823434643,0.0005577555016,0.009612819241,0.467119518,2.930988785e-14,nan,1.141393639e-11,0.006024302727,69407.66449,-1.623492228e-29,71390.62646,-4.182781242e-29,51639.95347,6.792961694e-29,0.000275340244,0.0006083837881,0.0006761140544,0.0009266959497,0.002967639186,0.001993534499,0.001211065982,0.001141007845,0.001457650693,0.002077904111,0.008355352179,0.9783093115
0.0043,0.9789410812,0.002792553238,0.005223529207,0.9947764708,0.4762584475,0.4636084254,0.4735815406,0.5327404363,0.5215214987,0.2537221331,0.2469829548,1.074012172,3.421846756e-29,51642.1752,0.2553916588,-1.840797327,-5.732699489e-29,6.229592442e-29,4.781029092e-06,2.360520755,1.823997147,0.0005577555016,0.009664337816,0.4672595637,2.930988785e-14,nan,1.10640234e-11,0.005166853419,69412.9776,-2.102867289e-29,71394.24202,-4.53458415e-29,51642.1752,6.229592442e-29,0.0002715064286,0.0005985181571,0.0006591912298,0.0009017601529,0.002792553238,0.001967492433,0.001190405088,0.001120655367,0.001416264234,0.002035295722,0.008105276793,0.9789410812
0.004325,0.9795335823,0.002640310293,0.005018131847,0.9949818682,0.4762370534,0.4638917206,0.4735842945,0.5326044495,0.5217039443,0.2536459736,0.2470707944,1.074056945,3.421986667e-29,51644.28673,0.2553612135,-1.741032054,-5.459793007e-29,5.73189733e-29,4.780970615e-06,2.361297253,1.8245201,0.0005577555016,0.009715845342,0.4673955505,2.908784325e-14,nan,1.070571032e-11,0.0044427993,69418.28042,-2.517632623e-29,71397.88234,-4.828945583e-29,51644.28673,5.73189733e-29,0.0002677045469,0.0005888331175,0.0006431605916,0.000878123298,0.002640310293,0.001941732733,0.001170035006,0.001100574095,0.001376890211,0.001993477562,0.007865576257,0.9795335823
0.00435,0.9800908532,0.002506757784,0.004833717126,0.9951662829,0.4762163451,0.4641582319,0.4735869439,0.5324721927,0.5218711256,0.2535719614,0.2471513515,1.074099362,3.422120135e-29,51646.30101,0.2553321704,-1.652447781,-5.217612237e-29,5.289705485e-29,4.780898475e-06,2.362052016,1.825008266,0.0005577555016,0.009767342232,0.4675278073,2.908784325e-14,nan,1.034184512e-11,0.003830109051,69423.56319,-2.875930767e-29,71401.53647,-5.074690434e-29,51646.30101,5.289705485e-29,0.0002639431306,0.0005793445629,0.0006279578777,0.0008557137705,0.002506757784,0.001916262781,0.001149986351,0.001080804982,0.001339458777,0.00195254658,0.007636370162,0.9800908532
0.004375,0.9806163252,0.002388627366,0.004666895521,0.9953331045,0.4761962388,0.4644096168,0.473589522,0.5323433815,0.5220246105,0.253499916,0.2472253858,1.074139679,3.42224786e-29,51648.22862,0.2553043769,-1.573108201,-5.000649841e-29,4.894826515e-29,4.780814598e-06,2.362786165,1.8254656,0.0005577555016,0.009818828868,0.4676566185,2.930988785e-14,nan,9.975051423e-12,0.003310548639,69428.81785,-3.184555523e-29,71405.19524,-5.278969764e-29,51648.22862,4.894826515e-29,0.0002602292075,0.000570062517,0.0006135206139,0.0008344558173,0.002388627366,0.001891090025,0.001130282288,0.001061379626,0.001303879217,0.001912571494,0.007417576625,0.9806163252
0.0044,0.9811129404,0.002283332317,0.004514956712,0.9954850433,0.4761766667,0.4646472927,0.4735920541,0.5322177681,0.5221657394,0.2534296828,0.2472935451,1.074178109,3.422370419e-29,51650.07828,0.2552777074,-1.501487398,-4.804591792e-29,4.540617186e-29,4.780720578e-06,2.363500804,1.825895413,0.0005577555016,0.009870305594,0.4677822319,2.930988785e-14,nan,9.607701757e-12,0.002869005547,69434.03762,-3.449242154e-29,71408.85099,-5.447633324e-29,51650.07828,4.540617186e-29,0.0002565684319,0.0005609925345,0.000599789831,0.0008142735973,0.002283332317,0.001866221587,0.001110939633,0.001042321519,0.001270049706,0.001873597861,0.007208972552,0.9811129404
0.004425,0.9815832441,0.002188813075,0.00437571958,0.9956242804,0.4761575727,0.4648724837,0.4735945591,0.5320951344,0.5222956682,0.2533611276,0.2473563867,1.074214828,3.422488295e-29,51651.85724,0.2552520572,-1.436374378,-4.626036633e-29,4.221648107e-29,4.780617742e-06,2.364197006,1.826300503,0.0005577555016,0.009921772729,0.4679048656,2.930988785e-14,nan,9.241906432e-12,0.002492936307,69439.21686,-3.674884985e-29,71412.49719,-5.585511727e-29,51651.85724,4.221648107e-29,0.0002529652378,0.000552136809,0.0005867108591,0.0007950935988,0.002188813075,0.001841663997,0.001091969879,0.001023647267,0.001237864014,0.001835652478,0.007010238671,0.9815832441
0.00445,0.9820294562,0.002103419206,0.004247416808,0.9957525832,0.4761389104,0.4650862552,0.4735970518,0.5319752873,0.5224154021,0.2532941337,0.2474143942,1.074249989,3.42260189e-29,51653.57162,0.2552273384,-1.376800663,-4.462282935e-29,3.933446685e-29,4.780507211e-06,2.364875803,1.826683253,0.0005577555016,0.009973230565,0.4680247127,2.908784325e-14,nan,8.879513805e-12,0.00217191438,69444.35079,-3.865701864e-29,71416.12835,-5.696631124e-29,51653.57162,3.933446685e-29,0.000249422996,0.0005434950377,0.0005742335725,0.0007768459958,0.002103419206,0.001817423015,0.001073380118,0.001005367733,0.001207216,0.001798747144,0.006820993028,0.9820294562
0.004475,0.9824535275,0.002025819035,0.004128605933,0.9958713941,0.4761206409,0.465289542,0.4735995434,0.5318580546,0.5225258219,0.2532285978,0.2474679906,1.07428372,3.42271155e-29,51655.22658,0.255203476,-1.321985317,-4.31116827e-29,3.672298375e-29,4.780389936e-06,2.365538179,1.827045715,0.0005577555016,0.01002467937,0.4681419454,2.930988785e-14,nan,8.522118478e-12,0.001897259767,69449.4354,-4.025359547e-29,71419.73977,-5.784377349e-29,51655.22658,3.672298375e-29,0.0002459441651,0.0005350650877,0.0005623123202,0.0007594653247,0.002025819035,0.001793503528,0.001055173841,0.0009874890434,0.001178002527,0.001762881822,0.006640815765,0.9824535275
0.0045,0.9828571849,0.00195493029,0.004018100645,0.9959818994,0.4761027312,0.4654831704,0.4736020426,0.5317432814,0.5226277047,0.2531644286,0.2475175485,1.074316133,3.422817567e-29,51656.82659,0.2551804062,-1.271293122,-4.170947013e-29,3.435092555e-29,4.780266732e-06,2.366185073,1.827389666,0.0005577555016,0.01007611941,0.4682567186,2.953193246e-14,nan,8.171074841e-12,0.001661735267,69454.46731,-4.15707023e-29,71423.32745,-5.851622097e-29,51656.82659,3.435092555e-29,0.0002425304316,0.0005268435057,0.0005509056845,0.0007428907337,0.00195493029,0.001769909493,0.001037351628,0.0009700134843,0.001150125254,0.001728047278,0.006469267301,0.9828571849
0.004525,0.9832419661,0.001889866727,0.003914917594,0.9960850824,0.4760851531,0.465667875,0.4736045563,0.531630828,0.5227217406,0.2531015442,0.247563398,1.074347323,3.422920197e-29,51658.37547,0.2551580734,-1.224202712,-4.04019747e-29,3.219202635e-29,4.780138301e-06,2.366817371,1.827716658,0.0005577555016,0.0101275509,0.468369172,2.930988785e-14,nan,7.827513953e-12,0.001459297102,69459.44367,-4.263666639e-29,71426.88796,-5.900820508e-29,51658.37547,3.219202635e-29,0.0002391828343,0.000518825906,0.0005399761585,0.0007270659689,0.001889866727,0.001746643935,0.001019911731,0.0009529402573,0.001123491645,0.001694227242,0.006305901538,0.9832419661
0.00455,0.9836092483,0.001829896955,0.003818235092,0.9961817649,0.4760678822,0.4658443133,0.4736070895,0.5315205676,0.522808546,0.253039871,0.2476058338,1.074377375,3.423019663e-29,51659.8766,0.2551364293,-1.180282202,-3.917751116e-29,3.022392467e-29,4.780005257e-06,2.36743591,1.82802806,0.0005577555016,0.01017897407,0.4684794324,2.930988785e-14,nan,7.49236229e-12,0.001284889971,69464.36209,-4.347661104e-29,71430.41839,-5.934087137e-29,51659.8766,3.022392467e-29,0.0002359018742,0.0005110072627,0.0005294897927,0.0007119392072,0.001829896955,0.001723708962,0.001002850564,0.0009362661252,0.001098015435,0.001661400187,0.006150275317,0.9836092483
0.004575,0.9839602716,0.00177441257,0.003727360958,0.996272639,0.4760508973,0.4660130761,0.4736096462,0.5314123845,0.5228886742,0.2529793425,0.24764512,1.074406365,3.423116159e-29,51661.33291,0.2551154313,-1.139170524,-3.802638549e-29,2.842743021e-29,4.779868134e-06,2.368041479,1.828325082,0.0005577555016,0.01023038912,0.4685876155,2.930988785e-14,nan,7.166361237e-12,0.001134278405,69469.22061,-4.411292579e-29,71433.91625,-5.953255501e-29,51661.33291,2.842743021e-29,0.0002326876092,0.0005033821315,0.0005194158436,0.0006974628031,0.00177441257,0.001701105804,0.0009861631033,0.0009199859483,0.001073616741,0.001629540756,0.006001955066,0.9839602716
0.0046,0.9842961572,0.001722903409,0.003641707397,0.9963582926,0.4760341801,0.4661746974,0.4736122294,0.5313061726,0.522962624,0.2529198983,0.2476814942,1.074434358,3.42320986e-29,51662.74703,0.2550950417,-1.100563058,-3.694048062e-29,2.678594685e-29,4.779727403e-06,2.368634818,1.828608803,0.0005577555016,0.01028179625,0.4686938274,2.953193246e-14,nan,6.850086544e-12,0.001003907847,69474.01757,-4.456564519e-29,71437.37941,-5.959925123e-29,51662.74703,2.678594685e-29,0.0002295397356,0.0004959448147,0.00050972644,0.0006835929972,0.001722903409,0.001678834873,0.000969843225,0.0009040931292,0.001050221934,0.001598620921,0.005860521334,0.9842961572
0.004625,0.9846179229,0.001674938275,0.003560771303,0.9964392287,0.4760177141,0.4663296612,0.4736148412,0.5312018347,0.5230308471,0.2528614831,0.2477151716,1.074461415,3.423300919e-29,51664.12128,0.2550752268,-1.064200536,-3.591293791e-29,2.528501668e-29,4.779583483e-06,2.369216623,1.828880193,0.0005577555016,0.01033319563,0.4687981653,2.930988785e-14,nan,6.543967193e-12,0.0008907900744,69478.75164,-4.485275779e-29,71440.80607,-5.955498986e-29,51664.12128,2.528501668e-29,0.0002264576569,0.0004886894852,0.0005003962746,0.000670289611,0.001674938275,0.001656895819,0.0009538839777,0.0008885799774,0.001027763363,0.001568610897,0.005725571756,0.9846179229
0.00465,0.9849264961,0.001630149856,0.003484118748,0.9965158813,0.476001485,0.4664784083,0.4736174832,0.5310992808,0.5230937538,0.2528040464,0.2477463472,1.074487588,3.423389475e-29,51665.45777,0.2550559566,-1.029860431,-3.493791094e-29,2.391195783e-29,4.779436744e-06,2.369787543,1.829140122,0.0005577555016,0.01038458744,0.4689007192,2.953193246e-14,nan,6.248303295e-12,0.0007924085877,69483.42174,-4.499046102e-29,71444.1947,-5.941213604e-29,51665.45777,2.391195783e-29,0.0002234405418,0.0004816102783,0.0004914023261,0.0006575157466,0.001630149856,0.001635287601,0.0009382778045,0.0008734380064,0.001006178996,0.001539479876,0.005596722859,0.9849264961
0.004675,0.9852227242,0.001588222879,0.003411372722,0.9965886273,0.47598548,0.4666213407,0.4736201563,0.5309984281,0.5231517179,0.2527475416,0.2477751984,1.074512925,3.423475653e-29,51666.75836,0.2550372038,-0.9973502434,-3.401037451e-29,2.265557516e-29,4.779287517e-06,2.370348191,1.82938938,0.0005577555016,0.01043597183,0.4690015719,2.975397706e-14,nan,5.963282807e-12,0.0007066403828,69488.02704,-4.499337412e-29,71447.54404,-5.918163386e-29,51666.75836,2.265557516e-29,0.0002204873734,0.0004747013595,0.0004827236096,0.0006452374999,0.001588222879,0.00161400855,0.0009230167238,0.0008586581736,0.0009854120178,0.001511196589,0.005473611006,0.9852227242
0.0047,0.9855073837,0.001548884771,0.003342203384,0.9966577966,0.4759696875,0.4667588266,0.473622861,0.5308991994,0.523205081,0.252691926,0.2478018874,1.074537471,3.423559567e-29,51668.02478,0.2550189438,-0.9665022255,-3.312597548e-29,2.150592805e-29,4.779136099e-06,2.370899136,1.829628684,0.0005577555016,0.01048734896,0.4691008006,2.930988785e-14,nan,5.688996916e-12,0.0006316911946,69492.5669,-4.487471781e-29,71450.85301,-5.88732053e-29,51668.02478,2.150592805e-29,0.0002175969895,0.0004679569739,0.0004743409563,0.0006334236929,0.001548884771,0.001593056442,0.0009080924749,0.0008442310736,0.0009654104144,0.001483729753,0.00535589272,0.9855073837
0.004725,0.9857811879,0.001511898239,0.003276320283,0.9967236797,0.4759540975,0.4668912041,0.4736255974,0.5308015231,0.523254156,0.2526371599,0.2478265622,1.074561264,3.42364132e-29,51669.25859,0.2550011541,-0.9371692208,-3.228091563e-29,2.045414255e-29,4.778982754e-06,2.371440913,1.829858689,0.0005577555016,0.01053871896,0.4691984769,2.975397706e-14,nan,5.425454059e-12,0.0005660418192,69497.04084,-4.464646755e-29,71454.12074,-5.849551422e-29,51669.25859,2.045414255e-29,0.0002147681171,0.0004613714816,0.0004662368181,0.0006220456275,0.001511898239,0.001572428561,0.0008934966339,0.0008301470918,0.0009461265656,0.001457048405,0.005243244566,0.9857811879
0.00475,0.9860447932,0.001477055371,0.00321346611,0.9967865339,0.4759387006,0.4670187836,0.4736283654,0.5307053327,0.52329923,0.2525832064,0.2478493589,1.074584342,3.423721005e-29,51670.46119,0.2549838143,-0.9092213531,-3.147185911e-29,1.949225873e-29,4.778827724e-06,2.371974023,1.830079991,0.0005577555016,0.01059008198,0.4692946673,2.953193246e-14,nan,5.17259257e-12,0.0005084035606,69501.44858,-4.431948544e-29,71457.34653,-5.805630282e-29,51670.46119,1.949225873e-29,0.0002119993999,0.0004549393836,0.0004583950963,0.0006110768597,0.001477055371,0.001552121759,0.0008792207071,0.0008163965262,0.0009275168502,0.001431122159,0.005135362707,0.9860447932
0.004775,0.986298805,0.001444172895,0.003153411643,0.9968465884,0.4759234886,0.4671418514,0.4736311643,0.5306105658,0.523340567,0.2525300315,0.2478704021,1.074606737,3.423798709e-29,51671.63389,0.2549669055,-0.8825433735,-3.069585867e-29,1.861310554e-29,4.778671223e-06,2.372498934,1.830293141,0.0005577555016,0.01064143814,0.4693894342,2.953193246e-14,nan,4.930291998e-12,0.0004576812021,69505.78994,-4.390363467e-29,71460.52981,-5.756250586e-29,51671.63389,1.861310554e-29,0.0002092894226,0.000448655338,0.0004508009908,0.0006004929956,0.001444172895,0.001532132514,0.0008652562039,0.0008029696827,0.000909541278,0.001405921391,0.005031962257,0.986298805
0.0048,0.9865437827,0.001413088368,0.003095951643,0.9969040484,0.4759084539,0.4672606718,0.4736339937,0.5305171643,0.5233784101,0.2524776034,0.2478898066,1.07462848,3.423874512e-29,51672.7779,0.2549504105,-0.8570325177,-2.995029647e-29,1.781019758e-29,4.778513447e-06,2.373016084,1.830498642,0.0005577555016,0.01069278755,0.4694828357,2.975397706e-14,nan,4.698383169e-12,0.000412942189,69510.06488,-4.340787965e-29,71463.67015,-5.70203474e-29,51672.7779,1.781019758e-29,0.0002066367293,0.0004425141722,0.0004434408672,0.0005902715068,0.001413088368,0.001512456988,0.0008515946946,0.0007898569498,0.0008921631478,0.00138141737,0.004932776488,0.9865437827
0.004825,0.9867802437,0.001383657069,0.003040901502,0.9969590985,0.4758935898,0.4673754888,0.4736368526,0.5304250737,0.5234129835,0.2524258924,0.2479076781,1.074649598,3.423948486e-29,51673.89431,0.2549343134,-0.8325967611,-2.923283625e-29,1.707764938e-29,4.778354573e-06,2.373525882,1.830696959,0.0005577555016,0.01074413035,0.4695749263,2.975397706e-14,nan,4.476657061e-12,0.0003733909446,69514.27348,-4.284037404e-29,71466.76724,-5.643542309e-29,51673.89431,1.707764938e-29,0.0002040398401,0.0004365108886,0.0004363021406,0.0005803915635,0.001383657069,0.001493091071,0.0008382278551,0.0007770488548,0.0008753487349,0.001357582355,0.004837555946,0.9867802437
0.00485,0.9870086673,0.001355749476,0.002988094465,0.9970119055,0.4758788901,0.4674865285,0.4736397399,0.530334243,0.5234444944,0.2523748709,0.2479241142,1.074670119,3.4240207e-29,51674.98415,0.2549185995,-0.8091533848,-2.85413842e-29,1.641010355e-29,4.778194759e-06,2.374028712,1.830888522,0.0005577555016,0.01079546663,0.469665757,2.975397706e-14,nan,4.264872592e-12,0.0003383474337,69518.41589,-4.220853873e-29,71469.82086,-5.581277079e-29,51674.98415,1.641010355e-29,0.0002014972638,0.0004306406687,0.0004293731727,0.000570833884,0.001355749476,0.001474030429,0.0008251475011,0.0007645361071,0.0008590670057,0.001334389644,0.004746067535,0.9870086673
0.004875,0.9872294983,0.001329249182,0.002937379345,0.9970626207,0.4758643492,0.4675940004,0.4736426547,0.5302446241,0.5234731342,0.2523245129,0.2479392049,1.074690064,3.424091215e-29,51676.04836,0.2549032551,-0.7866277879,-2.787405683e-29,1.580267025e-29,4.778034152e-06,2.374524935,1.831073727,0.0005577555016,0.0108467965,0.4697553759,2.975397706e-14,nan,4.062763414e-12,0.0003072292467,69522.49236,-4.151913104e-29,71472.83089,-5.51569316e-29,51676.04836,1.580267025e-29,0.0001990075085,0.0004248988733,0.0004226431813,0.0005615806003,0.001329249182,0.001455270543,0.0008123456138,0.0007523096301,0.0008432893606,0.001311813614,0.004658093566,0.9872294983
0.0049,0.9874431497,0.00130405117,0.002888618598,0.9971113814,0.475849962,0.4676980988,0.4736455956,0.5301561718,0.5234990802,0.2522747942,0.2479530336,1.074709458,3.42416009e-29,51677.08781,0.2548882675,-0.7648317926,-2.722611511e-29,1.525087567e-29,4.777872882e-06,2.375014886,1.831252942,0.0005577555016,0.01089812005,0.4698438282,2.975397706e-14,nan,3.870043805e-12,0.0002795366024,69526.50321,-4.077830665e-29,71475.79728,-5.447200288e-29,51677.08781,1.525087567e-29,0.0001965690909,0.0004192810414,0.0004161021606,0.000552615135,0.00130405117,0.00143680675,0.0007998143594,0.0007403605834,0.0008279894022,0.001289829725,0.004573430833,0.9874431497
0.004925,0.9876500056,0.001280060383,0.002841686715,0.9971583133,0.4758357238,0.4677990042,0.4736485613,0.5300688438,0.5235224965,0.252225692,0.2479656773,1.074728319,3.424227379e-29,51678.10333,0.2548736251,-0.7438958564,-2.6600849e-29,1.475061804e-29,4.777711068e-06,2.375498881,1.831426509,0.0005577555016,0.01094943739,0.4699311562,2.953193246e-14,nan,3.686413748e-12,0.0002548397761,69530.44882,-3.999167494e-29,71478.72006,-5.376168452e-29,51678.10333,1.475061804e-29,0.0001941805426,0.0004137828875,0.0004097408096,0.0005439220925,0.001280060383,0.00141863427,0.0007875461017,0.0007286803785,0.0008131427261,0.001268414517,0.004491889692,0.9876500056
0.00495,0.9878504233,0.001257190509,0.002796468853,0.9972035311,0.4758216305,0.4678968847,0.4736515505,0.5299825998,0.5235435356,0.2521771848,0.2479772074,1.074746667,3.424293133e-29,51679.09568,0.2548593168,-0.7238199791,-2.59982585e-29,1.42981296e-29,4.77754882e-06,2.375977215,1.831594745,0.0005577555016,0.01100074861,0.4700174002,2.975397706e-14,nan,3.511563291e-12,0.0002327685451,69534.32963,-3.916434878e-29,71481.5993,-5.302931968e-29,51679.09568,1.42981296e-29,0.0001918404163,0.000408400298,0.0004035504699,0.0005354871589,0.001257190509,0.001400748238,0.0007755334123,0.000717260689,0.0007987267349,0.001247545599,0.00441329318,0.9878504233
0.004975,0.9880447358,0.00123536297,0.002752859669,0.9972471403,0.4758076782,0.4679918964,0.4736545618,0.5298974022,0.5235623388,0.2521292526,0.2479876902,1.074764521,3.424357398e-29,51680.06557,0.2548453324,-0.7046041609,-2.541834362e-29,1.388994373e-29,4.777386234e-06,2.376450167,1.831757944,0.0005577555016,0.01105205378,0.4701025978,2.997602166e-14,nan,3.345176258e-12,0.0002130033134,69538.14613,-3.830098933e-29,71484.43517,-5.227793063e-29,51680.06557,1.388994373e-29,0.00018954729,0.0004031293268,0.0003975230692,0.0005272970129,0.00123536297,0.001383143732,0.0007637690754,0.0007060934557,0.0007847204698,0.001227201618,0.004337476169,0.9880447358
0.005,0.9882332537,0.001214506046,0.002710762323,0.9972892377,0.4757938631,0.4680841851,0.4736575938,0.5298132151,0.5235790374,0.2520818764,0.247997187,1.074781895,3.424420219e-29,51681.01366,0.2548316623,-0.6862484016,-2.486110435e-29,1.352286617e-29,4.777223401e-06,2.376917997,1.831916381,0.0005577555016,0.01110335299,0.4701867849,2.997602166e-14,nan,3.186933397e-12,0.0001952676373,69541.89885,-3.74058465e-29,71487.22783,-5.151025053e-29,51681.01366,1.352286617e-29,0.0001872997708,0.00039796619,0.0003916510713,0.0005193392443,0.001214506046,0.001365815793,0.0007522460909,0.0006951708883,0.0007711044613,0.001207362228,0.004264284564,0.9882332537
