t_s,P_up,P_down,P_F2,P_F3,P_n0,P_target,P_n0_given_up,P_trapped,P_up_absolute,P_n0_absolute,P_target_absolute,nbar,mean_excitation_energy_J,mean_excitation_energy_hz,fractional_energy_reduction,cooling_rate_quanta_per_s,cooling_power_W,selection_cooling_power_W,T_equiv_K,photons_spin_pump,photons_repump,photons_raman_scatter,photons_lattice_scatter,overflow,trace_plus_overflow_minus_1,boundary_population,min_eigenvalue,raman_coherence_l1,mean_excitation_energy_x_hz,selection_cooling_power_x_W,mean_excitation_energy_y_hz,selection_cooling_power_y_W,mean_excitation_energy_z_hz,selection_cooling_power_z_W,"P|2,-2>","P|2,-1>","P|2,+0>","P|2,+1>","P|2,+2>","P|3,-3>","P|3,-2>","P|3,-1>","P|3,+0>","P|3,+1>","P|3,+2>","P|3,+3>"
0,0.1428571429,0,0,1,0.3279169252,0.04684527503,0.3279169252,1,0.1428571429,0.3279169252,0.04684527503,1.450416694,4.595498824e-29,69354.81695,0,544.8401608,1.475121976e-26,1.290095441e-26,1e-05,0,0,0,0,0,-2.220446049e-16,nan,0,0,76034.56526,3.18621264e-26,75931.53739,1.428596644e-26,69354.81695,1.290095441e-26,0,0,0,0,0,0.1428571429,0.1428571429,0.1428571429,0.1428571429,0.1428571429,0.1428571429,0.1428571429
2.5e-05,0.1538047348,0.01162642937,0.05187501283,0.9481249872,0.3301084554,0.05079167483,0.3302347935,0.9754293079,0.150025646,0.3219974622,0.04954368823,1.437640984,4.561651659e-29,68843.99887,0.007365286285,532.307696,1.461620202e-26,1.455234913e-26,9.732693918e-06,0.1464010116,0.01011441103,5.435114825e-06,8.49267578e-05,0.02457069206,2.220446049e-16,nan,1.373222167e-07,0.01925886634,75110.36341,2.929488021e-26,75459.35347,1.404406791e-26,68843.99887,1.455234913e-26,0.002611451672,0.01044662317,0.01361950416,0.01357100446,0.01162642937,0.1322502744,0.1280994392,0.1271824969,0.1292886576,0.1344041766,0.1430952077,0.1538047348
5e-05,0.1675508829,0.02036064594,0.08892374468,0.9110762553,0.3327376648,0.05592161178,0.3337589801,0.9521329449,0.1595307155,0.3168104926,0.05324480891,1.424309419,4.524547193e-29,68284.02191,0.01543937516,517.8230675,1.439053898e-26,1.525562335e-26,9.460075989e-06,0.2763347741,0.03581871815,1.073910421e-05,0.0001680415243,0.04786705513,4.440892099e-16,nan,2.153016919e-07,0.0134451818,74274.95933,2.693000497e-26,75007.40785,1.356206999e-26,68284.02191,1.525562335e-26,0.004864275533,0.01786760462,0.02256301716,0.02326820143,0.02036064594,0.1231136277,0.1161555285,0.1147467869,0.1183680315,0.1273554319,0.1437859659,0.1675508829
7.5e-05,0.1813212905,0.02891695406,0.1171473666,0.8828526334,0.3354551723,0.06104917531,0.3366906068,0.9301803822,0.1686615073,0.3120338204,0.05678674522,1.411296964,4.487817638e-29,67729.70307,0.02343188194,501.3862752,1.407423066e-26,1.553167983e-26,9.206253308e-06,0.3930434264,0.07189324463,1.591886337e-05,0.0002494375806,0.06981961779,4.440892099e-16,nan,2.53588672e-07,0.01988851876,73520.33898,2.483053095e-26,74579.96914,1.300335585e-26,67729.70307,1.553167983e-26,0.006756143308,0.02303729248,0.02832485537,0.0301121214,0.02891695406,0.1151660291,0.1063221641,0.1047043575,0.1093669575,0.1213237973,0.1446480375,0.1813212905
0.0001,0.1974295364,0.03494311687,0.1365390686,0.8634609314,0.3381131311,0.06701674594,0.3394464029,0.9095739995,0.179576773,0.3075389129,0.06095668964,1.39885629,4.452563135e-29,67197.64558,0.03110341095,482.9973191,1.366727704e-26,1.537347692e-26,8.97510934e-06,0.4989191741,0.1146375032,2.098165671e-05,0.0003292099266,0.09042600047,8.881784197e-16,nan,2.660928204e-07,0.01537277218,72839.26975,2.287209267e-26,74179.32674,1.233184998e-26,67197.64558,1.537347692e-26,0.008305970781,0.02653570698,0.03190845155,0.03484582244,0.03494311687,0.1081864178,0.0980926703,0.09644631855,0.1017851236,0.1160350072,0.1454858576,0.1974295364
0.000125,0.2135836427,0.04070985826,0.1510569759,0.8489430241,0.3406671379,0.07298065408,0.3416958957,0.8902834328,0.1901499786,0.303290309,0.06497346725,1.387043761,4.419074515e-29,66692.23861,0.03839067652,462.6561992,1.316967814e-26,1.50590407e-26,8.765225245e-06,0.5957520215,0.1614134446,2.593483945e-05,0.0004074548451,0.1097165672,1.110223025e-15,nan,2.624783856e-07,0.0195615185,72225.2675,2.111298205e-26,73806.51369,1.165532243e-26,66692.23861,1.50590407e-26,0.009544016223,0.02879646196,0.03399324111,0.03801339839,0.04070985826,0.1019992005,0.09109712756,0.08953116297,0.09527286895,0.1112935912,0.1461654302,0.2135836427
0.00015,0.2312040123,0.04475999511,0.1604707109,0.8395292891,0.3431210679,0.07949491179,0.3438301568,0.8722460955,0.201666797,0.2992860117,0.06933912642,1.375894396,4.387448651e-29,66214.94418,0.0452725983,435.3359987,1.237546938e-26,1.454484205e-26,8.574606444e-06,0.6849029242,0.210410224,3.078558753e-05,0.0004842666963,0.1277539045,1.33226763e-15,nan,2.493349112e-07,0.01697161464,71672.23458,1.947585272e-26,73461.4814,1.094334902e-26,66214.94418,1.454484205e-26,0.01050564835,0.03014372351,0.03504427092,0.040017073,0.04475999511,0.09646599858,0.08506412094,0.08363858077,0.08958501709,0.106962329,0.1466092305,0.2312040123
0.000175,0.2486944895,0.04865977592,0.1672424136,0.8327575864,0.3455043355,0.08598982037,0.3457648803,0.8553936318,0.2127316826,0.2955422083,0.07355514475,1.365310134,4.357376211e-29,65761.09386,0.0518164887,410.9741255,1.169303066e-26,1.398193738e-26,8.399435426e-06,0.7674239019,0.2603546923,3.554079465e-05,0.0005597378642,0.1446063682,1.33226763e-15,nan,2.310650425e-07,0.0201509687,71174.48832,1.800297242e-26,73143.48077,1.026596663e-26,65761.09386,1.398193738e-26,0.01122718767,0.03081927501,0.03538153541,0.04115463956,0.04865977592,0.09147601041,0.07979139172,0.07853389083,0.08454523196,0.1029436762,0.1467728958,0.2486944895
0.0002,0.2670074364,0.051412032,0.1710362846,0.8289637154,0.3478408151,0.09283936756,0.3477033029,0.8396426806,0.2241908397,0.2920619944,0.07795189544,1.355337338,4.328969893e-29,65332.38851,0.05799782364,388.8304741,1.108965528e-26,1.334502223e-26,8.238940241e-06,0.8441430492,0.3104055983,4.020691529e-05,0.0006339559515,0.1603573194,1.554312234e-15,nan,2.105404266e-07,0.01908346965,70726.84182,1.66295204e-26,72851.34086,9.586306175e-27,65332.38851,1.334502223e-26,0.01174369259,0.0310038194,0.0352278252,0.04164891542,0.051412032,0.08694178706,0.07512811053,0.07404550778,0.08002694083,0.09917036832,0.1466435644,0.2670074364
0.000225,0.2851362238,0.0539963132,0.1733188754,0.8266811246,0.3501511129,0.09966173725,0.3495232416,0.8249168186,0.2352136666,0.2888455421,0.08221264322,1.345891565,4.301989567e-29,64925.20407,0.06386885689,368.70041,1.055293619e-26,1.270452538e-26,8.090622625e-06,0.9157232291,0.3599482908,4.479000231e-05,0.000707002803,0.1750831814,1.554312234e-15,nan,1.895764127e-07,0.02158323898,70324.82171,1.538468131e-26,72583.97877,8.94603675e-27,64925.20407,1.270452538e-26,0.01208740557,0.0308318852,0.03473785965,0.04166541182,0.0539963132,0.08279260611,0.07095948166,0.07004600521,0.07593499661,0.09559445247,0.1462173587,0.2851362238
0.00025,0.3035902503,0.05586473708,0.1739066684,0.8260933316,0.3524469302,0.1067042724,0.351474635,0.811136742,0.2462532065,0.2858826547,0.08655175587,1.33691096,4.276232337e-29,64536.47849,0.06947373919,350.4050219,1.007301739e-26,1.205134462e-26,7.952552645e-06,0.9827044957,0.4086072616,4.929564514e-05,0.0007789555062,0.188863258,1.776356839e-15,nan,1.692715194e-07,0.02161537499,69963.85316,1.423877304e-26,72339.71549,8.333461695e-27,64536.47849,1.205134462e-26,0.01228728505,0.03040393623,0.03402118623,0.0413295238,0.05586473708,0.07897212672,0.06719817382,0.06644092128,0.0721993027,0.09218326818,0.1455092887,0.3035902503
0.000275,0.3217751962,0.05758826052,0.1736411027,0.8263588973,0.3547402777,0.1137170306,0.3534052094,0.7982339523,0.2568518866,0.2831657339,0.09077279476,1.328353442,4.251575295e-29,64164.35683,0.07483921587,333.689269,9.640899323e-27,1.141323761e-26,7.823427925e-06,1.045534569,0.4561128273,5.372900991e-05,0.0008498859196,0.2017660477,1.998401444e-15,nan,1.502460883e-07,0.02364831473,69639.84964,1.320211835e-26,72116.85521,7.769445433e-27,64164.35683,1.141323761e-26,0.0123686478,0.02979462937,0.03315457887,0.04073498618,0.05758826052,0.07543426692,0.06377625372,0.06315883992,0.0687650658,0.08891336655,0.1445359082,0.3217751962
0.0003,0.3400085138,0.05882033061,0.1723800408,0.8276199592,0.3570107533,0.1208536983,0.3554431532,0.7861391402,0.2672940007,0.2806601266,0.09500782245,1.32020147,4.22795596e-29,63807.89615,0.07997888321,318.4689584,9.252308804e-27,1.079527261e-26,7.702417985e-06,1.104590604,0.5023178171,5.809484275e-05,0.0009198607986,0.2138608598,1.998401444e-15,nan,1.328078513e-07,0.024202438,69349.00891,1.224701014e-26,71913.60998,7.237275146e-27,63807.89615,1.079527261e-26,0.01235344251,0.0290597806,0.03219305552,0.03995343156,0.05882033061,0.07214215827,0.06064116735,0.06014604851,0.0655906054,0.08576913703,0.1433223288,0.3400085138
0.000325,0.3579565836,0.05987920163,0.1705940539,0.8294059461,0.3592763797,0.1279504823,0.3574469311,0.7747918382,0.2773418394,0.2783644066,0.09913498938,1.312424134,4.205296025e-29,63465.91464,0.08490978091,304.1216366,8.887122447e-27,1.019696265e-26,7.588700136e-06,1.160194863,0.5471132467,6.239753669e-05,0.0009889417907,0.2252081618,2.220446049e-15,nan,1.17065608e-07,0.02572246943,69088.15709,1.137410174e-26,71728.51103,6.744057383e-27,63465.91464,1.019696265e-26,0.01226035118,0.028240845,0.03117519911,0.039038457,0.05987920163,0.06906543679,0.05775124982,0.05736115339,0.06264193105,0.08273926346,0.1418903279,0.3579565836
0.00035,0.3757690734,0.06059719052,0.168231404,0.831768596,0.3615458638,0.1351062885,0.3595460566,0.7641330413,0.2871375649,0.2762691405,0.1032391792,1.304994665,4.183520214e-29,63137.27624,0.08964828959,290.5166392,8.538917562e-27,9.627882094e-27,7.481552509e-06,1.212626165,0.5904554704,6.664111638e-05,0.001057185824,0.2358669587,2.442490654e-15,nan,1.030059326e-07,0.02658353025,68854.36749,1.056703566e-26,71560.07313,6.280869761e-27,63137.27624,9.627882094e-27,0.01210522062,0.02736878856,0.03012888146,0.03803132286,0.06059719052,0.06617951333,0.05507358178,0.0547723214,0.05989233966,0.07981621871,0.1402655477,0.3757690734
0.000375,0.3932612742,0.06115059638,0.1655550647,0.8344449353,0.3638089503,0.1422084219,0.3616130833,0.7541112396,0.296562747,0.2743524185,0.1072409693,1.297885853,4.162559454e-29,62820.9385,0.09420943983,277.5246784,8.202920262e-27,9.080954497e-27,7.380345677e-06,1.262128517,0.6323167726,7.082929248e-05,0.001124645547,0.2458887604,2.442490654e-15,nan,9.054422034e-08,0.02784465878,68645.14022,9.824592732e-27,71407.02925,5.850414535e-27,62820.9385,9.080954497e-27,0.01190130731,0.02646653691,0.02907361301,0.03696301105,0.06115059638,0.06346388597,0.05258149784,0.05235439045,0.05731940441,0.07699431306,0.1384701694,0.3932612742
0.0004,0.4105180297,0.06144513595,0.1625369726,0.8374630274,0.3660608789,0.1493227359,0.3637422113,0.7446770516,0.305703356,0.272597136,0.1111972147,1.291096533,4.142436516e-29,62517.2451,0.09858827622,265.1280197,7.878360177e-27,8.569283418e-27,7.284906689e-06,1.308917623,0.6727046854,7.496548732e-05,0.001191369489,0.2553229484,2.664535259e-15,nan,7.95582699e-08,0.02883849958,68458.15266,9.136107155e-27,71268.13501,5.446420763e-27,62517.2451,8.569283418e-27,0.01165969561,0.02555115599,0.02802349619,0.03585748889,0.06144513595,0.06090170572,0.05025346646,0.0500874904,0.0549049802,0.07426962075,0.1365277341,0.4105180297
0.000425,0.427460457,0.06155976314,0.1593050484,0.8406949516,0.3683039219,0.1563678882,0.3658066745,0.7357879757,0.3145202643,0.2709935972,0.115053612,1.284617294,4.123131943e-29,62225.90238,0.1027890331,253.369099,7.56788709e-27,8.07738597e-27,7.194885647e-06,1.353185746,0.7116234957,7.90528646e-05,0.001257402185,0.2642120243,2.664535259e-15,nan,6.99096984e-08,0.02979353349,68291.45213,8.497906926e-27,71142.37112,5.068422455e-27,62225.90238,8.07738597e-27,0.01138953297,0.02463515137,0.02698808483,0.03473251606,0.06155976314,0.05847864711,0.04807160469,0.04795540176,0.05263314535,0.07163874801,0.1344569478,0.427460457
0.00045,0.4440896153,0.06149193739,0.1558942618,0.8441057382,0.370532308,0.1633852892,0.3679106278,0.7274039032,0.3230325196,0.2695266471,0.1188470971,1.278424445,4.104589223e-29,61946.05747,0.1068240075,242.3827462,7.276869677e-27,7.619719437e-27,7.109800735e-06,1.395105463,0.7491008138,8.309433283e-05,0.001322784944,0.2725960968,2.664535259e-15,nan,6.14572031e-08,0.03083514263,68143.17765,7.906313794e-27,71028.67446,4.716112137e-27,61946.05747,7.619719437e-27,0.01109838136,0.02372772576,0.02597427087,0.03360194637,0.06149193739,0.05618270876,0.04602112671,0.04594491166,0.05049078856,0.06909907448,0.1322775127,0.4440896153
0.000475,0.4603833017,0.06126746079,0.1523580683,0.8476419317,0.3727402142,0.1703225143,0.3699580624,0.7194896549,0.3312410229,0.2681827281,0.122545287,1.272503933,4.086771649e-29,61677.1564,0.1107011869,232.2285518,7.008891682e-27,7.181502895e-27,7.029289379e-06,1.434832769,0.7851638411,8.709258785e-05,0.001387556075,0.2805103451,3.108624469e-15,nan,5.406446237e-08,0.0316024732,68011.70253,7.356305631e-27,70926.12247,4.386242584e-27,61677.1564,7.181502895e-27,0.01079242581,0.02283551438,0.02498658974,0.03247607761,0.06126746079,0.05400354636,0.04408951622,0.04404493968,0.04846636029,0.06664812428,0.1300061431,0.4603833017
0.0005,0.4762940505,0.06093564799,0.148766934,0.851233066,0.3749357433,0.1771985086,0.3720359481,0.7120116569,0.3391269161,0.2669586198,0.1261674037,1.266816311,4.069562003e-29,61417.4301,0.1144460788,223.0030004,6.767692546e-27,6.774515405e-27,6.952691433e-06,1.47250947,0.8198554538,9.105013148e-05,0.001451751316,0.2879883431,3.108624469e-15,nan,4.760443761e-08,0.03264186914,67895.48997,6.846961185e-27,70833.80052,4.080119358e-27,61417.4301,6.774515405e-27,0.01047674028,0.02196330718,0.0240282496,0.03136298893,0.06093564799,0.05193236403,0.04226623393,0.04224622583,0.04655024236,0.06428380417,0.1276601452,0.4762940505
0.000525,0.4918329121,0.06048989083,0.1451296886,0.8548703114,0.3771184661,0.1839880424,0.3740864791,0.7049396329,0.3467125125,0.265845753,0.1297004631,1.261343036,4.05290487e-29,61166.04228,0.1180707415,214.599961,6.550012009e-27,6.385937819e-27,6.87964142e-06,1.50826522,0.8532194685,9.496928676e-05,0.001515404022,0.2950603671,3.552713679e-15,nan,4.196143032e-08,0.03331711962,67793.1743,6.373020503e-27,70750.90148,3.793394312e-27,61166.04228,6.385937819e-27,0.01015544539,0.02111445083,0.0231012181,0.03026868347,0.06048989083,0.04996148531,0.04054221684,0.04054082827,0.04473395344,0.06200404487,0.1252548705,0.4918329121
0.00055,0.5069605793,0.05997366736,0.1415012645,0.8584987355,0.379284566,0.190692506,0.3761485878,0.6982451124,0.3539827467,0.2648335944,0.1331501103,1.256074244,4.036775541e-29,60922.62004,0.1215805517,206.857601,6.351029121e-27,6.025316416e-27,6.809915638e-06,1.542219079,0.8853067787,9.885220684e-05,0.00157854523,0.3017548876,3.552713679e-15,nan,3.703175432e-08,0.03430775254,67703.47875,5.933873501e-27,70676.64577,3.527728085e-27,60922.62004,6.025316416e-27,0.009831885978,0.02029123546,0.022206713,0.02919776274,0.05997366736,0.04808422737,0.0389096617,0.03892191449,0.04301022493,0.05980689241,0.1228052353,0.5069605793
0.000575,0.5217159402,0.05935562667,0.1378580588,0.8621419412,0.3814331786,0.1973039168,0.3781826499,0.6919027015,0.3609766685,0.2639146467,0.136515113,1.251000035,4.021148069e-29,60686.77177,0.1249811558,199.6426414,6.166238471e-27,5.681871911e-27,6.743299079e-06,1.574480759,0.9161630435,0.0001027008915,0.0016412037,0.3080972985,3.774758284e-15,nan,3.272351823e-08,0.03485933758,67625.28951,5.523829627e-27,70610.35319,3.278320987e-27,60686.77177,5.681871911e-27,0.009508743111,0.01949510876,0.02134516412,0.02815341619,0.05935562667,0.04629462183,0.03736170894,0.03738345802,0.04137240122,0.057690267,0.1203235439,0.5217159402
0.0006,0.536036986,0.05870468513,0.1342744644,0.8657255356,0.3835670108,0.2038155912,0.3802267317,0.6858885293,0.36766162,0.263084213,0.1397947761,1.246089888,4.005938799e-29,60457.23495,0.1282907575,192.8390728,5.991972893e-27,5.36311081e-27,6.679372346e-06,1.605151643,0.9458390784,0.0001065171981,0.00170340634,0.3141114707,3.996802889e-15,nan,2.8955926e-08,0.03580275473,67557.56242,5.143983744e-27,70551.36423,3.047712775e-27,60457.23495,5.36311081e-27,0.00918816571,0.01872691422,0.02051665805,0.02713804125,0.05870468513,0.0445873737,0.03589234194,0.03592015239,0.03981473118,0.05565212818,0.1178218223,0.536036986
0.000625,0.5499788695,0.05797429296,0.1307072542,0.8692927458,0.3856782237,0.2102263064,0.3822443336,0.6801809223,0.3740851347,0.2623309699,0.142991923,1.241347101,3.991158136e-29,60234.16664,0.1315070923,186.4571172,5.82868392e-27,5.060422581e-27,6.618086828e-06,1.63432571,0.9743831251,0.0001103028532,0.001765178261,0.3198190777,3.996802889e-15,nan,2.565834613e-08,0.03630813477,67499.35771,4.789166114e-27,70499.08242,2.83157261e-27,60234.16664,5.060422581e-27,0.008871852311,0.01798701855,0.0197208795,0.02615321086,0.05797429296,0.04295769347,0.03449620029,0.0345272396,0.03833197678,0.0536903537,0.1153104125,0.5499788695
0.00065,0.5635014615,0.05721400959,0.1272077435,0.8727922565,0.3877704572,0.2165296347,0.3842574501,0.6747599906,0.3802282408,0.2616519901,0.1461055343,1.236761472,3.976779436e-29,60017.16471,0.1346359582,180.4806797,5.67603778e-27,4.778956333e-27,6.559259763e-06,1.662090239,1.001842396,0.0001140594684,0.001826542774,0.3252400094,4.218847494e-15,nan,2.276927243e-08,0.03711415784,67449.81119,4.460013673e-27,70452.94479,2.631618989e-27,60017.16471,4.778956333e-27,0.008561132589,0.01727543216,0.01895726329,0.02519990589,0.05721400959,0.04140122876,0.03316848186,0.03320042664,0.03691940625,0.0518027717,0.1127984798,0.5635014615
0.000675,0.5766398252,0.05639921689,0.1237517997,0.8762482003,0.3898437195,0.2227238262,0.3862442663,0.6696074938,0.3861223482,0.261042276,0.1491375431,1.232321644,3.962774587e-29,59805.80491,0.1376834726,174.8697573,5.533006488e-27,4.512468644e-27,6.502713045e-06,1.688526441,1.028261743,0.0001177885481,0.0018875217,0.3303925062,4.440892099e-15,nan,2.023529565e-08,0.03757691936,67408.13882,4.152798896e-27,70412.43791,2.444768564e-27,59805.80491,4.512468644e-27,0.008257032029,0.01659189679,0.0182250422,0.02427861181,0.05639921689,0.03991399499,0.03190485355,0.03193580949,0.03557268318,0.04998715829,0.1102938755,0.5766398252
0.0007,0.5893687583,0.05556540027,0.1203745827,0.8796254173,0.391898823,0.2288083164,0.3882260692,0.6647064354,0.3917572065,0.2604976696,0.1520903603,1.228017497,3.949115036e-29,59599.65631,0.1406558487,169.6085831,5.399035175e-27,4.264036392e-27,6.448275709e-06,1.713710008,1.053686661,0.0001214914953,0.001948135458,0.3352935646,4.662936703e-15,nan,1.801012733e-08,0.03826438107,67373.62144,3.866924937e-27,70377.08354,2.271235549e-27,59599.65631,4.264036392e-27,0.007960329168,0.01593596082,0.01752337517,0.02338951729,0.05556540027,0.0384923365,0.03070139389,0.03072982755,0.03428792616,0.04824128944,0.1078038854,0.5893687583
0.000725,0.6017151073,0.05469687323,0.1170592753,0.8829407247,0.3939349925,0.2347784668,0.3901821043,0.6600411612,0.3971567382,0.2600133099,0.1549634518,1.223839148,3.935774687e-29,59398.32506,0.1435587653,164.7371505,5.275200213e-27,4.029414898e-27,6.395793889e-06,1.737711594,1.078159667,0.0001251696225,0.00200840317,0.3399588388,4.662936703e-15,nan,1.605369087e-08,0.03865950869,67345.60983,3.60052176e-27,70346.45143,2.109601989e-27,59398.32506,4.029414898e-27,0.007671597307,0.01530702564,0.01685129987,0.0225324793,0.05469687323,0.03713286812,0.02955452449,0.0295792055,0.03306152983,0.0465629114,0.105334578,0.6017151073
0.00075,0.6136596161,0.05382367329,0.1138343554,0.8861656446,0.3959526549,0.2406355309,0.3921319321,0.6555970363,0.4023134256,0.2595853871,0.1577599409,1.219777168,3.922730225e-29,59201.45933,0.1463972953,160.1896282,5.159506159e-27,3.809987189e-27,6.345130561e-06,1.760597243,1.101723774,0.0001288241569,0.002068342759,0.3444029637,4.884981308e-15,nan,1.43313056e-08,0.039290215,67323.50144,3.352362699e-27,70320.13592,1.959282686e-27,59201.45933,3.809987189e-27,0.007391243971,0.01470439136,0.01620784888,0.02170719793,0.05382367329,0.03583245144,0.02846097328,0.02848092556,0.03189025464,0.04494979152,0.1028916321,0.6136596161
0.000775,0.625236538,0.05292309391,0.1106750432,0.8893249568,0.3979499252,0.246380421,0.3940595374,0.651360638,0.4072544703,0.2592089172,0.1604825082,1.215826314,3.909967407e-29,59008.84413,0.1491745387,155.9088107,5.050214967e-27,3.603434e-27,6.296185037e-06,1.782428763,1.124418784,0.0001324562479,0.002127971015,0.348639362,5.107025913e-15,nan,1.281296441e-08,0.03961460584,67306.74729,3.121144452e-27,70297.76429,1.819519683e-27,59008.84413,3.603434e-27,0.007119538013,0.0141272809,0.01559198189,0.02091314848,0.05292309391,0.03458814894,0.02741772274,0.02743218341,0.03077105246,0.04339968311,0.1004796281,0.625236538
0.0008,0.6364239705,0.05202843205,0.1076123094,0.8923876906,0.3999264241,0.2520073302,0.3959739763,0.6473194524,0.4119696161,0.2588801538,0.163129247,1.21197951,3.89747281e-29,58820.2769,0.1518934158,151.8699262,4.946539604e-27,3.40986691e-27,6.248863729e-06,1.803264056,1.146283753,0.0001360669706,0.00218730368,0.3526805476,5.551115123e-15,nan,1.147269597e-08,0.04017147562,67294.84702,2.905666169e-27,70278.99386,1.689475596e-27,58820.2769,3.40986691e-27,0.006856637389,0.01357486876,0.01500266693,0.0201497043,0.05202843205,0.03339721231,0.02642198757,0.02643037238,0.02970113247,0.04191036616,0.09810264914,0.6364239705
0.000825,0.6472603052,0.05111300173,0.1046168786,0.8953831214,0.4018811431,0.2575241442,0.3978679708,0.64346192,0.4164873587,0.258595212,0.1657069803,1.208230671,3.885229372e-29,58635.50014,0.1545576397,148.0566614,4.848122638e-27,3.228058102e-27,6.203064789e-06,1.823157414,1.16735541,0.0001396573334,0.002246355525,0.35653808,5.551115123e-15,nan,1.028801265e-08,0.04045364467,67287.33961,2.704881567e-27,70263.50564,1.568748664e-27,58635.50014,3.228058102e-27,0.006602608673,0.01304629698,0.01443885382,0.0194161174,0.05111300173,0.03225705603,0.02547118281,0.02547305703,0.02867787652,0.04047963668,0.09576400713,0.6472603052
0.00085,0.6577234642,0.05021049781,0.1017197229,0.8982802771,0.4038140422,0.262923422,0.3997476695,0.6397773007,0.4207965425,0.2583510579,0.1682124372,1.204573715,3.873224564e-29,58454.32476,0.1571699367,144.4555912,4.754778088e-27,3.057346867e-27,6.158705325e-06,1.842159777,1.18766919,0.0001432282835,0.002305140431,0.3602226993,5.773159728e-15,nan,9.239430562e-09,0.04094656189,67283.80388,2.517777153e-27,70251.00659,1.456362849e-27,58454.32476,3.057346867e-27,0.006357445097,0.01254069094,0.01389951046,0.01871157863,0.05021049781,0.03116524453,0.02456290435,0.02455795828,0.02769885675,0.03910532527,0.09346652368,0.6577234642
0.000875,0.6678519496,0.04929402558,0.09889112068,0.9011088793,0.405722727,0.2682119018,0.4016038315,0.6362555503,0.4249245097,0.2581433369,0.1706513112,1.201006767,3.861453679e-29,58276.67972,0.1597313311,141.0600916,4.666448419e-27,2.897303983e-27,6.11573057e-06,1.860318986,1.207258849,0.0001467807099,0.00236367143,0.3637444497,6.217248938e-15,nan,8.310052929e-09,0.04117971288,67283.85478,2.343462446e-27,70241.22914,1.352168323e-27,58276.67972,2.897303983e-27,0.006121081476,0.012057172,0.01338361813,0.01803522349,0.04929402558,0.03011948136,0.02369491251,0.02368294089,0.02676180225,0.03778530401,0.0912124887,0.6678519496
0.0009,0.6776270497,0.04839384461,0.09615844431,0.9038415557,0.4076097699,0.2733852568,0.4034450173,0.6328873761,0.4288616055,0.2579710777,0.1730220779,1.197520229,3.849891771e-29,58102.18854,0.1622472513,137.8547892,4.582831242e-27,2.74667505e-27,6.07402418e-06,1.877679987,1.22615654,0.0001503154483,0.002421960785,0.3671126239,6.217248938e-15,nan,7.485212796e-09,0.04158300728,67287.14203,2.180755969e-27,70233.92787,1.254852607e-27,58102.18854,2.74667505e-27,0.005893404903,0.0115948635,0.01289017962,0.01738615168,0.04839384461,0.02911759195,0.02286511146,0.02284599607,0.02586458582,0.03651748538,0.08900373531,0.6776270497
0.000925,0.6870794562,0.04749048526,0.09349934913,0.9065006509,0.4094748038,0.2784497869,0.4052657729,0.62966399,0.4326291919,0.2578315388,0.1753298038,1.194111608,3.838533731e-29,57930.77411,0.164718809,134.8287075,4.503553684e-27,2.605652382e-27,6.033536378e-06,1.894285044,1.244393521,0.0001538332852,0.002480020046,0.37033601,6.217248938e-15,nan,6.752165609e-09,0.04181544484,67293.34398,2.029262323e-27,70228.87745,1.164820554e-27,57930.77411,2.605652382e-27,0.005674266476,0.01115290171,0.01241823646,0.01676345922,0.04749048526,0.0281575229,0.02207154312,0.02204523813,0.02500523465,0.03529984259,0.08684181324,0.6870794562
0.00095,0.6962003006,0.04660403317,0.09093102265,0.9090689774,0.4113165687,0.2834008516,0.4070679823,0.6265773187,0.4362233176,0.2577216327,0.1775725457,1.190777353,3.827370216e-29,57762.29544,0.167148037,131.9660224,4.428250037e-27,2.472769346e-27,5.99420621e-06,1.910173917,1.261999205,0.0001573349601,0.002537860071,0.3734226813,6.883382753e-15,nan,6.099824575e-09,0.04214391193,67302.16463,1.88798562e-27,70225.8679,1.080778569e-27,57762.29544,2.472769346e-27,0.005463486994,0.01073043582,0.01196684844,0.01616621823,0.04660403317,0.02723732144,0.02131236576,0.02127888539,0.02418188025,0.03413039211,0.08472783182,0.6962003006
0.000975,0.7050168407,0.04571818935,0.08843430562,0.9115656944,0.4131364356,0.2882471213,0.4088513986,0.6236197203,0.439662405,0.2576400284,0.1797565892,1.187512386,3.816389914e-29,57596.5818,0.1695373973,129.2502165,4.356400376e-27,2.348358126e-27,5.955968688e-06,1.925384035,1.279001827,0.0001608211701,0.002595491092,0.3763802797,6.661338148e-15,nan,5.518534365e-09,0.04233041548,67313.33586,1.756284202e-27,70224.7111,1.002946478e-27,57596.5818,2.348358126e-27,0.005260865909,0.01032663614,0.01153510957,0.01559350465,0.04571818935,0.026355139,0.02058585239,0.02054526047,0.0233927721,0.03300721295,0.0826626168,0.7050168407
0.001,0.7135185364,0.04485425658,0.08602768111,0.9139723189,0.4149340378,0.2929811562,0.4106146389,0.6207841433,0.4429409934,0.2575844712,0.1818780561,1.184313404,3.805584939e-29,57433.51417,0.1718886056,126.6608216,4.287481474e-27,2.231117071e-27,5.918771876e-06,1.939950643,1.295428285,0.0001642925714,0.002652922751,0.3792158567,7.105427358e-15,nan,4.999876064e-09,0.04262341504,67326.60724,1.633694827e-27,70225.22735,9.304445719e-28,57433.51417,2.231117071e-27,0.005066185118,0.009940693348,0.01112214593,0.01504440014,0.04485425658,0.02550921593,0.01989037478,0.01984277588,0.02263626043,0.03192843723,0.08064671821,0.7135185364
0.001025,0.7217349543,0.04399319226,0.08368934327,0.9163106567,0.416709141,0.297615154,0.4123607319,0.6180638995,0.4460783203,0.2575528767,0.1839451826,1.181177685,3.794948641e-29,57272.99221,0.174203109,124.2056193,4.221729567e-27,2.121312167e-27,5.882569061e-06,1.953906956,1.311304238,0.0001677497828,0.002710164138,0.3819361005,7.327471963e-15,nan,4.536499585e-09,0.04278721574,67341.75523,1.519230032e-27,70227.25852,8.631722289e-28,57272.99221,2.121312167e-27,0.004879215219,0.009571823813,0.01072711507,0.0145179969,0.04399319226,0.02469788391,0.01922440203,0.01916993402,0.02191078933,0.03089226093,0.0786804322,0.7217349543
0.00105,0.7296573819,0.04315401528,0.08143560844,0.9185643916,0.4184616255,0.3021400587,0.4140848379,0.6154528345,0.4490697039,0.2575433936,0.1859529556,1.178102266,3.784474363e-29,57114.91544,0.1764823563,121.8683526,4.158680366e-27,2.017836526e-27,5.847315405e-06,1.967284277,1.326654061,0.000171193388,0.002767223829,0.3845471655,7.327471963e-15,nan,4.121980192e-09,0.04301859415,67358.56873,1.412807388e-27,70230.65113,8.006582977e-28,57114.91544,2.017836526e-27,0.004699717609,0.009219267535,0.01034920652,0.01401340149,0.04315401528,0.02391955231,0.01858648681,0.01852531446,0.02121488742,0.02989693446,0.07676383418,0.7296573819
0.001075,0.7373095416,0.04232299015,0.0792501213,0.9207498787,0.4201919718,0.306567328,0.4157918903,0.6129450641,0.4519302442,0.2575545951,0.1879089305,1.175083829,3.774154145e-29,56959.16372,0.1787280794,119.643353,4.098274283e-27,1.920886138e-27,5.812963687e-06,1.980112128,1.341501153,0.0001746239382,0.002824109917,0.3870549359,7.771561172e-15,nan,3.750695022e-09,0.04315610092,67376.86152,1.313455903e-27,70235.27207,7.4266659e-28,56959.16372,1.920886138e-27,0.00452744949,0.008882292873,0.009987645134,0.01352974365,0.04232299015,0.02317271297,0.01797526661,0.01790757623,0.02054716984,0.02894077533,0.07489683617,0.7373095416
0.0011,0.7446890285,0.04151232315,0.07714253186,0.9228574681,0.421900471,0.3108919724,0.4174789214,0.6105351916,0.4546588587,0.2575850849,0.1898104899,1.172119419,3.763981251e-29,56805.63541,0.1809417441,117.5205045,4.040223173e-27,1.82955086e-27,5.779471954e-06,1.992418359,1.355867577,0.0001780419535,0.002880830045,0.3894648084,7.771561172e-15,nan,3.417716851e-09,0.04333515124,67396.45653,1.221107774e-27,70240.99178,6.887703229e-28,56805.63541,1.82955086e-27,0.004362164519,0.008560193131,0.009641683055,0.013066168,0.04151232315,0.0224559262,0.01738945042,0.01731544526,0.01990631819,0.02802215428,0.07307914532,0.7446890285
0.001125,0.7518121566,0.04071510234,0.07510347473,0.9248965253,0.4235867028,0.3151205254,0.4191479516,0.6082180276,0.4572657071,0.2576330689,0.1916619844,1.169206738,3.753950423e-29,56654.25113,0.1831244948,115.4896512,3.984306979e-27,1.743893064e-27,5.746803823e-06,2.004229252,1.369774709,0.0001814479257,0.002937391436,0.3917819724,7.771561172e-15,nan,3.118722756e-09,0.0434746458,67417.19812,1.134841054e-27,70247.69845,6.387333162e-28,56654.25113,1.743893064e-27,0.004203616831,0.008252290624,0.009310611717,0.01262185322,0.04071510234,0.02176782672,0.01682782138,0.01674771776,0.01929109725,0.02713951003,0.07131039551,0.7518121566
0.00115,0.7586837992,0.03993573577,0.07313496059,0.9268650394,0.4252511361,0.3192512012,0.4207961229,0.6059888225,0.4597539021,0.2576974352,0.1934626595,1.16634406,3.744058157e-29,56504.95802,0.1852770939,113.5398393,3.930252053e-27,1.663226533e-27,5.714929208e-06,2.015569621,1.38324246,0.0001848423195,0.002993800912,0.3940111775,7.993605777e-15,nan,2.849915214e-09,0.04360594668,67438.93925,1.054805471e-27,70255.28341,5.923839447e-28,56504.95802,1.663226533e-27,0.004051560867,0.007957932796,0.008993742619,0.01219598853,0.03993573577,0.02110711037,0.01628922466,0.01620324867,0.01870031977,0.02629133183,0.06959000497,0.7586837992
0.001175,0.7653162492,0.03917078106,0.0712312607,0.9287687393,0.4268939794,0.323290797,0.4224277184,0.6038430255,0.4621308794,0.2577769521,0.195216893,1.163528634,3.734296518e-29,56357.63633,0.1874012677,111.6633491,3.877876247e-27,1.587493674e-27,5.683806499e-06,2.026462898,1.396290218,0.0001882255752,0.003050064922,0.3961569745,8.437694987e-15,nan,2.607954077e-09,0.04371859619,67461.5483,9.798930789e-28,70263.64963,5.492243923e-28,56357.63633,1.587493674e-27,0.003905754323,0.007676495092,0.008690427596,0.01178780263,0.03917078106,0.02047253884,0.01577256955,0.01568095421,0.01813287601,0.02547617397,0.06791737757,0.7653162492
0.0012,0.7717130895,0.03842537507,0.06939528427,0.9306047157,0.4285146465,0.3272353019,0.4240375164,0.6017764341,0.4643987512,0.257870016,0.1969224931,1.160760274,3.724666947e-29,56212.30779,0.1894967032,109.8585433,3.827183948e-27,1.516242847e-27,5.653421678e-06,2.03693122,1.408936018,0.0001915981096,0.003106189564,0.3982235659,8.437694987e-15,nan,2.389897934e-09,0.04382335395,67484.90331,9.106422879e-28,70272.70748,5.09486311e-28,56212.30779,1.516242847e-27,0.003765958095,0.007407378169,0.008400036665,0.01139653628,0.03842537507,0.01986293051,0.01527682093,0.01517980384,0.01758769654,0.02469264141,0.06629173302,0.7717130895
0.001225,0.7778882964,0.03769382661,0.06761922407,0.9323807759,0.4301141947,0.3310936285,0.4256313278,0.5997850308,0.4665657558,0.2579760555,0.1985850022,1.158035643,3.71516058e-29,56068.83864,0.1915653288,108.1195161,3.777985254e-27,1.449272273e-27,5.623732608e-06,2.046995506,1.421197463,0.0001949603174,0.003162180608,0.4002149692,8.659739592e-15,nan,2.193153352e-09,0.0439082272,67508.8945,8.456814234e-28,70282.37507,4.722875264e-28,56068.83864,1.449272273e-27,0.003631938117,0.00715000931,0.008121978872,0.01102147116,0.03769382661,0.01927716244,0.01480099967,0.01469882098,0.0170637829,0.02393940068,0.06471231287,0.7778882964
0.00125,0.7838445312,0.03698165316,0.0659065351,0.9340934649,0.4316921537,0.3348613956,0.4272038425,0.5978651041,0.4686332923,0.2580936745,0.2002019432,1.155353567,3.705775517e-29,55927.20018,0.1936075584,106.446086,3.730294672e-27,1.38633227e-27,5.594717673e-06,2.05667553,1.433090824,0.0001983125728,0.003218043517,0.4021348959,8.881784197e-15,nan,2.015430941e-09,0.0439873806,67533.42112,7.856314329e-28,70292.57783,4.38113855e-28,55927.20018,1.38633227e-27,0.003503465164,0.006903839933,0.007855677771,0.01066189907,0.03698165316,0.01871416303,0.01434417572,0.01423707645,0.01656016761,0.02321516603,0.06317818488,0.7838445312
0.001275,0.7895932836,0.03628505941,0.06425147865,0.9357485214,0.4332493885,0.3385455935,0.4287594645,0.5960130858,0.4706079295,0.2582223049,0.2017776038,1.152712539,3.696507494e-29,55787.32808,0.1956243195,104.8374555,3.684071693e-27,1.3271175e-27,5.566349544e-06,2.06598999,1.444632177,0.0002016552306,0.003273783466,0.4039869142,8.881784197e-15,nan,1.85470729e-09,0.04406287884,67558.39109,7.294735735e-28,70303.24615,4.06231684e-28,55787.32808,1.3271175e-27,0.003380316294,0.0066683468,0.007600598086,0.01031715806,0.03628505941,0.01817291416,0.01390546896,0.01379368953,0.01607595416,0.02251871175,0.06168849916,0.7895932836
0.0013,0.7951408045,0.03560544314,0.06265354996,0.93734645,0.4347855233,0.3421456516,0.4302956781,0.5942256946,0.4724930969,0.2583607296,0.2033117375,1.150110995,3.68735307e-29,55649.17042,0.1976163609,103.2903506,3.639262608e-27,1.271426281e-27,5.538603973e-06,2.07495657,1.455836189,0.0002049886274,0.003329405355,0.4057743054,9.103828802e-15,nan,1.709191904e-09,0.04410463108,67583.72116,6.775391592e-28,70314.31776,3.769225799e-28,55649.17042,1.271426281e-27,0.003262274293,0.006443029283,0.007356212867,0.009986590368,0.03560544314,0.01765244367,0.01348404242,0.01336782147,0.01561026522,0.02184885533,0.06024221745,0.7951408045
0.001325,0.8004944693,0.03494258471,0.06111074531,0.9388892547,0.4363007978,0.3456648376,0.4318141484,0.5924997702,0.4742927891,0.2585081224,0.2048063368,1.14754803,3.678311239e-29,55512.71199,0.1995839016,101.7982625,3.595715823e-27,1.2190654e-27,5.511463956e-06,2.083592004,1.466717453,0.0002083130829,0.003384913831,0.4075002298,9.325873407e-15,nan,1.577298503e-09,0.04416631748,67609.33432,6.289256202e-28,70325.73383,3.495377306e-28,55512.71199,1.2190654e-27,0.003149128853,0.006227410442,0.007122035732,0.00966958557,0.03494258471,0.01715182778,0.01307910346,0.01295867685,0.01516229114,0.02120447114,0.058838415,0.8004944693
0.00135,0.8056604963,0.03429732361,0.05962216778,0.9403778322,0.4377962062,0.3491032481,0.4333131012,0.5908323699,0.4760103004,0.2586641701,0.2062614994,1.145020918,3.669374255e-29,55377.83591,0.2015286271,100.3601617,3.553400849e-27,1.169737019e-27,5.484895278e-06,2.091912126,1.477289406,0.0002116289002,0.003440313301,0.4091676301,9.769962617e-15,nan,1.457620086e-09,0.04419385307,67635.16214,5.840785605e-28,70337.44314,3.24474338e-28,55377.83591,1.169737019e-27,0.003040676133,0.006021034868,0.006897590946,0.009365542222,0.03429732361,0.01667018546,0.01268989874,0.01256549871,0.01473124339,0.02058447632,0.05747603327,0.8056604963
0.001375,0.8106477869,0.03366746447,0.05818397657,0.9418160234,0.4392713156,0.3524668535,0.4347965408,0.5892207108,0.4776504652,0.2588277568,0.20768077,1.142529072,3.660541965e-29,55244.53985,0.2034505708,98.97357451,3.51226643e-27,1.123404898e-27,5.458884554e-06,2.099931926,1.487565103,0.0002149363673,0.003495607948,0.4107792892,9.769962617e-15,nan,1.348907214e-09,0.04423984749,67661.14165,5.421000635e-28,70349.39631,3.010256459e-28,55244.53985,1.123404898e-27,0.002936719142,0.005823468495,0.006682431873,0.009073892592,0.03366746447,0.01620667777,0.01231571312,0.01218756759,0.01431638196,0.01998783667,0.05615405943,0.8106477869
0.0014,0.8154614122,0.0330544026,0.05679599154,0.9432040085,0.4407265626,0.3557527037,0.4362593967,0.5876621528,0.479215809,0.2589983206,0.2090623997,1.140071732,3.651812118e-29,55112.78986,0.2053502225,97.63455941,3.472228334e-27,1.079767361e-27,5.433413566e-06,2.107665599,1.497556948,0.0002182357581,0.003550801742,0.4123378472,9.992007222e-15,nan,1.250049094e-09,0.04424734523,67687.21491,5.033526581e-28,70361.54948,2.795881189e-28,55112.78986,1.079767361e-27,0.002837067811,0.00563429773,0.006476131914,0.008794091489,0.0330544026,0.01576050596,0.0119558676,0.01182419965,0.0139170011,0.01941356249,0.05487145944,0.8154614122
0.001425,0.8201085471,0.032457212,0.05545577592,0.9445442241,0.442162282,0.3589671221,0.4377068418,0.5861542232,0.4807100884,0.259175289,0.2104100946,1.137647047,3.643179718e-29,54982.51054,0.2072286691,96.34032038,3.433251823e-27,1.03866734e-27,5.408457436e-06,2.115126591,1.507276679,0.000221527333,0.003605898447,0.4138457768,9.769962617e-15,nan,1.16005707e-09,0.04426969806,67713.3307,4.672801989e-28,70373.86213,2.596469593e-28,54982.51054,1.03866734e-27,0.002741538821,0.005453128368,0.006278282568,0.00852561416,0.032457212,0.01533090859,0.01160971675,0.01147474414,0.01353242573,0.01886070578,0.05362717602,0.8201085471
0.00145,0.8245950179,0.03187606016,0.05416205646,0.9458379435,0.4435785699,0.362108333,0.4391347572,0.584694575,0.4821362335,0.2593579834,0.2117227779,1.135254628,3.634645515e-29,54853.71318,0.2090857478,95.08489409,3.395161179e-27,1.00002109e-27,5.384006804e-06,2.12232764,1.516735521,0.0002248113397,0.003660901645,0.415305425,1.021405183e-14,nan,1.078050202e-09,0.04426924345,67739.44221,4.338092488e-28,70386.29829,2.412990263e-28,54853.71318,1.00002109e-27,0.002649955718,0.005279585038,0.006088495727,0.00826795981,0.03187606016,0.01491716061,0.01127664741,0.01113858226,0.01316201463,0.01832836042,0.05242016032,0.8245950179
0.001475,0.8289263501,0.03131112055,0.0529136416,0.9470863584,0.4449763622,0.3651819935,0.4405481784,0.5832809746,0.4834969693,0.2595462462,0.2130037091,1.132892516,3.626203474e-29,54726.30672,0.2109227718,93.87067084,3.358067978e-27,9.636901304e-28,5.36003543e-06,2.129280818,1.52594435,0.0002280880137,0.003715814737,0.4167190254,1.043609643e-14,nan,1.003242648e-09,0.0442932428,67765.50592,4.028536655e-28,70398.82323,2.243780763e-28,54726.30672,9.636901304e-28,0.00256214884,0.005113310465,0.005906406354,0.008020655393,0.03131112055,0.01451857164,0.01095607714,0.01081512564,0.01280516413,0.01781566168,0.05124940808,0.8289263501
0.0015,0.8331098688,0.03076067859,0.05170748978,0.9482925102,0.4463552813,0.3681859933,0.4419417019,0.5819113448,0.4847960841,0.259739202,0.2142516065,1.130560472,3.61785392e-29,54600.29608,0.2127396701,92.69328726,3.321819859e-27,9.293308269e-28,5.336533743e-06,2.13599757,1.534913149,0.0002313575794,0.003770640956,0.4180886552,1.065814104e-14,nan,9.349326219e-10,0.04426708329,67791.48556,3.740632252e-28,70411.40877,2.087542186e-28,54600.29608,9.293308269e-28,0.002477954986,0.004953964215,0.005731656613,0.007783235374,0.03076067859,0.01413448306,0.01064745154,0.01050381377,0.01246128368,0.01732177885,0.05011383047,0.8331098688
0.001525,0.8371503353,0.03022519465,0.05054282426,0.9494571757,0.4477157635,0.3711260509,0.4433206741,0.5805836851,0.4860358267,0.2599364678,0.2154697303,1.128257398,3.609593217e-29,54475.62636,0.214537234,91.55104679,3.286423011e-27,8.971771654e-28,5.313482772e-06,2.142488746,1.543651904,0.0002346202508,0.003825383375,0.4194163149,1.065814104e-14,nan,8.724927131e-10,0.04427343975,67817.34425,3.475104699e-28,70424.02459,1.944224723e-28,54475.62636,8.971771654e-28,0.002397217598,0.004801222586,0.005563918305,0.007555271117,0.03022519465,0.01376426826,0.01035024412,0.01020411391,0.01212982965,0.01684592247,0.04901246199,0.8371503353
0.00155,0.8410534558,0.02970413992,0.04941790693,0.9505820931,0.4490581779,0.374000947,0.4446815413,0.5792961304,0.4872190123,0.2601376648,0.2166573014,1.125982815,3.601421268e-29,54352.29611,0.2163154846,90.44164825,3.25182852e-27,8.666828339e-28,5.290872729e-06,2.148764638,1.55216968,0.0002378762317,0.003880044918,0.4207038696,1.088018564e-14,nan,8.153614017e-10,0.04423865953,67843.05292,3.228034015e-28,70436.64827,1.811513272e-28,54352.29611,8.666828339e-28,0.002319786333,0.004654777275,0.00540286649,0.007336336911,0.02970413992,0.01340732945,0.01006395365,0.009915518484,0.01181026516,0.01638733352,0.04794423704,0.8410534558
0.001575,0.8448233899,0.02919817898,0.04833227435,0.9516677257,0.4503827514,0.3768134887,0.4460263449,0.5780468934,0.488347536,0.2603423503,0.2178158665,1.123735325,3.593334142e-29,54230.246,0.2180752775,89.36146103,3.217912265e-27,8.380724209e-28,5.26868479e-06,2.154835009,1.560475523,0.0002411257162,0.003934628366,0.4219531066,1.132427485e-14,nan,7.630356078e-10,0.04423923104,67868.58259,3.000403617e-28,70449.25528,1.689817927e-28,54230.246,8.380724209e-28,0.002245517108,0.004514335113,0.005248202755,0.00712604039,0.02919817898,0.01306309751,0.009788103708,0.009637544699,0.01150209505,0.01594529038,0.04690820443,0.8448233899
0.0016,0.8484667906,0.02870540079,0.04728291966,0.9527170803,0.4516899166,0.3795661704,0.4473553645,0.5768342942,0.4894247423,0.2605502342,0.218946784,1.12151434,3.585330858e-29,54109.46122,0.219816826,88.31431237,3.184826078e-27,8.111297654e-28,5.246907808e-06,2.160709126,1.568577752,0.0002443688896,0.00398913637,0.4231657058,1.110223025e-14,nan,7.150641414e-10,0.04419410422,67893.90917,2.789949506e-28,70461.82637,1.578710425e-28,54109.46122,8.111297654e-28,0.002174271787,0.004379617068,0.005099634366,0.006923995656,0.02870540079,0.01273102976,0.009522240782,0.009369732668,0.01120483437,0.01551910056,0.04590335161,0.8484667906
0.001625,0.8519875061,0.02822642066,0.04626942838,0.9537305716,0.452979915,0.3822599902,0.4486685397,0.5756567313,0.4904523429,0.2607609372,0.2200505365,1.119319071,3.577408807e-29,53989.9024,0.2215406979,87.29547127,3.152409536e-27,7.857395129e-28,5.225527129e-06,2.16639578,1.576484537,0.0002476059288,0.004043571452,0.4243432687,1.176836406e-14,nan,6.710419357e-10,0.04418435215,67919.00999,2.595170304e-28,70474.34223,1.475665644e-28,53989.9024,7.857395129e-28,0.002105918085,0.004250357767,0.004956889129,0.00672984274,0.02822642066,0.01241060918,0.009265933465,0.00911164463,0.01091803051,0.01510810448,0.04492874321,0.8519875061
0.00165,0.8553885965,0.0277625272,0.04529209524,0.9547079048,0.454252648,0.3848948688,0.4499649286,0.5745127001,0.4914316122,0.2609739153,0.2211269903,1.117149425,3.569568384e-29,53871.57551,0.2232468071,86.30391954,3.120698814e-27,7.617643889e-28,5.204535653e-06,2.171903322,1.584203486,0.0002508370027,0.004097936013,0.4254872999,1.154631946e-14,nan,6.306049544e-10,0.0441505832,67943.86554,2.416981092e-28,70486.7862,1.383381935e-28,53871.57551,7.617643889e-28,0.002040329301,0.004126304663,0.004819702756,0.006543231321,0.0277625272,0.0121013427,0.009018770921,0.008862863457,0.01064124416,0.01471167007,0.04398341691,0.8553885965
0.001675,0.8586800671,0.02730782012,0.04434408376,0.9556559162,0.4555088814,0.3874770794,0.4512473204,0.5734007513,0.4923677956,0.2611891348,0.2221796484,1.115004046,3.561805742e-29,53754.42248,0.2249359908,85.33442893,3.089510382e-27,7.393038635e-28,5.183916492e-06,2.177239681,1.591742047,0.0002540622725,0.004152232342,0.4265992487,1.176836406e-14,nan,5.934257e-10,0.04411382003,67968.45841,2.250227694e-28,70499.14345,1.296191909e-28,53754.42248,7.393038635e-28,0.001977384253,0.004007217725,0.004687828375,0.00636383329,0.02730782012,0.01180276075,0.008780362421,0.008622992202,0.01037406366,0.01432919539,0.0430664747,0.8586800671
0.0017,0.8618581676,0.02687006409,0.04343225262,0.9565677474,0.4567486919,0.3900014117,0.4525122884,0.5723195393,0.4932582695,0.261406201,0.2232054283,1.112882247,3.554119424e-29,53638.42133,0.2266085661,84.39051346,3.058975647e-27,7.179152249e-28,5.16365872e-06,2.182412386,1.5991071,0.0002572818923,0.004206462624,0.4276804607,1.199040867e-14,nan,5.592092541e-10,0.04407208259,67992.77356,2.099246408e-28,70511.40053,1.219134132e-28,53638.42133,7.179152249e-28,0.001916966901,0.003892868366,0.004561025253,0.006191328015,0.02687006409,0.01151441503,0.008550335422,0.008391652208,0.01011608744,0.01396010275,0.04217698692,0.8618581676
0.001725,0.8649356154,0.02644030143,0.04254679575,0.9574532043,0.4579724324,0.392477105,0.4537645324,0.5712677561,0.4941098282,0.2616248838,0.2242095151,1.110784064,3.546509918e-29,53523.5794,0.228264427,83.47223598,3.029097263e-27,6.980032506e-28,5.143756539e-06,2.187428594,1.606305472,0.0002604960095,0.004260628941,0.4287322439,1.243449788e-14,nan,5.276897765e-10,0.04403075399,68016.79748,1.958314857e-28,70523.5453,1.146824223e-28,53523.5794,6.980032506e-28,0.001858966381,0.003783039463,0.004439070528,0.006025417944,0.02644030143,0.01123587877,0.008328335674,0.008168483217,0.009866942401,0.01360384302,0.04131410576,0.8649356154
0.00175,0.8679085062,0.02602611155,0.04169447173,0.9583055283,0.4591804321,0.394898096,0.4549996839,0.5702441843,0.4949197782,0.261844971,0.2251883426,1.108708527,3.538973794e-29,53409.84496,0.2299043194,82.57510441,2.999746065e-27,6.790150526e-28,5.124194965e-06,2.192295105,1.613343472,0.000263704765,0.004314733277,0.4297558157,1.243449788e-14,nan,4.986274158e-10,0.04398020626,68040.51801,1.830881447e-28,70535.56652,1.083334824e-28,53409.84496,6.790150526e-28,0.001803276603,0.003677524241,0.004321746914,0.00586581242,0.02602611155,0.01096674448,0.008114025318,0.00795314149,0.009626264457,0.01325988923,0.04047695713,0.8679085062
0.001775,0.870786582,0.02562125134,0.04086825888,0.9591317411,0.4603723642,0.3972713999,0.4562213155,0.5692476567,0.4956932213,0.2620658895,0.2261458135,1.10665544,3.531511519e-29,53297.22504,0.231528142,81.6988502,2.970939183e-27,6.612275075e-28,5.104968637e-06,2.197018383,1.620227199,0.0002669082936,0.004368777525,0.4307523433,1.310063169e-14,nan,4.718055707e-10,0.04394524081,68063.92655,1.712010417e-28,70547.45585,1.023177433e-28,53297.22504,6.612275075e-28,0.001749796205,0.003576126166,0.004208848975,0.00571223619,0.02562125134,0.01070662377,0.007907082692,0.007745299622,0.00939370872,0.01292773876,0.03966470556,0.870786582
0.0018,0.8735704589,0.02522841871,0.04007012019,0.9599298798,0.4615497216,0.3995959169,0.4574283767,0.5682770587,0.4964300509,0.2622881182,0.2270811923,1.10462338,3.524118456e-29,53185.64965,0.233136904,80.84513323,2.942734129e-27,6.444780027e-28,5.086060447e-06,2.201604574,1.626962584,0.0002701067246,0.004422763497,0.4317229413,1.310063169e-14,nan,4.470284547e-10,0.0438837042,68087.01238,1.60499539e-28,70559.20296,9.710453843e-29,53185.64965,6.444780027e-28,0.001698428335,0.003478658274,0.004100184239,0.005564430639,0.02522841871,0.01045514629,0.007707201326,0.007544645538,0.009168950544,0.01260691221,0.03887656503,0.8735704589
0.001825,0.8762644305,0.02484658938,0.03929831431,0.9607016857,0.4627117504,0.4018736373,0.4586214198,0.5673313477,0.4971322803,0.262510881,0.2279955122,1.102612588,3.516796044e-29,53075.14053,0.2347302918,80.01268132,2.915071163e-27,6.285888058e-28,5.067467794e-06,2.206059524,1.633555033,0.0002733001814,0.004476692918,0.4326686523,1.310063169e-14,nan,4.241189322e-10,0.0438443046,68109.7708,1.505759153e-28,70570.80275,9.222673262e-29,53075.14053,6.285888058e-28,0.001649080407,0.003384942645,0.003995562153,0.005422139725,0.02484658938,0.01021195843,0.007514088931,0.0073508815,0.008951669177,0.01229694913,0.03811170799,0.8762644305
0.00185,0.8788713795,0.02447588741,0.03855230415,0.9614476959,0.4638589078,0.4041041076,0.459798916,0.5664095114,0.4978011087,0.2627340973,0.2288884102,1.100622822,3.509543747e-29,52965.68958,0.2363084223,79.19935107,2.887892272e-27,6.136241233e-28,5.049183625e-06,2.210388793,1.640010064,0.0002764887825,0.004530567441,0.4335904886,1.33226763e-14,nan,4.029165943e-10,0.04378319846,68132.19313,1.416774533e-28,70582.24612,8.799590644e-29,52965.68958,6.136241233e-28,0.001601664039,0.003294810138,0.003894810883,0.005285131672,0.02447588741,0.009976723193,0.007327467158,0.007163723853,0.008741572874,0.01199741271,0.03736941657,0.8788713795
0.001875,0.881397301,0.0241133197,0.03782844497,0.962171555,0.4649919426,0.406293495,0.4609652135,0.5655106024,0.4984395187,0.2629578736,0.2297632791,1.098652591,3.502356525e-29,52857.22073,0.2378723922,78.40468585,2.861206196e-27,5.99594877e-28,5.031190835e-06,2.214597673,1.646332616,0.0002796726413,0.004584388642,0.4344893976,1.35447209e-14,nan,3.832760491e-10,0.04372225587,68154.27676,1.333636817e-28,70593.52966,8.401378409e-29,52857.22073,5.99594877e-28,0.001556094773,0.003208099769,0.003797757416,0.005153173311,0.0241133197,0.009749118735,0.007147070432,0.00698290188,0.008538369047,0.01170788253,0.03664891144,0.881397301
0.0019,0.8838394955,0.02376438026,0.03713162438,0.9628683756,0.4661106006,0.4084352927,0.4621147785,0.5646337144,0.4990455773,0.2631817597,0.2306163364,1.096702238,3.495236377e-29,52749.76416,0.2394217665,77.62873583,2.83501284e-27,5.861779595e-28,5.01348868e-06,2.218691198,1.652527633,0.0002828518667,0.004638158028,0.4353662856,1.376676551e-14,nan,3.650654047e-10,0.04366913415,68176.01615,1.260621717e-28,70604.64696,8.067644675e-29,52749.76416,5.861779595e-28,0.001512291961,0.003124658366,0.003704243351,0.005026050441,0.02376438026,0.00952883799,0.006972645531,0.006808157375,0.008341787672,0.01142795864,0.03594949289,0.8838394955
0.001925,0.8862082408,0.02342149698,0.03645368701,0.963546313,0.4672153789,0.4105394309,0.463253908,0.5637779769,0.4996246891,0.2634057411,0.2314530898,1.094771073,3.488181319e-29,52643.28991,0.2409569771,76.87287109,2.809377721e-27,5.73696831e-28,4.996067557e-06,2.222674164,1.658599774,0.000286026563,0.004691877043,0.4362220231,1.376676551e-14,nan,3.481649212e-10,0.0436058715,68197.40922,1.19216023e-28,70615.59463,7.748346915e-29,52643.28991,5.73696831e-28,0.001470178623,0.003044340296,0.003614115381,0.004903555733,0.02342149698,0.009315587988,0.00680395108,0.006639244131,0.008151567506,0.01115725839,0.03527046311,0.8862082408
0.00195,0.888500504,0.0230903024,0.03579970843,0.9642002916,0.4683066904,0.4125997737,0.4643776474,0.562942574,0.5001747607,0.2636297737,0.2322699787,1.092858475,3.481189345e-29,52537.76772,0.2424784603,76.13348123,2.784174506e-27,5.617627664e-28,4.978917963e-06,2.226551135,1.664553464,0.0002891968302,0.004745547067,0.437057426,1.421085472e-14,nan,3.324658045e-10,0.04353605776,68218.45318,1.132103101e-28,70626.36865,7.486193939e-29,52537.76772,5.617627664e-28,0.001429681218,0.002967006843,0.003527227119,0.004785490845,0.0230903024,0.009109088827,0.006640756603,0.006475927007,0.007967458127,0.01089541552,0.03461114152,0.888500504
0.001975,0.890721335,0.02276822851,0.03516659109,0.9648334089,0.4693844787,0.4146213616,0.4654894245,0.5621267206,0.500698263,0.2638535577,0.2330697463,1.090964278,3.474260237e-29,52433.19431,0.2439862635,75.40982525,2.75939418e-27,5.505540657e-28,4.962034716e-06,2.23032646,1.670392969,0.0002923627645,0.00479916942,0.4378732794,1.443289932e-14,nan,3.17869126e-10,0.04348478741,68239.14704,1.077307282e-28,70636.96641,7.244518243e-29,52433.19431,5.505540657e-28,0.001390729561,0.002892526089,0.003443439592,0.004671667334,0.02276822851,0.008909073389,0.006482842322,0.00631798171,0.007789221207,0.0106420803,0.03397087502,0.890721335
0.002,0.8928743011,0.02245406619,0.03455262457,0.9654473754,0.470449262,0.4166053369,0.4665890108,0.5613296622,0.5011968298,0.2640771253,0.233852933,1.089087785,3.467391699e-29,52329.53501,0.2454808863,74.70388509,2.735126541e-27,5.40042267e-28,4.945408125e-06,2.234004281,1.676122426,0.000295524458,0.004852745366,0.4386703378,1.465494393e-14,nan,3.042848543e-10,0.04341500237,68259.48946,1.028479043e-28,70647.38502,7.039054476e-29,52329.53501,5.40042267e-28,0.001353256667,0.002820772502,0.003362621877,0.004561907333,0.02245406619,0.008715286678,0.006329998549,0.006165194195,0.007616631219,0.0103969189,0.03334904477,0.8928743011
0.002025,0.8949598287,0.0221496947,0.03395920221,0.9660407978,0.4715010812,0.418550249,0.4676749007,0.5605506952,0.5016703541,0.2643002588,0.2346186331,1.087228962,3.4605841e-29,52226.79539,0.2469622488,74.01169224,2.711229254e-27,5.299919005e-28,4.929034658e-06,2.237588546,1.681745662,0.0002986819995,0.004906276118,0.4394493048,1.465494393e-14,nan,2.914463623e-10,0.04335454629,68279.48099,9.844504065e-29,70657.62329,6.858103075e-29,52226.79539,5.299919005e-28,0.001317198552,0.002751626504,0.003284645763,0.00445603669,0.0221496947,0.008527484898,0.006182024943,0.006017359923,0.007449467299,0.01015961085,0.03274502117,0.8949598287
0.00205,0.8969820796,0.02185310809,0.03338386403,0.966616136,0.4725403778,0.4204592919,0.4687488206,0.5597891334,0.502120821,0.2645229686,0.2353685426,1.085387171,3.453835574e-29,52124.94731,0.2484307565,73.33340243,2.687718782e-27,5.205294503e-28,4.912905933e-06,2.241083017,1.687266492,0.000301835474,0.004959762833,0.4402108666,1.532107774e-14,nan,2.783887207e-10,0.04328354513,68299.12114,9.466045187e-29,70667.67871,6.712439983e-29,52124.94731,5.205294503e-28,0.001282494176,0.002684974357,0.003209393009,0.004353894402,0.02185310809,0.008345435389,0.006038730414,0.00587428375,0.007287524374,0.009929851151,0.03215823129,0.8969820796
0.002075,0.8989439755,0.02156351187,0.03282537186,0.9671746281,0.4735673315,0.4223342087,0.4698114901,0.5590443344,0.5025495364,0.2647451336,0.2361035466,1.083562075,3.447144976e-29,52023.97345,0.2498866591,72.66905769,2.664598041e-27,5.116246712e-28,4.897015401e-06,2.244491281,1.6926884,0.0003049849634,0.005013206625,0.4409556656,1.554312234e-14,nan,2.663309989e-10,0.04321281149,68318.41214,9.112642605e-29,70677.55169,6.575750514e-29,52023.97345,5.116246712e-28,0.001249085249,0.00262070771,0.00313674624,0.004255320793,0.02156351187,0.008168915671,0.005899932346,0.005735779161,0.007130599261,0.009707346533,0.03158807962,0.8989439755
0.0021,0.9008434062,0.0212849787,0.0322873888,0.9677126112,0.4745821073,0.424171579,0.4708605026,0.5583156742,0.5029549937,0.2649666292,0.2368216411,1.081753527,3.440512002e-29,51923.86926,0.2513300223,72.0182046,2.641869691e-27,5.031147666e-28,4.881358471e-06,2.24781676,1.698014927,0.0003081305464,0.005066608558,0.4416843258,1.576516695e-14,nan,2.551894971e-10,0.04315734543,68337.35364,8.828058499e-29,70687.23979,6.483593277e-29,51923.86926,5.031147666e-28,0.001216916153,0.002558723423,0.003066599432,0.004160171091,0.0212849787,0.007997713295,0.005765456418,0.005601668076,0.006978506421,0.009491818341,0.03103404248,0.9008434062
0.002125,0.9026900484,0.02100979175,0.03176179315,0.9682382069,0.4755849265,0.425979306,0.4718998584,0.5576025653,0.5033422866,0.265187375,0.2375271538,1.079961133,3.433935508e-29,51824.61747,0.2527610951,71.38132485,2.619562017e-27,4.9522334e-28,4.865928904e-06,2.251062718,1.703249257,0.0003112722986,0.005119969653,0.4423974347,1.576516695e-14,nan,2.448879491e-10,0.04307130618,68355.94916,8.555693565e-29,70696.74438,6.385538655e-29,51824.61747,4.9522334e-28,0.001185933789,0.00249892329,0.002998845228,0.00406829909,0.02100979175,0.00783162509,0.005635136049,0.005471780302,0.006831059158,0.009282998206,0.03049555966,0.9026900484
0.00215,0.9044778144,0.02074585286,0.03125611229,0.9687438877,0.4765761806,0.4277506371,0.472925516,0.5569044404,0.5037077111,0.2654073912,0.2382162292,1.078184439,3.4274141e-29,51726.19701,0.2541801812,70.75670168,2.597604869e-27,4.875825497e-28,4.850720029e-06,2.254232266,1.708394608,0.0003144102931,0.005173290891,0.4430955596,1.643130076e-14,nan,2.353568151e-10,0.04301300503,68374.19959,8.341999531e-29,70706.06429,6.328885472e-29,51726.19701,4.875825497e-28,0.001156087477,0.002441213734,0.002933386393,0.003979571823,0.02074585286,0.007670456911,0.00550881208,0.0053459532,0.006688086317,0.009080630779,0.02997213402,0.9044778144
0.002175,0.9062152155,0.02048643823,0.03076325637,0.9692367436,0.4775559075,0.4294934432,0.4739419907,0.5562207667,0.504055722,0.265626513,0.2388931723,1.076423204,3.420947301e-29,51628.60072,0.2555873839,70.14410206,2.576002798e-27,4.805193371e-28,4.83572733e-06,2.257328377,1.713453933,0.0003175446,0.005226573212,0.4437792333,1.643130076e-14,nan,2.265326412e-10,0.04293468666,68392.10807,8.151712965e-29,70715.20031,6.281170787e-29,51628.60072,4.805193371e-28,0.001127328831,0.002385505638,0.002870126281,0.00389385739,0.02048643823,0.007514023005,0.005386332353,0.005224031274,0.006549418477,0.008884470634,0.02946325243,0.9062152155
0.0022,0.9078997874,0.02023567859,0.03028701534,0.9697129847,0.4785244957,0.4312031159,0.4749457174,0.5555510214,0.5043846542,0.2658447723,0.2395553314,1.074677059,3.414533584e-29,51531.80554,0.2569830359,69.5432505,2.554743645e-27,4.7373398e-28,4.820944162e-06,2.260353886,1.718430196,0.0003206752867,0.005279817518,0.4444489786,1.687538997e-14,nan,2.162042464e-10,0.04287421458,68409.6769,7.997638047e-29,70724.1523,6.251001243e-29,51531.80554,4.7373398e-28,0.001099611687,0.002331714119,0.002808976362,0.003811034581,0.02023567859,0.007362145918,0.005267551519,0.005105865962,0.006414898853,0.008694284062,0.02896845097,0.9078997874
0.002225,0.9095356728,0.01999108059,0.02982456152,0.9701754385,0.4794819157,0.4328837578,0.475939285,0.5548947181,0.5046965407,0.2660619824,0.2402049107,1.072945854,3.408172891e-29,51435.81058,0.2583671496,68.95364987,2.533820095e-27,4.673658417e-28,4.806367157e-06,2.263311502,1.723326092,0.0003238024185,0.005333024676,0.4451052819,1.687538997e-14,nan,2.030759922e-10,0.04279777352,68426.90985,7.871357377e-29,70732.92204,6.238144168e-29,51435.81058,4.673658417e-28,0.00107289195,0.002279758252,0.00274984819,0.003730982531,0.01999108059,0.007214655726,0.005152330486,0.00499131509,0.00628437143,0.008509846069,0.02848724692,0.9095356728
0.00225,0.9111250904,0.0197519559,0.02937489646,0.9706251035,0.4804286082,0.4345355849,0.476921983,0.5542513826,0.5049923411,0.2662782203,0.2408419487,1.07122932,3.401864366e-29,51340.60293,0.2597399115,68.37442475,2.513214711e-27,4.613352933e-28,4.791991359e-06,2.266203811,1.728144345,0.000326926058,0.005386195517,0.4457486174,1.731947918e-14,nan,1.908678075e-10,0.04272827458,68443.80916,7.76800339e-29,70741.50918,6.230834265e-29,51340.60293,4.613352933e-28,0.001047127548,0.002229560964,0.002692661217,0.003653590828,0.0197519559,0.00707138999,0.005040536331,0.004880242774,0.006157692659,0.008330942559,0.02801920883,0.9111250904
0.002275,0.9126670084,0.01952085237,0.02894026365,0.9710597363,0.481364652,0.4361577068,0.4778935831,0.5536205672,0.5052712269,0.2664933717,0.241465877,1.06952716,3.39560689e-29,51246.16572,0.2611015647,67.80599088,2.492936259e-27,4.555535014e-28,4.777811372e-06,2.269033282,1.732887438,0.0003300462657,0.005439330842,0.4463794328,1.776356839e-14,nan,1.795094688e-10,0.04265477005,68460.37958,7.699261567e-29,70749.91608,6.249345877e-29,51246.16572,4.555535014e-28,0.0010222783,0.002181048737,0.002637334944,0.0035787493,0.01952085237,0.006932193194,0.004932041826,0.004772518945,0.006034719478,0.008157367323,0.02756388718,0.9126670084
0.0023,0.9141660111,0.0192945934,0.02851720392,0.9714827961,0.4822903089,0.4377531658,0.4788552194,0.5530018406,0.5055354867,0.2667074285,0.2420783064,1.067838948,3.389399533e-29,51152.48489,0.262452312,67.24794139,2.47297101e-27,4.501427469e-28,4.763822301e-06,2.271802277,1.737557875,0.0003331631,0.005492431417,0.4469981594,1.776356839e-14,nan,1.689366742e-10,0.04258734513,68476.62342,7.646903156e-29,70758.14272,6.271142154e-29,51152.48489,4.501427469e-28,0.0009983058524,0.002134151535,0.002583795944,0.00350635719,0.0192945934,0.006796916541,0.004826725305,0.004668019209,0.005915320154,0.007988924062,0.02712087968,0.9141660111
0.002325,0.9156225296,0.01907414086,0.02810640195,0.971893598,0.4832057298,0.4393218984,0.4798067809,0.5523947911,0.505785116,0.2669203282,0.2426791283,1.06616453,3.38324137e-29,51059.5465,0.2637923543,66.70091263,2.453355679e-27,4.450622311e-28,4.750019418e-06,2.274513051,1.742157946,0.0003362766172,0.005545497981,0.4476052089,1.82076576e-14,nan,1.590904814e-10,0.04250603439,68492.54569,7.617391022e-29,70766.19169,6.304176589e-29,51059.5465,4.450622311e-28,0.0009751735828,0.002088802549,0.002531970902,0.003436314058,0.01907414086,0.00666541757,0.004724470302,0.004566624487,0.005799363537,0.007825423739,0.02668976881,0.9156225296
0.00235,0.9170363945,0.0188609599,0.02770906533,0.9722909347,0.4841111318,0.4408629921,0.4807475415,0.551799022,0.5060197856,0.267132049,0.2432677679,1.064503833,3.37713241e-29,50967.35068,0.2651216898,66.16338381,2.434025952e-27,4.401318316e-28,4.736400016e-06,2.277167759,1.746689954,0.0003393868717,0.005598531245,0.448200978,1.82076576e-14,nan,1.499168313e-10,0.04244655263,68508.14955,7.612114449e-29,70774.06367,6.351694861e-29,50967.35068,4.401318316e-28,0.000952846527,0.002044938086,0.002481792883,0.003368527934,0.0188609599,0.006537559919,0.004625165371,0.004468220825,0.005686728589,0.007666686241,0.02627017918,0.9170363945
0.002375,0.9184126216,0.01865131,0.02732120185,0.9726787981,0.4850067473,0.4423803156,0.481679264,0.5512141566,0.5062420386,0.2673425851,0.2438462926,1.062856376,3.371071296e-29,50875.87694,0.2664406139,65.63481126,2.414975141e-27,4.355540547e-28,4.722958643e-06,2.279768465,1.751156028,0.0003424939158,0.005651531892,0.4487858434,1.842970221e-14,nan,1.413660708e-10,0.04236003534,68523.43948,7.619190115e-29,70781.76089,6.405220219e-29,50875.87694,4.355540547e-28,0.0009312912918,0.002002497395,0.002433195456,0.003302907714,0.01865131,0.006413212957,0.004528703795,0.004372699102,0.005577295614,0.00751253828,0.02586172684,0.9184126216
0.0024,0.9197497903,0.01844782038,0.02694520306,0.9730547969,0.4858926215,0.443872028,0.4826008472,0.5506398348,0.5064508726,0.2675518328,0.2444136202,1.06122201,3.365057343e-29,50785.11497,0.2677492754,65.11600967,2.396227761e-27,4.311656815e-28,4.709691351e-06,2.28231714,1.755558246,0.0003455978002,0.005704500578,0.4493601652,1.887379142e-14,nan,1.333925878e-10,0.04229336603,68538.41937,7.647213227e-29,70789.28456,6.465696404e-29,50785.11497,4.311656815e-28,0.0009104759847,0.001961422504,0.002386116354,0.003239367841,0.01844782038,0.006292251555,0.004434983363,0.004279954806,0.005470951538,0.007362814099,0.02546405127,0.9197497903
0.002425,0.9210489616,0.01825058604,0.02658093764,0.9734190624,0.4867691244,0.445338598,0.4835124044,0.5500757062,0.506646658,0.2677598699,0.2449699438,1.05960042,3.359089652e-29,50695.05116,0.2690478702,64.60676893,2.377770546e-27,4.269970925e-28,4.696593832e-06,2.28481567,1.75989862,0.000348698574,0.005757437936,0.4499242938,1.909583602e-14,nan,1.259544139e-10,0.04222005766,68553.09363,7.693149511e-29,70796.63695,6.54089402e-29,50695.05116,4.269970925e-28,0.0008903701545,0.001921658121,0.002340496381,0.003177826946,0.01825058604,0.006174555891,0.004343906224,0.004189887875,0.005367588418,0.007217355007,0.02507680739,0.9210489616
0.00245,0.9223146531,0.01805621593,0.02622479511,0.9737752049,0.4876362978,0.4467837956,0.4844158055,0.5495214422,0.5068316783,0.2679666017,0.2455172757,1.0579916,3.353168275e-29,50605.68632,0.270336387,64.10640836,2.35960114e-27,4.231397742e-28,4.683663836e-06,2.287265859,1.764179032,0.0003517962844,0.005810344576,0.4504785578,1.931788063e-14,nan,1.190129291e-10,0.0421475022,68567.46654,7.747182282e-29,70803.81987,6.612788343e-29,50605.68632,4.231397742e-28,0.0008709447062,0.001883151481,0.002296277566,0.003118205433,0.01805621593,0.006060011068,0.004255378594,0.004102402414,0.005267100716,0.007076008472,0.02469965057,0.9223146531
0.002475,0.9235436236,0.01786900654,0.02588086716,0.9741191328,0.4884943976,0.4482035505,0.4853084782,0.548976719,0.5070039483,0.2681720516,0.2460533146,1.056395116,3.347291658e-29,50516.99699,0.2716151637,63.6147587,2.341705417e-27,4.193265658e-28,4.670895893e-06,2.289669437,1.768401363,0.0003548909771,0.005863221084,0.451023281,1.953992523e-14,nan,1.125325496e-10,0.0420732463,68581.54253,7.820367795e-29,70810.8353,6.700148614e-29,50516.99699,4.193265658e-28,0.0008521718567,0.001845852212,0.002253406629,0.003060429921,0.01786900654,0.005948507058,0.004169310644,0.004017406567,0.005169390191,0.00693862887,0.02433226589,0.9235436236
0.0025,0.9247414343,0.01768443556,0.02554443098,0.974455569,0.4893435999,0.4496029667,0.4861931671,0.5484412358,0.5071663351,0.2683762086,0.2465808067,1.05481073,3.341459331e-29,50428.97609,0.2728843027,63.13137487,2.324070434e-27,4.157999123e-28,4.658286832e-06,2.292028055,1.77256735,0.0003579826964,0.005916068026,0.4515587642,2.020605905e-14,nan,1.064804679e-10,0.04199889912,68595.32572,7.902723982e-29,70817.68512,6.787116229e-29,50428.97609,4.157999123e-28,0.0008340250524,0.001809712238,0.002211830549,0.003004427576,0.01768443556,0.005839938277,0.004085616235,0.003934812257,0.005074359652,0.006805075972,0.02397433232,0.9247414343
0.002525,0.9259056435,0.01750593228,0.02521872611,0.9747812739,0.490183912,0.4509795518,0.4870685852,0.5479146966,0.5073173097,0.2685789694,0.2470983243,1.05323846,3.335671089e-29,50341.6205,0.2741438488,62.65653674,2.306709607e-27,4.124529792e-28,4.645834118e-06,2.294343298,1.77667869,0.0003610714851,0.005968885945,0.4520853034,2.020605905e-14,nan,1.008264227e-10,0.041925754,68608.82104,7.998315656e-29,70824.3719,6.885206653e-29,50341.6205,4.124529792e-28,0.0008164789313,0.001774685645,0.002171499467,0.002950129783,0.01750593228,0.00573420357,0.00400421282,0.003854535083,0.004981916919,0.006675215524,0.0236255465,0.9259056435
0.00255,0.9270387779,0.01733189764,0.02490197568,0.9750980243,0.4910156833,0.4523344894,0.4879348094,0.5473968186,0.5074580777,0.2687804229,0.2476064604,1.051677884,3.329925682e-29,50254.91138,0.2753940736,62.19018961,2.289619678e-27,4.092294975e-28,4.633533143e-06,2.296616681,1.780737068,0.0003641573846,0.006021675368,0.4526031814,2.042810365e-14,nan,9.554246077e-11,0.04186248106,68622.03212,8.106063343e-29,70830.89694,6.984037488e-29,50254.91138,4.092294975e-28,0.0007995092588,0.001740728604,0.002132367248,0.002897472933,0.01733189764,0.005631205908,0.003925021254,0.003776494119,0.004891975894,0.006548919248,0.02328562996,0.9270387779
0.002575,0.9281430662,0.01716103516,0.02459270592,0.9754072941,0.4918390749,0.4536703797,0.4887935882,0.5468873334,0.5075896865,0.2689805601,0.2481065842,1.050128832,3.324222611e-29,50168.84119,0.2766350861,61.73096604,2.272763253e-27,4.062473136e-28,4.621380912e-06,2.298849659,1.784743998,0.000367240435,0.0060744368,0.4531126666,2.042810365e-14,nan,9.060277154e-11,0.04178056399,68634.96438,8.216512526e-29,70837.26344,7.086930765e-29,50168.84119,4.062473136e-28,0.0007830928707,0.001707799243,0.00209438659,0.002846392061,0.01716103516,0.005530852184,0.003847965604,0.003700611737,0.004804449192,0.006426063121,0.022954286,0.9281430662
0.0026,0.9292175051,0.0169952115,0.02429261968,0.9757073803,0.4926541196,0.4549841795,0.4896422818,0.5463859813,0.5077114183,0.2691793045,0.2485969774,1.04859131,3.318561765e-29,50083.40827,0.2778669101,61.27998676,2.256173081e-27,4.032995725e-28,4.609375277e-06,2.301043623,1.788701018,0.0003703206751,0.006127170731,0.4536140187,2.087219286e-14,nan,8.598347516e-11,0.0417140085,68647.62156,8.344274666e-29,70843.47296,7.19592104e-29,50083.40827,4.032995725e-28,0.0007672076299,0.001675857553,0.002057514758,0.002796828242,0.0169952115,0.005433053089,0.003772973038,0.003626813474,0.004719256576,0.006306528856,0.02263125019,0.9292175051
0.002625,0.9302641136,0.01683324346,0.0240003759,0.9759996241,0.4934610666,0.456279676,0.4904840134,0.5458925125,0.5078242142,0.2693767015,0.2490796587,1.047064802,3.312941654e-29,49998.59009,0.2790898701,60.83604857,2.239808589e-27,4.005536523e-28,4.597511374e-06,2.303199907,1.792609592,0.0003733981427,0.00617987763,0.4541074875,2.131628207e-14,nan,8.166249427e-11,0.04163752113,68660.00837,8.473213983e-29,70849.52765,7.307746781e-29,49998.59009,4.005536523e-28,0.0007518323775,0.001644865318,0.002021710331,0.002748724413,0.01683324346,0.00533772292,0.003699973677,0.003555027899,0.004636320242,0.006190202809,0.02231626295,0.9302641136
0.00265,0.9312842057,0.01667463014,0.02371532089,0.9762846791,0.494260008,0.457555539,0.4913167604,0.5454066872,0.5079286335,0.2695727136,0.2495538507,1.045549366,3.307362298e-29,49914.38701,0.2803039614,60.39947707,2.223691687e-27,3.979543614e-28,4.585787457e-06,2.30531979,1.796471102,0.0003764728741,0.006232557954,0.4545933128,2.131628207e-14,nan,7.76193814e-11,0.04156793138,68672.12912,8.611107054e-29,70855.43019,7.419090715e-29,49914.38701,3.979543614e-28,0.0007369468863,0.001614786017,0.001986932898,0.002702024955,0.01667463014,0.005244779413,0.003628900458,0.00348518646,0.004555564306,0.006076975675,0.0220090671,0.9312842057
0.002675,0.9322768109,0.0165211087,0.02343904836,0.9765609516,0.4950511221,0.4588122067,0.4921416057,0.544928274,0.5080239935,0.2697673535,0.2500197439,1.044044803,3.301823054e-29,49830.78927,0.2815093246,59.97022149,2.207814152e-27,3.95439626e-28,4.574200484e-06,2.307404499,1.80028692,0.0003795449046,0.006285212142,0.455071726,2.176037128e-14,nan,7.383520062e-11,0.04149542805,68683.98845,8.757321794e-29,70861.18252,7.538753166e-29,49830.78927,3.95439626e-28,0.0007225318172,0.00158558473,0.001953144963,0.002656678142,0.0165211087,0.005154143598,0.003559689002,0.003417223352,0.004476917535,0.005966742825,0.02170942442,0.9322768109
0.0027,0.9332458234,0.01636953956,0.02316827813,0.9768317219,0.495834599,0.4600518639,0.4929589315,0.5444570553,0.5081122729,0.2699606457,0.2504784831,1.042550806,3.296323097e-29,49747.78447,0.2827061385,59.54676299,2.192130853e-27,3.930859399e-28,4.562747128e-06,2.309455211,1.804058314,0.0003826142686,0.006337840616,0.4555429447,2.220446049e-14,nan,7.02924041e-11,0.0414224748,68695.5906,8.904915657e-29,70866.78716,7.653790726e-29,49747.78447,3.930859399e-28,0.000708568674,0.001557228081,0.0019203092,0.002612632622,0.01636953956,0.005065739597,0.003492277477,0.003351075387,0.004400309463,0.005859403397,0.02141709317,0.9332458234
0.002725,0.9341886448,0.01622322743,0.02290618392,0.9770938161,0.4966104228,0.4612724593,0.4937680005,0.5439928139,0.5081919096,0.2701525013,0.2509289031,1.04106743,3.290862307e-29,49665.37076,0.2838944295,59.13085044,2.176702258e-27,3.90813687e-28,4.551425524e-06,2.311473053,1.807786562,0.0003856809993,0.006390443788,0.4560071861,2.220446049e-14,nan,6.697470998e-11,0.04135468378,68706.93998,9.062822852e-29,70872.24614,7.778415511e-29,49665.37076,3.90813687e-28,0.0006950397757,0.001529684152,0.001888391397,0.002569841162,0.01622322743,0.004979494605,0.003426606534,0.003286681913,0.004325674502,0.005754860959,0.02113185273,0.9341886448
0.00275,0.9351085137,0.01607961819,0.02265008516,0.9773499148,0.4973789442,0.462476287,0.4945696464,0.5435353467,0.5082645302,0.2703430369,0.251372209,1.039594162,3.285439197e-29,49583.52572,0.2850745211,58.72166517,2.161493416e-27,3.886565365e-28,4.540231152e-06,2.313459109,1.811472877,0.0003887451289,0.006443022052,0.4564646533,2.26485497e-14,nan,6.386702409e-11,0.0412856885,68718.04058,9.225945005e-29,70877.56156,7.902250741e-29,49583.52572,3.886565365e-28,0.0006819282065,0.001502922422,0.001857358349,0.002528257988,0.01607961819,0.004895338628,0.003362619141,0.003223984656,0.004252949034,0.005653022764,0.02085348691,0.9351085137
0.002775,0.9360058035,0.01593901872,0.02240016376,0.9775998362,0.4981400773,0.4636635595,0.4953639793,0.543084459,0.5083302054,0.2705321344,0.2518084734,1.038131259,3.280054582e-29,49502.26164,0.2862462362,58.31812268,2.14647895e-27,3.866357659e-28,4.529164073e-06,2.315414418,1.815118369,0.0003918066888,0.006495575791,0.456915541,2.26485497e-14,nan,6.09553183e-11,0.04121350703,68728.89743,9.384155788e-29,70882.73624,8.020932615e-29,49502.26164,3.866357659e-28,0.0006692177828,0.001476913683,0.00182717655,0.002487837023,0.01593901872,0.004813204402,0.003300260491,0.003162927622,0.004182069298,0.005553799167,0.02058177179,0.9360058035
0.0028,0.9368800245,0.01580252681,0.02215740607,0.9778425939,0.4988941033,0.4648333353,0.4961503321,0.5426399547,0.508388534,0.2707198736,0.25223714,1.036678372,3.27470717e-29,49421.55902,0.2874098557,57.92173949,2.131704831e-27,3.846421652e-28,4.518220276e-06,2.317339978,1.818724234,0.0003948657093,0.006548105375,0.4573600453,2.309263891e-14,nan,5.822657823e-11,0.04114584374,68739.51393,9.556942632e-29,70887.77192,8.151005422e-29,49421.55902,3.846421652e-28,0.0006568930326,0.001451630012,0.001797817462,0.002448538751,0.01580252681,0.00473302736,0.003239477962,0.003103457053,0.004112979282,0.005457105134,0.0203165226,0.9368800245
0.002825,0.9377337306,0.01566822563,0.02191977928,0.9780802207,0.4996412342,0.4659880643,0.4969300443,0.5422016597,0.5084407851,0.2709063065,0.2526595019,1.035234995,3.269395444e-29,49341.39497,0.2885657098,57.53039296,2.117099174e-27,3.827775964e-28,4.507395353e-06,2.319236747,1.82229148,0.00039792222,0.006600611162,0.4577983403,2.353672812e-14,nan,5.566869799e-11,0.04107097705,68749.89501,9.72686983e-29,70892.67098,8.275637246e-29,49341.39497,3.827775964e-28,0.0006449391346,0.001427044654,0.001769249746,0.002410320117,0.01566822563,0.004654745302,0.00318022089,0.003045521204,0.004045619149,0.005362857655,0.02005752588,0.9377337306
0.00285,0.938566357,0.01553726257,0.02168832504,0.978311675,0.5003811606,0.4671263414,0.4977019876,0.5417693951,0.5084865275,0.2710911987,0.2530747554,1.033801737,3.264121327e-29,49261.79852,0.2897133799,57.14491221,2.102699857e-27,3.809997953e-28,4.496691653e-06,2.321105645,1.825821164,0.0004009762496,0.006653093497,0.4582306049,2.375877273e-14,nan,5.327042995e-11,0.04100174399,68760.04437,9.900138144e-29,70897.43584,8.402072563e-29,49261.79852,3.809997953e-28,0.0006333419185,0.001403132028,0.001741445677,0.002373142852,0.01553726257,0.004578298525,0.003122440629,0.002989070393,0.003979934775,0.005270977694,0.01980459593,0.938566357
0.002875,0.939378326,0.01540976668,0.0214630728,0.9785369272,0.501114522,0.4682492803,0.4984671962,0.5413429878,0.5085258697,0.2712748326,0.2534834645,1.032377856,3.258882282e-29,49182.73136,0.2908534183,56.76593585,2.088520195e-27,3.792866317e-28,4.486102899e-06,2.322947557,1.829314331,0.0004040278258,0.006705552715,0.4586570122,2.353672812e-14,nan,5.10213117e-11,0.04093368724,68769.96623,1.007606371e-28,70902.06834,8.52865379e-29,49182.73136,3.792866317e-28,0.0006220878223,0.001379867643,0.001714379414,0.002336971235,0.01540976668,0.004503629614,0.003066090397,0.002934056848,0.003915875131,0.005181389464,0.01955755975,0.939378326
0.0029,0.9401711202,0.01528482108,0.02124300391,0.9787569961,0.5018413058,0.4693576313,0.4992257486,0.5409222814,0.5085595072,0.2714571441,0.2538860007,1.030963254,3.25367811e-29,49104.19051,0.2919858681,56.39112302,2.074484165e-27,3.776555061e-28,4.475627393e-06,2.324763331,1.832771889,0.0004070769759,0.006757989141,0.4590777186,2.420286194e-14,nan,4.891160257e-11,0.04086624493,68779.66483,1.025678636e-28,70906.57104,8.659454434e-29,49104.19051,3.776555061e-28,0.0006111638529,0.001357228027,0.001688023465,0.002301767482,0.01528482108,0.004430683258,0.003011125142,0.002880434576,0.003853387095,0.005094019219,0.01931622664,0.9401711202
0.002925,0.9409451581,0.01516251913,0.02102812006,0.9789718799,0.5025613246,0.4704512226,0.4999773031,0.5405071137,0.5085875516,0.271637971,0.2542822324,1.029558306,3.248509881e-29,49026.1921,0.2931104967,56.02343572,2.060692327e-27,3.761009378e-28,4.465265918e-06,2.326553784,1.836194808,0.0004101237261,0.006810403086,0.4594928863,2.442490654e-14,nan,4.693224568e-11,0.04079732881,68789.14405,1.0434301e-28,70910.94596,8.785164824e-29,49026.1921,3.761009378e-28,0.0006005575841,0.001335190731,0.001662353981,0.00226749863,0.01516251913,0.004359406335,0.002957501582,0.002828159394,0.003792423228,0.005008796842,0.01908043443,0.9409451581
0.00295,0.9417007226,0.01504307971,0.02081855068,0.9791814493,0.5032750971,0.4715301333,0.5007218556,0.5400973347,0.5086100503,0.2718175386,0.2546721682,1.028162109,3.243374691e-29,48948.69232,0.2942279358,55.66168102,2.047104936e-27,3.745782569e-28,4.455011667e-06,2.328319701,1.839583996,0.0004131681021,0.006862794856,0.4599026653,2.464695115e-14,nan,4.507479204e-11,0.0407265821,68798.40752,1.061933862e-28,70915.19496,8.916726136e-29,48948.69232,3.745782569e-28,0.0005902571099,0.00131373423,0.001637347427,0.002234132204,0.01504307971,0.00428974767,0.002905178027,0.002777188754,0.003732936881,0.004925654625,0.01885002073,0.9417007226
0.002975,0.942438294,0.01492652794,0.02061423119,0.9793857688,0.5039824112,0.472595413,0.5014603248,0.5396928024,0.508627164,0.2719956798,0.2550563428,1.026775091,3.238273934e-29,48871.7122,0.2953378821,55.30349703,2.033642093e-27,3.731820053e-28,4.444866104e-06,2.330061837,1.84294027,0.0004162101287,0.006915164744,0.4603071976,2.486899575e-14,nan,4.333138506e-11,0.04066492762,68807.45982,1.080195106e-28,70919.32065,9.044585287e-29,48871.7122,3.731820053e-28,0.0005802510261,0.001292837894,0.001612979511,0.002201634814,0.01492652794,0.004221657988,0.002854114338,0.002727481698,0.003674880519,0.004844526883,0.01862481341,0.942438294
0.003,0.9431590473,0.01481213169,0.02041435113,0.9795856489,0.5046835571,0.4736467584,0.5021918199,0.5392933681,0.5086394193,0.2721724953,0.2554345556,1.02539698,3.233206647e-29,48795.23721,0.2964405451,54.95189368,2.020406842e-27,3.717975638e-28,4.434826234e-06,2.331780918,1.846264542,0.0004192498303,0.006967513036,0.4607066319,2.509104036e-14,nan,4.16946882e-11,0.04059379695,68816.30409,1.09837944e-28,70923.32487,9.171824495e-29,48795.23721,3.717975638e-28,0.0005705284234,0.001272481993,0.001589230251,0.002169978775,0.01481213169,0.004155089943,0.002804271939,0.002678998867,0.00361821339,0.004765351495,0.01840467597,0.9431590473
0.003025,0.9438634673,0.0146998754,0.02021881237,0.9797811876,0.5053787545,0.4746856433,0.5029176992,0.5388989031,0.5086469872,0.2723480565,0.2558075725,1.024027324,3.228171333e-29,48719.24475,0.2975362507,54.6048372,2.007331111e-27,3.704994266e-28,4.424888079e-06,2.333477641,1.849557567,0.0004222872304,0.007019840007,0.4611010969,2.553512957e-14,nan,4.015787076e-11,0.04052324441,68824.94467,1.116767706e-28,70927.20975,9.297640127e-29,48719.24475,3.704994266e-28,0.0005610788344,0.001252647571,0.001566077257,0.002139133309,0.0146998754,0.004089997826,0.002755613597,0.002631702284,0.003562891342,0.004688067564,0.01818944769,0.9438634673
0.00305,0.9445507752,0.01459097408,0.02002875349,0.9799712465,0.5060677293,0.4757098979,0.503636131,0.5385092759,0.508649354,0.2725221664,0.2561741926,1.022666707,3.22316984e-29,48643.7627,0.2986245968,54.26165478,1.994394166e-27,3.692103051e-28,4.415054035e-06,2.335152678,1.852820127,0.000425322352,0.007072145924,0.4614907241,2.575717417e-14,nan,3.871455768e-11,0.04045800663,68833.38502,1.135614656e-28,70930.97743,9.430902627e-29,48643.7627,3.692103051e-28,0.000551892239,0.001233316473,0.001543500242,0.002109070453,0.01459097408,0.004026337673,0.002708103492,0.002585555419,0.003508873662,0.004612616877,0.01797898419,0.9445507752
0.003075,0.9452231249,0.01448367155,0.01984234896,0.980157651,0.5067508737,0.4767228978,0.5043495924,0.5381243543,0.5086475838,0.2726949867,0.2565362016,1.02131436,3.218199753e-29,48568.75464,0.2997061088,53.92436787,1.981658592e-27,3.680145859e-28,4.405318483e-06,2.336806677,1.856053034,0.0004283552176,0.007124431049,0.4618756457,2.597921878e-14,nan,3.735879893e-11,0.04039564787,68841.62862,1.153798472e-28,70934.6296,9.553189746e-29,48568.75464,3.680145859e-28,0.0005429590415,0.001214471314,0.001521481446,0.002079765607,0.01448367155,0.003964067168,0.002661707145,0.002540523117,0.003456123656,0.00453894393,0.01777316109,0.9452231249
0.0031,0.9458796613,0.01437924679,0.01966080406,0.9803391959,0.5074283495,0.4777225403,0.5050563617,0.5377440227,0.5086411341,0.2728665619,0.2568924406,1.019970295,3.213260929e-29,48494.21839,0.3007808179,53.59128913,1.969074646e-27,3.668404236e-28,4.395680114e-06,2.338440259,1.859256963,0.0004313858489,0.007176695632,0.4622559773,2.620126338e-14,nan,3.60850499e-11,0.04032831478,68849.67937,1.172672904e-28,70938.16859,9.683953601e-29,48494.21839,3.668404236e-28,0.0005342700327,0.001196095381,0.001500000732,0.002051191125,0.01437924679,0.003903145448,0.002616391267,0.002496571444,0.00340460133,0.004466994239,0.01757183087,0.9458796613
0.003125,0.9465221583,0.01427630728,0.01948266032,0.9805173397,0.5080999501,0.4787105046,0.5057573142,0.5373681593,0.5086308699,0.2730367349,0.2572437827,1.018634766,3.20835424e-29,48420.16712,0.3018485341,53.26395605,1.956686881e-27,3.657344014e-28,4.38613956e-06,2.340054024,1.862432642,0.0004344142671,0.007228939918,0.4626318407,2.642330799e-14,nan,3.488812107e-11,0.0402629297,68857.54083,1.190764522e-28,70941.59636,9.806358294e-29,48420.16712,3.657344014e-28,0.000525816397,0.001178172678,0.001479040817,0.002023323151,0.01427630728,0.003843533207,0.002572123834,0.002453667761,0.003354271207,0.004396716024,0.01737486931,0.9465221583
0.00315,0.9471499703,0.01417587109,0.0193088717,0.9806911283,0.5087660587,0.4796861667,0.5064521794,0.5369966517,0.5086163627,0.27320567,0.2575898654,1.017307148,3.203477657e-29,48346.57021,0.3029096992,52.94120997,1.944464174e-27,3.646159703e-28,4.376692045e-06,2.341648549,1.865580758,0.000437440493,0.007281164143,0.4630033483,2.664535259e-14,nan,3.376318183e-11,0.0401939401,68865.21621,1.209512904e-28,70944.91471,9.9339251e-29,48346.57021,3.646159703e-28,0.0005175896766,0.001160687837,0.001458584769,0.001996138328,0.01417587109,0.003785192518,0.002528873936,0.002411780575,0.003305098545,0.004328059217,0.0171821532,0.9471499703
0.003175,0.947763854,0.0140775533,0.01913898945,0.9808610105,0.5094266034,0.4806503997,0.5071415181,0.5366293925,0.5085979412,0.2733732887,0.257931132,1.01598765,3.198631761e-29,48273.43642,0.3039641868,52.62149464,1.932355417e-27,3.635879971e-28,4.367337698e-06,2.343224391,1.868701944,0.0004404645468,0.007333368538,0.4633706075,2.68673972e-14,nan,3.270570365e-11,0.0401342333,68872.70926,1.227815937e-28,70948.12566,1.005695399e-28,48273.43642,3.635879971e-28,0.000509581762,0.001143626112,0.001438615336,0.001969612937,0.0140775533,0.003728086803,0.002486611773,0.00237087953,0.003257048356,0.004260975288,0.01699355483,0.947763854
0.0032,0.9483644664,0.01398102688,0.0189726303,0.9810273697,0.5100817612,0.4816032116,0.5078250279,0.5362662695,0.5085758745,0.2735396432,0.2582675577,1.01467602,3.193815654e-29,48200.7522,0.3050121921,52.30752049,1.920444008e-27,3.625853253e-28,4.35807394e-06,2.344782083,1.871796891,0.0004434864482,0.007385553326,0.4637337305,2.70894418e-14,nan,3.171146805e-11,0.0400637004,68880.0229,1.246159215e-28,70951.23086,1.018159809e-28,48200.7522,3.625853253e-28,0.0005017848845,0.001126973371,0.001419118117,0.001943727039,0.01398102688,0.003672180849,0.002445308643,0.002330935395,0.003210090169,0.004195418151,0.01680897009,0.9483644664
0.003225,0.9489517339,0.0138867219,0.01881016358,0.9811898364,0.510731621,0.4825450355,0.5085032445,0.5359071853,0.5085500528,0.2737047455,0.2585993518,1.013372132,3.189029087e-29,48128.51381,0.3060537693,51.99711858,1.908665261e-27,3.616214836e-28,4.348899401e-06,2.346322144,1.874866159,0.0004465062164,0.007437718724,0.4640928147,2.775557562e-14,nan,3.077652348e-11,0.04000351178,68887.16108,1.26416339e-28,70954.2327,1.029999434e-28,48128.51381,3.616214836e-28,0.0004941915823,0.001110716019,0.001400076383,0.001918457698,0.0138867219,0.003617440611,0.002404936805,0.002291919926,0.003164190197,0.004131342435,0.01662827254,0.9489517339
0.00325,0.9495263983,0.01379420721,0.01865110566,0.9813488943,0.511376126,0.4834754017,0.5091753137,0.5355520385,0.5085207982,0.2738685267,0.2589262369,1.012076222,3.184272527e-29,48056.72826,0.3070888169,51.69061874,1.89702589e-27,3.606914692e-28,4.33981407e-06,2.347845071,1.877910384,0.0004495238701,0.007489864942,0.4644479615,2.819966483e-14,nan,2.98971773e-11,0.03993536772,68894.1265,1.282700388e-28,70957.13244,1.042604804e-28,48056.72826,3.606914692e-28,0.0004867947049,0.001094841023,0.001381476572,0.001893786155,0.01379420721,0.003563833297,0.002365469532,0.002253805918,0.003119319656,0.004068705187,0.01645136247,0.9495263983
0.003275,0.9500887672,0.01370349115,0.0184954116,0.9815045884,0.5120155516,0.4843958851,0.5098427661,0.5352007327,0.5084882043,0.2740310984,0.2592490326,1.010787654,3.179544073e-29,47985.36691,0.3081177485,51.38891487,1.885553461e-27,3.597978182e-28,4.330813597e-06,2.349351342,1.880930137,0.0004525394276,0.007541992185,0.4647992673,2.842170943e-14,nan,2.906998065e-11,0.03987722879,68900.92251,1.300516684e-28,70959.93216,1.054363197e-28,47985.36691,3.597978182e-28,0.0004795873903,0.001079335861,0.001363304418,0.001869692783,0.01370349115,0.003511327248,0.002326881019,0.002216567112,0.003075448868,0.004007464597,0.0162781324,0.9500887672
0.0033,0.9506387587,0.01361496197,0.01834341818,0.9816565818,0.5126499242,0.4853049646,0.5105040797,0.5348531775,0.5084521607,0.2741924409,0.2595669024,1.009506603,3.174844203e-29,47914.43694,0.30914046,51.09070462,1.874208416e-27,3.589059947e-28,4.321898034e-06,2.350841422,1.883925964,0.0004555529069,0.007594100652,0.4651468225,2.842170943e-14,nan,2.829169668e-11,0.03981186659,68907.55231,1.318679707e-28,70962.63361,1.066452779e-28,47914.43694,3.589059947e-28,0.0004725630511,0.001064188497,0.001345546093,0.001846158565,0.01361496197,0.003459891893,0.002289146347,0.002180178157,0.003032549029,0.003947580275,0.01610847746,0.9506387587
0.003325,0.9511777604,0.01352751856,0.01819397642,0.9818060236,0.5132792389,0.4862048926,0.5111609131,0.5345092797,0.5084133396,0.2743525163,0.2598810269,1.008233157,3.17017314e-29,47843.9417,0.3101569032,50.79681103,1.863019711e-27,3.580975055e-28,4.313066981e-06,2.352315755,1.886898424,0.0004585643253,0.007646190537,0.4654907203,2.886579864e-14,nan,2.755931209e-11,0.03975004247,68914.01905,1.336126432e-28,70965.23855,1.077966518e-28,47843.9417,3.580975055e-28,0.0004657153716,0.001049387389,0.001328188985,0.001823166118,0.01352751856,0.003409497754,0.002252241487,0.002144614616,0.002990593371,0.00388901351,0.01594230246,0.9511777604
0.00335,0.9517051138,0.01344209997,0.01804797875,0.9819520213,0.513903727,0.4870940036,0.5118119011,0.5341689538,0.508371325,0.2745114162,0.2601904943,1.00696672,3.165528957e-29,47773.85215,0.3111674971,50.5067499,1.851969075e-27,3.572526519e-28,4.304316143e-06,2.353774774,1.889848042,0.0004615736999,0.007698262027,0.4658310462,2.908784325e-14,nan,2.686999008e-11,0.03968498117,68920.32545,1.353923159e-28,70967.74858,1.089698244e-28,47773.85215,3.572526519e-28,0.0004590382838,0.001034921422,0.001311220701,0.001800698371,0.01344209997,0.003360116341,0.002216143208,0.002109852868,0.002949555594,0.003831726793,0.01577951269,0.9517051138
0.003375,0.9522209319,0.01335887684,0.01790554861,0.9820944514,0.5145232333,0.4879732818,0.5124580498,0.5338321186,0.5083261174,0.2746690277,0.2604958108,1.005707714,3.160912957e-29,47704.18794,0.3121719581,50.21990647,1.841039432e-27,3.564775961e-28,4.295647127e-06,2.355218892,1.892775294,0.0004645810473,0.007750315304,0.4661678814,2.930988785e-14,nan,2.622109174e-11,0.03962990078,68926.47496,1.371731929e-28,70970.16569,1.101471043e-28,47704.18794,3.564775961e-28,0.0004525259623,0.001020779919,0.001294628302,0.00177873759,0.01335887684,0.003311720127,0.00218082907,0.002075870109,0.002909408798,0.003775683638,0.01562000774,0.9522209319
0.0034,0.9527271839,0.01327612075,0.01776491812,0.9822350819,0.5151380918,0.4888436361,0.5130992841,0.5334986872,0.5082787019,0.2748254957,0.2607974381,1.004455792,3.15632398e-29,47634.93154,0.313170539,49.93761759,1.830268929e-27,3.557387581e-28,4.287057083e-06,2.356648512,1.895680732,0.0004675863838,0.007802350547,0.4665013128,2.975397706e-14,nan,2.56101332e-11,0.03956073033,68932.46981,1.388977099e-28,70972.49095,1.11287416e-28,47634.93154,3.557387581e-28,0.0004461728208,0.001006952639,0.001278401879,0.001757270028,0.01327612075,0.003264282575,0.002146277435,0.002042644348,0.002870130824,0.003720849626,0.01546371313,0.9527271839
0.003425,0.9532218191,0.01319615839,0.01762836838,0.9823716316,0.5157482555,0.4897039255,0.5137355396,0.5331685863,0.5082279297,0.2749807683,0.2610947497,1.003210805,3.151761485e-29,47566.07482,0.3141633572,49.65839615,1.819614055e-27,3.549790762e-28,4.27854431e-06,2.358064019,1.898564773,0.0004705897253,0.007854367929,0.4668314137,2.975397706e-14,nan,2.50347958e-11,0.03950823881,68938.31348,1.406119481e-28,70974.72663,1.123951228e-28,47566.07482,3.549790762e-28,0.0004399734841,0.0009934296981,0.00126252862,0.001736278179,0.01319615839,0.003217777977,0.002112467338,0.002010154293,0.002831695257,0.003667190445,0.01531052725,0.9532218191
0.00345,0.9537070864,0.01311696696,0.01749383973,0.9825061603,0.5163538028,0.490555143,0.514366675,0.5328417344,0.508174938,0.2751348558,0.2613882532,1.001972806,3.147225646e-29,47497.62038,0.315150375,49.38268728,1.80908431e-27,3.542666348e-28,4.270108422e-06,2.359465789,1.90142793,0.0004735910874,0.007906367618,0.4671582656,3.019806627e-14,nan,2.449290633e-11,0.03944188433,68944.00847,1.423439823e-28,70976.87399,1.135362592e-28,47497.62038,3.542666348e-28,0.0004339228002,0.0009802016274,0.001246999205,0.001715749141,0.01311696696,0.003172181559,0.002079378575,0.001978379425,0.002794081192,0.00361467396,0.01516037913,0.9537070864
0.003475,0.954182875,0.01303891108,0.01736165526,0.9826383447,0.5169547721,0.4913979525,0.5149934728,0.5325180624,0.5081196158,0.2752877536,0.2616782856,1.000741604,3.142715873e-29,47429.55934,0.3161317206,49.11083349,1.798692464e-27,3.535771095e-28,4.261747672e-06,2.360854181,1.904270604,0.0004765904851,0.007958349778,0.4674819376,3.042011087e-14,nan,2.398242292e-11,0.03938181729,68949.55763,1.4399694e-28,70978.93474,1.146077877e-28,47429.55934,3.535771095e-28,0.0004280158103,0.0009672592926,0.00123180203,0.00169566705,0.01303891108,0.00312746931,0.002046991566,0.001947299872,0.002757264393,0.003563268259,0.01501317633,0.954182875
0.0035,0.9546477294,0.01296365794,0.01723344808,0.9827665519,0.517551272,0.49223062,0.5156149277,0.5321974956,0.5080611307,0.2754394908,0.2619639032,0.9995172402,3.138232123e-29,47361.89102,0.3171074037,48.84221599,1.788422654e-27,3.528661723e-28,4.253461309e-06,2.362229544,1.907093276,0.0004795879335,0.008010314568,0.4678025044,3.064215548e-14,nan,2.350144353e-11,0.03932601331,68954.96335,1.457188295e-28,70980.91009,1.157422917e-28,47361.89102,3.528661723e-28,0.0004222477563,0.000954593915,0.001216928493,0.001676019981,0.01296365794,0.003083618068,0.002015287412,0.001916896454,0.002721225272,0.003512943298,0.01486885205,0.9546477294
0.003525,0.9551046375,0.01288845467,0.01710642703,0.982893573,0.5181434531,0.4930558223,0.5162322566,0.5318799654,0.5080010215,0.2755901219,0.2622465137,0.99829955,3.133773883e-29,47294.60769,0.3180775357,48.57699382,1.778273345e-27,3.522322173e-28,4.245247766e-06,2.363592216,1.909896332,0.000482583447,0.008062262143,0.4681200346,3.086420008e-14,nan,2.304817018e-11,0.03926459551,68960.22884,1.473608197e-28,70982.80209,1.167970508e-28,47294.60769,3.522322173e-28,0.0004166140643,0.0009421970576,0.001202367895,0.001656793342,0.01288845467,0.003040605413,0.001984247832,0.001887150628,0.002685941348,0.003463669363,0.01472732083,0.9551046375
0.00355,0.9555520972,0.01281500726,0.01698226551,0.9830177345,0.5187312106,0.4938722757,0.5168449498,0.5315654044,0.507938437,0.2757395658,0.262525416,0.9970883181,3.129340523e-29,47227.69986,0.3190422535,48.31493949,1.768247325e-27,3.515842882e-28,4.237105288e-06,2.364942522,1.912680205,0.0004855770399,0.008114192656,0.4684345956,3.108624469e-14,nan,2.262093428e-11,0.03920316612,68965.35612,1.489814118e-28,70984.61181,1.178472756e-28,47227.69986,3.515842882e-28,0.0004111103373,0.0009300605857,0.001188111828,0.001637975508,0.01281500726,0.002998409667,0.001953855136,0.001858044457,0.002651393623,0.00341541824,0.01458851611,0.9555520972
0.003575,0.9559901334,0.01274350524,0.01686111857,0.9831388814,0.5193146523,0.4946794551,0.5174524692,0.531253748,0.5078733414,0.2758878554,0.2628003146,0.9958837682,3.124932549e-29,47161.17516,0.3200014472,48.05656986,1.758354364e-27,3.509366138e-28,4.229034157e-06,2.366280776,1.915445272,0.000488568726,0.008166106252,0.468746252,3.15303339e-14,nan,2.221815602e-11,0.03914841128,68970.34811,1.506398998e-28,70986.34098,1.189250297e-28,47161.17516,3.509366138e-28,0.0004057323489,0.0009181766717,0.001174150807,0.001619553507,0.01274350524,0.002957009856,0.001924092212,0.001829560594,0.002617561678,0.003368162261,0.01445236142,0.9559901334
0.0036,0.9564205191,0.01267236372,0.01674137145,0.9832586286,0.5198940809,0.4954799547,0.5180565921,0.5309449302,0.5078066258,0.2760351265,0.26307257,0.994685452,3.120548578e-29,47095.01269,0.320955418,47.80102885,1.748561842e-27,3.503475629e-28,4.221031314e-06,2.367607283,1.918191951,0.0004915585191,0.008218003076,0.4690550698,3.15303339e-14,nan,2.183836589e-11,0.03908739745,68975.207,1.522438239e-28,70987.99074,1.199689166e-28,47095.01269,3.503475629e-28,0.0004004760386,0.000906537794,0.00116047715,0.001601516743,0.01267236372,0.002916385706,0.001894942521,0.00180168228,0.002584427977,0.003321875142,0.01431879585,0.9564205191
0.003625,0.9568420016,0.01260304892,0.01662445608,0.9833755439,0.5204691738,0.4962714803,0.5186556187,0.5306388961,0.5077375834,0.2761811878,0.2633409505,0.9934936622,3.116189596e-29,47029.22736,0.3219039509,47.54808276,1.738873207e-27,3.497400256e-28,4.213097917e-06,2.368922337,1.920920558,0.0004945464324,0.008269883268,0.4693611039,3.197442311e-14,nan,2.148017952e-11,0.03903002483,68979.93553,1.538076202e-28,70989.56287,1.209702104e-28,47029.22736,3.497400256e-28,0.0003953374943,0.00089513668,0.001147081082,0.001583851903,0.01260304892,0.002876517549,0.001866390014,0.001774393262,0.002551971914,0.003276530675,0.01418773895,0.9568420016
0.00365,0.9572552126,0.01253508567,0.01650987308,0.9834901269,0.5210402496,0.4970550307,0.5192502732,0.5303355766,0.5076664952,0.2763261812,0.2636059663,0.9923081073,3.111854369e-29,46963.80053,0.3228473147,47.29899681,1.729319377e-27,3.49150378e-28,4.205231215e-06,2.370226222,1.92363154,0.0004975324791,0.008321746964,0.4696644234,3.197442311e-14,nan,2.114229815e-11,0.03897363156,68984.53571,1.554086025e-28,70991.05826,1.220031864e-28,46963.80053,3.49150378e-28,0.0003903129657,0.0008839663618,0.001133956971,0.00156655111,0.01253508567,0.002837386431,0.00183841922,0.001747677872,0.002520179295,0.003232104738,0.01405914674,0.9572552126
0.003675,0.9576610122,0.0124678286,0.01639694257,0.9836030574,0.5216073349,0.4978315427,0.5198410881,0.5300349227,0.5075937806,0.2764701034,0.2638681033,0.9911286221,3.107542651e-29,46898.72852,0.3237855627,47.05299213,1.719876884e-27,3.485851281e-28,4.197430214e-06,2.371519214,1.926325159,0.0005005166719,0.008373594297,0.4699650773,3.264055692e-14,nan,2.082350958e-11,0.03891485355,68989.01046,1.569464398e-28,70992.47898,1.229976956e-28,46898.72852,3.485851281e-28,0.0003853988323,0.0008730200931,0.001121094561,0.001549600482,0.0124678286,0.002798973909,0.001811015093,0.001721520886,0.002489029107,0.003188572468,0.01393293375,0.9576610122
0.0037,0.9580589955,0.01240183211,0.016286196,0.983713804,0.522170372,0.4986000177,0.5204272598,0.5297368742,0.5075191775,0.2766129007,0.2641268149,0.9899554564,3.103255032e-29,46834.02019,0.3247185668,46.80940063,1.710534457e-27,3.480082574e-28,4.189695407e-06,2.372801578,1.929001824,0.0005034990234,0.008425425397,0.4702631258,3.241851232e-14,nan,2.052266444e-11,0.03885670058,68993.36133,1.58469729e-28,70993.82555,1.239650041e-28,46834.02019,3.480082574e-28,0.0003805916202,0.0008622913968,0.001108488424,0.001532992446,0.01240183211,0.002761262193,0.001784163111,0.001695907611,0.0024585077,0.003145911189,0.01380905667,0.9580589955
0.003725,0.9584491241,0.01233731626,0.01617782479,0.9838221752,0.5227296155,0.4993611272,0.5210095295,0.5294413764,0.5074426234,0.2767546871,0.2643824425,0.9887881939,3.098990076e-29,46769.6539,0.3256466392,46.56905662,1.701305172e-27,3.474583457e-28,4.182023746e-06,2.374073573,1.931661838,0.0005064795459,0.00847724039,0.4705586236,3.286260153e-14,nan,2.023869849e-11,0.03880036365,68997.59121,1.6000583e-28,70995.0999,1.249573368e-28,46769.6539,3.474583457e-28,0.0003758879832,0.0008517740169,0.001096130499,0.001516716026,0.01233731626,0.00272423403,0.00175784919,0.001670823804,0.002428597606,0.003104098085,0.01368744844,0.9584491241
0.00375,0.9588322311,0.01227361105,0.0160711335,0.9839288665,0.5232849392,0.5001151503,0.5215877545,0.5291483784,0.5073645202,0.276895377,0.2646351208,0.9876268553,3.094748033e-29,46705.6334,0.3265697257,46.33065529,1.692153291e-27,3.469343411e-28,4.174415149e-06,2.375335448,1.934305523,0.0005094582514,0.0085290394,0.4708516216,3.330669074e-14,nan,1.997059738e-11,0.03874452978,69001.70202,1.614713715e-28,70996.30307,1.258913856e-28,46705.6334,3.469343411e-28,0.0003712847009,0.0008414619306,0.001084013957,0.001500761866,0.01227361105,0.002687872701,0.001732059687,0.001646255675,0.002399283346,0.003063111364,0.01356805266,0.9588322311
0.003775,0.9592077993,0.0122113875,0.01596676947,0.9840332305,0.5238364663,0.5008617923,0.5221619265,0.5288578273,0.5072845526,0.2770350154,0.2648846793,0.9864716354,3.090529227e-29,46641.9636,0.3274877557,46.09566868,1.683131398e-27,3.464228727e-28,4.166869676e-06,2.376587445,1.936933208,0.0005124351518,0.008580822547,0.4711421727,3.330669074e-14,nan,1.971742247e-11,0.03869066668,69005.69595,1.62971544e-28,70997.43631,1.268525349e-28,46641.9636,3.464228727e-28,0.0003667786747,0.000831349328,0.00107213256,0.001485121403,0.0122113875,0.002652162023,0.001706781389,0.001622189874,0.002370550419,0.003022930021,0.01345081754,0.9592077993
0.0038,0.959576957,0.01214967168,0.01586373484,0.9841362652,0.5243843437,0.5016017432,0.5227321681,0.5285696722,0.5072032776,0.2771736607,0.265131469,0.9853221326,3.08633248e-29,46578.62671,0.3284009856,45.86373777,1.674216192e-27,3.458946391e-28,4.159384781e-06,2.377829797,1.939545198,0.0005154102586,0.008632589949,0.4714303278,3.375077995e-14,nan,1.947828345e-11,0.03863419448,69009.57513,1.644202269e-28,70998.5009,1.27771188e-28,46578.62671,3.458946391e-28,0.0003623669223,0.0008214306138,0.001060479835,0.001469785793,0.01214967168,0.002617086314,0.001682001496,0.001598613472,0.002342384136,0.002983533608,0.01333568913,0.959576957
0.003825,0.9599387344,0.0120895932,0.01576313443,0.9842368656,0.5249283595,0.5023342674,0.5232982579,0.5282838693,0.5071201489,0.2773111849,0.2653750904,0.9841784322,3.082158153e-29,46515.62817,0.3293093369,45.63391083,1.665383305e-27,3.453850024e-28,4.151960604e-06,2.379062731,1.942141758,0.0005183835831,0.008684341721,0.4717161307,3.419486916e-14,nan,1.925234812e-11,0.0385805983,69013.3417,1.658585558e-28,70999.49811,1.28704146e-28,46515.62817,3.453850024e-28,0.0003580465674,0.0008117003729,0.001049048784,0.00145474551,0.0120895932,0.002582630345,0.001657707576,0.001575513921,0.002314769087,0.002944902038,0.0132226082,0.9599387344
0.00385,0.9602944789,0.0120299283,0.015663726,0.984336274,0.5254688713,0.5030605169,0.5238606781,0.5280003648,0.5070358352,0.2774477557,0.2656161364,0.9830404227,3.078005529e-29,46452.95717,0.3302129656,45.4073789,1.656670214e-27,3.44897015e-28,4.144595441e-06,2.380286466,1.944723234,0.0005213551366,0.008736077974,0.4719996352,3.419486916e-14,nan,1.903883753e-11,0.03852562932,69016.99745,1.672787676e-28,71000.42886,1.29589314e-28,46452.95717,3.44897015e-28,0.0003538148485,0.0008021534097,0.001037835003,0.001439994446,0.0120299283,0.002548779408,0.001633887622,0.001552879103,0.002287693903,0.002907016629,0.0131115384,0.9602944789
0.003875,0.9606434272,0.01197160285,0.01556641007,0.9844335899,0.526005852,0.503780037,0.5244193867,0.5277191186,0.5069499027,0.2775833446,0.2658543571,0.9819079685,3.073874417e-29,46390.61084,0.331111913,45.18338338,1.648050535e-27,3.444057646e-28,4.137288498e-06,2.381501215,1.947289845,0.0005243249299,0.008787798818,0.4722808814,3.463895837e-14,nan,1.883701179e-11,0.03846948346,69020.54488,1.686596722e-28,71001.29486,1.304645515e-28,46390.61084,3.444057646e-28,0.0003496690969,0.0007927846831,0.001026830985,0.00142552245,0.01197160285,0.002515519187,0.001610529946,0.001530697231,0.002261142644,0.00286985824,0.01300241544,0.9606434272
0.0039,0.9609864047,0.01191391109,0.01547046305,0.9845295369,0.5265391711,0.5044930082,0.5249741367,0.5274400839,0.5068627499,0.2777178646,0.2660898346,0.9807812222,3.06976518e-29,46328.59464,0.3320061002,47.87206499,1.742550775e-27,3.439310761e-28,4.130039954e-06,2.382707184,1.949841906,0.0005272929738,0.00883950436,0.4725599161,3.486100297e-14,nan,1.864618813e-11,0.03841624762,69023.98537,1.700512102e-28,71002.09673,1.313565406e-28,46328.59464,3.439310761e-28,0.0003456067476,0.000783589347,0.001016032372,0.001411323498,0.01191391109,0.002482835833,0.001587623241,0.001508956907,0.00223510423,0.002833409226,0.01289520279,0.9609864047
0.003925,0.961322765,0.01185763889,0.01537664953,0.9846233505,0.5270690338,0.5051993104,0.5255251709,0.5271632177,0.5067740021,0.2778514078,0.266322494,0.9796599374,3.065676976e-29,46266.89587,0.3328957108,47.64491115,1.734157595e-27,3.434403693e-28,4.122847917e-06,2.383904572,1.952379661,0.0005302592788,0.008891194705,0.4728367823,3.552713679e-14,nan,1.846571047e-11,0.03836274659,69027.32125,1.714126828e-28,71002.83583,1.322171698e-28,46266.89587,3.434403693e-28,0.0003416253271,0.0007745627143,0.001005433159,0.001397389432,0.01185763889,0.002450715903,0.001565156531,0.001487647071,0.002209565178,0.00279765193,0.0127898489,0.961322765
0.00395,0.9616535017,0.01180191577,0.01528408049,0.9847159195,0.5275954617,0.5058995783,0.5260726212,0.5268884782,0.5066841501,0.2779839699,0.266552659,0.9785440882,3.061609721e-29,46205.51324,0.3337807628,42.26803292,1.543410023e-27,3.429727036e-28,4.115711817e-06,2.385093574,1.954903379,0.0005332238552,0.008942869953,0.4731115218,3.552713679e-14,nan,1.829497616e-11,0.03831165627,69030.5542,1.727401245e-28,71003.51323,1.330522773e-28,46205.51324,3.429727036e-28,0.0003377224523,0.0007657002662,0.0009950284447,0.001383713552,0.01180191577,0.002419146355,0.001543119172,0.001466757002,0.0021845138,0.002762569514,0.01268631194,0.9616535017
0.003975,0.9619782186,0.01174725967,0.01519325566,0.9848067443,0.5281185412,0.5065937108,0.5266166125,0.5266158232,0.5065929515,0.2781155803,0.266780264,0.9774336526,3.057563231e-29,46144.44402,0.3346612961,32.13827839,1.183804737e-27,3.425371986e-28,4.108630924e-06,2.386274376,1.957413318,0.0005361867132,0.008994530206,0.4733841768,3.5971226e-14,nan,1.813340758e-11,0.03825713799,69033.68601,1.740768889e-28,71004.12993,1.339021585e-28,46144.44402,3.425371986e-28,0.0003338958268,0.0007569976372,0.0009848133452,0.001370289189,0.01174725967,0.002388114544,0.001521500836,0.001446276303,0.002159938512,0.002728145606,0.0125845499,0.9619782186
0.004,0.9622974959,0.01169321555,0.01510370115,0.9848962989,0.5286382828,0.5072816643,0.5271567956,0.5263452141,0.5065006815,0.2782462301,0.2670052762,0.9763284842,3.053537114e-29,46083.68226,0.3355373962,19.35423329,7.292031536e-28,3.420643763e-28,4.101604157e-06,2.387447161,1.959909706,0.0005391478628,0.009046175561,0.4736547859,3.5971226e-14,nan,1.798046815e-11,0.03820558061,69036.71873,1.75371119e-28,71004.68723,1.34706054e-28,46083.68226,3.420643763e-28,0.0003301432358,0.0007484506093,0.0009747825784,0.001357109177,0.01169321555,0.002357608183,0.001500291496,0.001426194886,0.002135827237,0.002694364155,0.01248451704,0.9622974959
0.004025,0.9644183586,0.009903357075,0.01326697187,0.9867330281,0.5285879568,0.5083494797,0.5271047312,0.5260871342,0.5073680905,0.2780833234,0.267436121,0.9764773217,3.053951755e-29,46089.93998,0.3354471685,6.817777515,2.822212015e-28,2.9512128e-28,4.102142912e-06,2.388610743,1.962202234,0.0005391478628,0.009097800383,0.4739128658,3.5971226e-14,nan,1.783239981e-11,0.03202176584,69040.06413,1.407949447e-28,71005.6105,9.884169064e-29,46089.93998,2.9512128e-28,0.000326441296,0.0007399249729,0.0009598298403,0.001337418689,0.009903357075,0.002327571605,0.001479360726,0.001406378426,0.002104123072,0.002659331232,0.01233790442,0.9644183586
0.00405,0.9662697703,0.008488940351,0.01178904476,0.9882109552,0.5285459566,0.5092791378,0.5270568877,0.5258488418,0.5081118395,0.2779352791,0.2678038447,0.976602965,3.054299774e-29,46095.19224,0.3353714382,-2.636616855,-5.657784936e-29,2.579947587e-28,4.102546308e-06,2.38975828,1.964155001,0.0005391478628,0.009149400766,0.4741511582,3.61932706e-14,nan,1.767482559e-11,0.0268963895,69043.9981,1.127862518e-28,71007.19049,7.046036386e-29,46095.19224,2.579947587e-28,0.0003227317689,0.0007310074928,0.000938068987,0.001308296164,0.008488940351,0.002297939699,0.00145832263,0.001386414301,0.002060411273,0.002621139168,0.01211695791,0.9662697703
0.004075,0.9679024403,0.007363551643,0.01059086988,0.9894091301,0.5285103777,0.5100970977,0.5270129265,0.5256269641,0.5087556212,0.2777993053,0.2681207888,0.9767100044,3.054594663e-29,46099.64268,0.3353072691,-7.095929798,-2.18976375e-28,2.278177184e-28,4.102842405e-06,2.39088341,1.965835875,0.0005391478628,0.00920097902,0.4743730359,3.61932706e-14,nan,1.749548671e-11,0.02264111696,69048.3726,8.96512166e-29,71009.27866,4.76491357e-29,46099.64268,2.278177184e-28,0.0003189714267,0.0007215225061,0.0009128914239,0.001273932881,0.007363551643,0.002268682308,0.001436968618,0.00136605368,0.002009098298,0.002580018782,0.01184586809,0.9679024403
0.0041,0.9693557931,0.006461463067,0.00961150082,0.9903884992,0.5284797747,0.5108238499,0.5269725044,0.5254188638,0.5093178195,0.2776732428,0.2683964869,0.9768020483,3.054847012e-29,46103.45111,0.3352523568,-6.402871686,-1.987829782e-28,2.030396605e-28,4.103053138e-06,2.391981879,1.967297615,0.0005391478628,0.009252537047,0.4745811362,3.5971226e-14,nan,1.728682627e-11,0.0191021018,69053.0769,7.032943711e-29,71011.76189,2.91642331e-29,46103.45111,2.030396605e-28,0.0003151384691,0.0007114882786,0.0008863584515,0.001237052553,0.006461463067,0.002239763064,0.001415247869,0.001345214965,0.001953422707,0.002536418743,0.0115426387,0.9693557931
0.004125,0.9706606549,0.005732575732,0.008803906477,0.9911960935,0.5284530488,0.5114753554,0.5269352917,0.525222463,0.5098127799,0.2775554118,0.2686383459,0.9768819333,3.055065125e-29,46106.74284,0.3352048946,-2.975993876,-8.108795192e-29,1.824851934e-28,4.103195652e-06,2.393051031,1.968581364,0.0005391478628,0.009304076429,0.474777537,3.5971226e-14,nan,1.704490945e-11,0.01615352811,69058.02747,5.403051204e-29,71014.55335,1.406596894e-29,46106.74284,1.824851934e-28,0.0003112272022,0.0007010063105,0.0008596981979,0.001199399034,0.005732575732,0.002211148792,0.001393196433,0.001323918355,0.001895716918,0.002490872157,0.01122058598,0.9706606549
0.00415,0.9718412826,0.005138616219,0.008131746168,0.9918682538,0.528429363,0.5120641266,0.5269009824,0.5250361104,0.5102517669,0.2774444974,0.2688521573,0.9769518915,3.055255511e-29,46109.61614,0.3351634657,-2.618549768,-7.115080769e-29,1.652591423e-28,4.103283368e-06,2.394089404,1.969719326,0.0005391478628,0.009355598494,0.4749638896,3.5971226e-14,nan,1.67685203e-11,0.01369238368,69063.16065,4.01603146e-29,71017.5858,1.64109257e-30,46109.61614,1.652591423e-28,0.0003072428998,0.0006902034996,0.0008336188986,0.00116206465,0.005138616219,0.002182813479,0.001370893699,0.001302241071,0.001837623452,0.002443918719,0.0108894808,0.9718412826
0.004175,0.972916898,0.004650272621,0.007566891316,0.9924331087,0.5284080774,0.512600043,0.5268692979,0.5248584828,0.510643687,0.2773394618,0.2690424809,0.9770136832,3.055423285e-29,46112.14816,0.3351269575,-2.323219956,-6.301346736e-29,1.506764989e-28,4.103326811e-06,2.39509642,1.970736818,0.0005391478628,0.009407104375,0.4751415172,3.5971226e-14,nan,1.645842172e-11,0.01163422609,69068.42747,2.826801879e-29,71020.80672,-8.654617674e-30,46112.14816,1.506764989e-28,0.0003031975635,0.0006792038173,0.0008085064482,0.001125710866,0.004650272621,0.002154739275,0.001348436277,0.001280287718,0.001780267922,0.002396062024,0.01055641746,0.972916898
0.0042,0.973902849,0.004245035449,0.007087523408,0.9929124766,0.5283887013,0.5130909655,0.5268399883,0.5246885098,0.5109956345,0.2772394803,0.2692129341,0.9770687009,3.05557247e-29,46114.39964,0.3350944942,-2.077110194,-5.629440825e-29,1.382104954e-28,4.103334263e-06,2.396072139,1.971653844,0.0005391478628,0.009458595045,0.4753114902,3.641531521e-14,nan,1.611676056e-11,0.009909749987,69073.78983,1.800794443e-29,71024.17469,-1.723884912e-29,46114.39964,1.382104954e-28,0.0002991067292,0.0006681160423,0.0007845489046,0.001090716283,0.004245035449,0.002126915982,0.001325922855,0.001258171417,0.001724394291,0.002347748756,0.01022647434,0.973902849
0.004225,0.9748114909,0.003905567875,0.006676675479,0.9933233245,0.5283708564,0.5135432011,0.5268128309,0.5245253171,0.5113133064,0.277143891,0.2693664104,0.9771180507,3.055706244e-29,46116.41855,0.3350653843,-1.870185041,-5.069738638e-29,1.274539599e-28,4.103312269e-06,2.397017084,1.972486299,0.0005391478628,0.009510071347,0.4754746829,3.61932706e-14,nan,1.574659773e-11,0.008462001822,69079.21776,9.11200067e-30,71027.6567,-2.443425829e-29,46116.41855,1.274539599e-28,0.0002949872224,0.0006570299016,0.0007618148199,0.00105727566,0.003905567875,0.002099339867,0.001303445926,0.001236002387,0.001670468756,0.002299361101,0.009903215564,0.9748114909
0.00425,0.9756528571,0.003618473853,0.006321114197,0.9936788858,0.5283542501,0.5139618551,0.5267876288,0.5243681837,0.5116013166,0.2770521584,0.2695052444,0.9771626154,3.055827128e-29,46118.24293,0.3350390794,-1.69462589,-4.599227892e-29,1.180904502e-28,4.103266021e-06,2.397932091,1.97324689,0.0005391478628,0.009561534022,0.4756318163,3.5971226e-14,nan,1.535154384e-11,0.007244117745,69084.68743,1.369722928e-30,71031.22624,-3.049186811e-29,46118.24293,1.180904502e-28,0.0002908556785,0.0006460163455,0.0007403023581,0.001025465962,0.003618473853,0.002072012267,0.001281087723,0.00121388155,0.001618758407,0.002251216859,0.009589071913,0.9756528571
0.004275,0.9764351691,0.003373365696,0.006010483117,0.9939895169,0.5283386543,0.5143510983,0.5267642077,0.5242165088,0.5118634355,0.2769638448,0.2696313371,0.977203104,3.055937131e-29,46119.90308,0.3350151423,-1.544329989,-4.200010344e-29,1.098726144e-28,4.103199664e-06,2.398818212,1.97394585,0.0005391478628,0.009612983725,0.4757834912,3.5971226e-14,nan,1.49354823e-11,0.006217484806,69090.17966,-5.386239007e-30,71034.86176,-3.560848073e-29,46119.90308,1.098726144e-28,0.0002867276395,0.0006351296293,0.0007199699231,0.0009952902285,0.003373365696,0.002044938234,0.001258918694,0.001191897432,0.001569390056,0.002203573759,0.009285629608,0.9764351691
0.0043,0.9771652275,0.003162157244,0.005736645928,0.9942633541,0.5283238904,0.5147143707,0.5267424139,0.5240697872,0.5121027728,0.2768785888,0.2697462507,0.977240089,3.056037863e-29,46121.42332,0.3349932226,-1.414521363,-3.858137008e-29,1.026059146e-28,4.10311653e-06,2.399676633,1.974591475,0.0005391478628,0.009664421039,0.4759302128,3.61932706e-14,nan,1.450236347e-11,0.005350244841,69095.6789,-1.12907111e-29,71038.54563,-3.993966699e-29,46121.42332,1.026059146e-28,0.0002826170622,0.0006244099808,0.0007007550871,0.0009667065538,0.003162157244,0.002018125335,0.001236997437,0.001170125145,0.00152239373,0.002156635788,0.008993849149,0.9771652275
0.004325,0.9778487109,0.002978527224,0.005493182805,0.9945068172,0.5283098176,0.5150545375,0.5267221113,0.5239275891,0.5123219176,0.276796089,0.2698512821,0.9772740364,3.056130624e-29,46122.82325,0.3349730375,-1.301449734,-3.56270641e-29,9.613634365e-29,4.10301931e-06,2.400508613,1.975190551,0.0005391478628,0.009715846488,0.4760724109,3.641531521e-14,nan,1.40560561e-11,0.004616076012,69101.17237,-1.645375716e-29,71042.26328,-4.360948188e-29,46122.82325,9.613634365e-29,0.0002785361057,0.0006138862528,0.0006825861293,0.0009396470925,0.002978527224,0.00199158265,0.001215371428,0.001148626628,0.001477734487,0.002110560234,0.0087142309,0.9778487109
0.00435,0.9784904061,0.00281751115,0.005275003859,0.9947249961,0.528296324,0.5153740078,0.5267031793,0.5237895462,0.5125230458,0.2767160918,0.2699475176,0.9773053281,3.056216468e-29,46124.1188,0.3349543575,-1.20215814,-3.30516872e-29,9.03411274e-29,4.102910197e-06,2.401315449,1.975748668,0.0005391478628,0.009767260548,0.4762104538,3.61932706e-14,nan,1.360024394e-11,0.003993199491,69106.64952,-2.096639635e-29,71046.00256,-4.671775271e-29,46124.1188,9.03411274e-29,0.0002744951013,0.0006035782948,0.0006653889203,0.000914030392,0.00281751115,0.001965319971,0.001194078151,0.001127451591,0.001435335417,0.002065464673,0.008446940197,0.9784904061
0.004375,0.9790943862,0.002675190443,0.005078052204,0.9949219478,0.52828332,0.5156748267,0.5266855105,0.5236553393,0.5127080031,0.2766383812,0.2700358763,0.9773342798,3.05629626e-29,46125.32302,0.3349369943,-1.114303894,-3.078789979e-29,8.512166299e-29,4.102790993e-06,2.402098434,1.976270477,0.0005391478628,0.009818663648,0.4763446607,3.61932706e-14,nan,1.313835758e-11,0.003463568885,69112.10155,-2.490483833e-29,71049.7533,-4.934556455e-29,46125.32302,8.512166299e-29,0.0002705026323,0.0005934989564,0.000649090891,0.0008897692813,0.002675190443,0.001939347188,0.00117314635,0.001106638809,0.00139509407,0.002021433479,0.008191901701,0.9790943862
0.0044,0.9796641477,0.002548455174,0.004899075569,0.9951009244,0.5282707332,0.5159587463,0.5266690095,0.5235246899,0.5128783692,0.2765627718,0.2701171427,0.9773611543,3.056370714e-29,46126.44667,0.3349207928,-1.036020789,-2.878240228e-29,8.039813999e-29,4.102663186e-06,2.402858845,1.976759875,0.0005391478628,0.009870056183,0.4764753101,3.61932706e-14,nan,1.267353347e-11,0.003012208088,69117.52108,-2.833364037e-29,71053.50691,-5.15594041e-29,46126.44667,8.039813999e-29,0.0002665656753,0.0005836557208,0.000633623188,0.0008667758107,0.002548455174,0.001913673832,0.001152597296,0.001086217535,0.001356894027,0.001978523675,0.007948870362,0.9796641477
0.004425,0.9802027184,0.002434822652,0.004735450395,0.9952645496,0.5282585049,0.5162272808,0.5266535903,0.5233973527,0.5130355079,0.276489103,0.2701919922,0.9773861725,3.056440423e-29,46127.49872,0.3349056238,-0.9658130958,-2.699277153e-29,7.610542989e-29,4.102528018e-06,2.403597923,1.977220161,0.0005391478628,0.009921438514,0.4766026473,3.61932706e-14,nan,1.220859335e-11,0.002626669807,69122.90193,-3.130807774e-29,71057.25608,-5.341430289e-29,46127.49872,7.610542989e-29,0.0002626897708,0.0005740520067,0.0006189217181,0.0008449642472,0.002434822652,0.001888308755,0.001132445965,0.001066208896,0.001320612891,0.001936770036,0.007717484633,0.9802027184
0.00445,0.9807127413,0.002332298417,0.004585046127,0.9954149539,0.5282465869,0.5164817497,0.5266391757,0.5232731099,0.513180606,0.2764172343,0.2702610114,0.9774095212,3.056505885e-29,46128.48666,0.334891379,-0.9024740002,-2.538503157e-29,7.218993494e-29,4.102386533e-06,2.404316862,1.977654152,0.0005391478628,0.009972810975,0.4767268901,3.61932706e-14,nan,1.174603875e-11,0.002296592296,69128.23883,-3.387593778e-29,71060.99462,-5.495623234e-29,46128.48666,7.218993494e-29,0.0002588792008,0.0005646881903,0.0006049275224,0.0008242527964,0.002332298417,0.001863259913,0.001112702099,0.001046627207,0.001286127702,0.001896189472,0.007497306193,0.9807127413
0.004475,0.9811965405,0.002239269498,0.004446120319,0.9955538797,0.5282349394,0.5167233113,0.5266256962,0.5231517672,0.5133147041,0.276347042,0.2703247134,0.9774313602,3.056567521e-29,46129.41685,0.3348779669,-0.8450228172,-2.393178776e-29,6.860716416e-29,4.102239614e-06,2.405016806,1.978064268,0.0005391478628,0.01002417387,0.4768482328,3.641531521e-14,nan,1.12880564e-11,0.002013336075,69133.52736,-3.607888995e-29,71064.7172,-5.622393793e-29,46129.41685,6.860716416e-29,0.0002551371623,0.0005555623979,0.0005915867597,0.0008045645016,0.002239269498,0.001838534236,0.001093371142,0.001027481142,0.001253318475,0.001856784728,0.007287849448,0.9811965405
0.0045,0.9816561741,0.002154422245,0.00431723738,0.9956827626,0.5282235292,0.5169529895,0.5266130883,0.52303315,0.5134387209,0.2762784164,0.2703835505,0.9774518265,3.056625688e-29,46130.29472,0.3348653094,-0.7926565937,-2.261079244e-29,6.531986244e-29,4.102088015e-06,2.405698842,1.978452613,0.0005391478628,0.0100755275,0.47696685,3.641531521e-14,nan,1.083653126e-11,0.001769685863,69138.76376,-3.795354244e-29,71068.41927,-5.725035157e-29,46130.29472,6.531986244e-29,0.0002514659271,0.0005466711163,0.0005788504727,0.0007858276184,0.002154422245,0.001814137564,0.001074455044,0.00100877477,0.001222070414,0.001818547471,0.007088603273,0.9816561741
0.004525,0.9820934756,0.002076678929,0.004197205483,0.9958027945,0.5282123286,0.5171716955,0.5266012944,0.5229171004,0.5135534725,0.2762112592,0.2704379234,0.9774710392,3.056680696e-29,46131.12489,0.3348533394,-0.7447127456,-2.140384088e-29,6.229656101e-29,4.101932383e-06,2.406364001,1.978821022,0.0005391478628,0.01012687211,0.4770828996,3.641531521e-14,nan,1.039306441e-11,0.00155960574,69143.94485,-3.95322657e-29,71072.09692,-5.806368588e-29,46131.12489,6.229656101e-29,0.0002478669877,0.0005380096593,0.0005666742443,0.0007679756619,0.002076678929,0.001790074626,0.001055952942,0.000990508446,0.001192275193,0.001781460843,0.006899046888,0.9820934756
0.00455,0.9825100877,0.002005148674,0.00408502745,0.9959149725,0.5282013141,0.5173802443,0.5265902618,0.522803475,0.5136596881,0.2761454825,0.2704881896,0.9774891019,3.056732811e-29,46131.91141,0.334841999,-0.7006401501,-2.029592003e-29,5.951044996e-29,4.101773278e-06,2.407013256,1.979171114,0.0005391478628,0.01017820797,0.477196525,3.641531521e-14,nan,9.958994159e-12,0.001378037777,69149.06797,-4.084384167e-29,71075.7468,-5.868828743e-29,46131.91141,5.951044996e-29,0.0002443411852,0.000529572523,0.0005550178095,0.000750947259,0.002005148674,0.001766349063,0.001037861738,0.0009726795646,0.001163831583,0.00174550156,0.006718661301,0.9825100877
0.004575,0.9829074897,0.001939089372,0.003979862397,0.9960201376,0.5281904658,0.5175793689,0.526579942,0.522692143,0.5137580222,0.2760810065,0.2705346695,0.9775061056,3.056782265e-29,46132.65776,0.3348312376,-0.6599767212,-1.927455048e-29,5.693849768e-29,4.101611185e-06,2.407647525,1.979504323,0.0005391478628,0.01022953529,0.477307857,3.641531521e-14,nan,9.535418559e-12,0.001220736232,69154.13087,-4.191398171e-29,71079.36601,-5.914530689e-29,46132.65776,5.693849768e-29,0.0002408888204,0.0005213536556,0.0005438446606,0.0007346858883,0.001939089372,0.001742963467,0.001020176575,0.0009552831961,0.001136645655,0.001710641611,0.006546937404,0.9829074897
0.0046,0.9832870192,0.00187787804,0.003880995683,0.9961190043,0.5281797669,0.5177697313,0.5265702904,0.5225829847,0.5138490653,0.276017759,0.2705776516,0.9775221307,3.056829261e-29,46133.36702,0.3348210111,-0.6223319593,-1.832927654e-29,5.456075986e-29,4.10144653e-06,2.408267668,1.979821925,0.0005391478628,0.01028085431,0.4774170153,3.641531521e-14,nan,9.123218522e-12,0.001084130849,69159.13168,-4.276574489e-29,71082.95208,-5.945322931e-29,46133.36702,5.456075986e-29,0.0002375097504,0.0005133466606,0.0005331216679,0.0007191395641,0.00187787804,0.001719919441,0.001002891232,0.0009383126127,0.001110630677,0.00167684963,0.006383381561,0.9832870192
0.004625,0.9836498907,0.001820987644,0.003787815288,0.9962121847,0.5281692027,0.5179519317,0.526561266,0.5224758898,0.5139333519,0.2759556741,0.2706173964,0.9775372485,3.056873978e-29,46134.04189,0.3348112804,-0.5873733215,-1.745126964e-29,5.235983465e-29,4.101279685e-06,2.408874496,1.980125067,0.0005391478628,0.01033216522,0.4775241102,3.641531521e-14,nan,8.723080589e-12,0.0009652140125,69164.06886,-4.341987985e-29,71086.5029,-5.962829712e-29,46134.04189,5.235983465e-29,0.0002342034703,0.0005055449497,0.0005228187262,0.0007042604982,0.001820987644,0.001697217673,0.0009859984532,0.0009217597224,0.001085706839,0.001644092003,0.006227519317,0.9836498907
0.00465,0.9839972109,0.001767968931,0.003699793166,0.9963002068,0.5281587607,0.5181265165,0.5265528304,0.5223707569,0.5140113678,0.2758946916,0.2706541406,0.9775515226,3.056916576e-29,46134.68477,0.334802011,-0.5548155303,-1.66330187e-29,5.03204309e-29,4.10111098e-06,2.409468768,1.98041478,0.0005391478628,0.01038346821,0.4776292431,3.641531521e-14,nan,8.335518872e-12,0.000861447471,69168.94117,-4.389510775e-29,71090.01666,-5.968485025e-29,46134.68477,5.03204309e-29,0.0002309691827,0.0004979418576,0.0005129084339,0.0006900047609,0.001767968931,0.001674858009,0.0009694902124,0.0009056154247,0.001061800867,0.001612333737,0.006078897705,0.9839972109
0.004675,0.9843299909,0.001718436117,0.003616470458,0.9963835295,0.5281484302,0.5182939844,0.5265449485,0.5222674919,0.5140835555,0.275834756,0.2706880993,0.9775650099,3.056957195e-29,46135.29779,0.3347931721,-0.5244121495,-1.586808741e-29,4.842902386e-29,4.100940705e-06,2.410051195,1.980692,0.0005391478628,0.01043476347,0.4777325081,3.641531521e-14,nan,7.960895807e-12,0.0007706851387,69173.74758,-4.420835908e-29,71093.49184,-5.963560215e-29,46135.29779,4.842902386e-29,0.0002278058562,0.0004905307272,0.0005033658032,0.0006763319547,0.001718436117,0.00165283953,0.0009533579297,0.0008898698993,0.001038845576,0.001581539154,0.005937086519,0.9843299909
0.0047,0.9846491575,0.001672055566,0.003537445721,0.9964625543,0.5281382018,0.5184547916,0.5265375872,0.5221660077,0.5141503196,0.2757758164,0.2707194687,0.9775777615,3.056995962e-29,46135.88286,0.3347847362,-0.4959489091,-1.515092282e-29,4.66735792e-29,4.100769118e-06,2.410622444,1.980957575,0.0005391478628,0.01048605117,0.4778339923,3.663735981e-14,nan,7.599441485e-12,0.0006911091115,69178.48734,-4.437497402e-29,71096.92715,-5.949186553e-29,46135.88286,4.66735792e-29,0.0002247122748,0.0004833049719,0.0004941680025,0.0006632049062,0.001672055566,0.001631160635,0.0009375926476,0.0008745128388,0.001016779408,0.001551672424,0.005801678835,0.9846491575
0.004725,0.9849555617,0.001628536792,0.003462365502,0.9965376345,0.5281280675,0.518609357,0.5265307159,0.5220662235,0.5142120304,0.2757178257,0.2707484285,0.9775898238,3.057032991e-29,46136.44168,0.3347766786,-0.4692383869,-1.447670383e-29,4.504333017e-29,4.100596449e-06,2.411183137,1.981212278,0.0005391478628,0.01053733146,0.4779337765,3.641531521e-14,nan,7.251271441e-12,0.0006211765673,69183.15986,-4.44088738e-29,71100.32151,-5.926373878e-29,46136.44168,4.504333017e-29,0.0002216870788,0.0004762581221,0.0004852941283,0.0006505893809,0.001628536792,0.001609819111,0.000922185172,0.0008595336361,0.0009955459616,0.00152269798,0.005672290976,0.9849555617
0.00475,0.9852499868,0.001587625271,0.003390916753,0.9966090832,0.5281180202,0.5187580655,0.526524306,0.5219680639,0.514269028,0.2756607405,0.2707751431,0.9776012383,3.057068382e-29,46136.97581,0.3347689773,-0.4441157435,-1.384122027e-29,4.352859663e-29,4.100422903e-06,2.41173386,1.981456817,0.0005391478628,0.01058860451,0.4780319361,3.641531521e-14,nan,6.916402878e-12,0.0005595756346,69187.76473,-4.432270849e-29,71103.67403,-5.896026112e-29,46136.97581,4.352859663e-29,0.0002187287996,0.0004693838573,0.0004767250032,0.0006384538212,0.001587625271,0.001588812212,0.0009071261857,0.0008449215327,0.0009750935472,0.001494580835,0.005548562096,0.9852499868
0.004775,0.9855331554,0.00154909667,0.003322820693,0.9966771793,0.5281080538,0.5189012718,0.5265183306,0.5218714584,0.5143216252,0.2756045202,0.2707997635,0.9776120429,3.05710223e-29,46137.48663,0.334761612,-0.4204352808,-1.3240776e-29,4.212063688e-29,4.100248662e-06,2.412275158,1.98169184,0.0005391478628,0.01063987044,0.4781285416,3.641531521e-14,nan,6.594769315e-12,0.0005051886636,69192.3017,-4.412798557e-29,71106.98401,-5.858954282e-29,46137.48663,4.212063688e-29,0.0002158358881,0.0004626760296,0.0004684429982,0.0006267691074,0.00154909667,0.001568136721,0.0008924063385,0.0008306657364,0.0009553747595,0.001467286809,0.005430153492,0.9855331554
0.0048,0.9858057348,0.001512752178,0.003257827812,0.9967421722,0.5280981631,0.5190393031,0.5265127649,0.5217763415,0.5143701098,0.2755491275,0.2708224287,0.9776222721,3.057134616e-29,46137.9754,0.3347545646,-0.3980676425,-1.267211055e-29,4.081152555e-29,4.100073889e-06,2.412807543,1.981917944,0.0005391478628,0.01069112941,0.4782236585,3.641531521e-14,nan,6.28623373e-12,0.0004570616142,69196.77065,-4.383518261e-29,71110.25086,-5.815887549e-29,46137.9754,4.081152555e-29,0.0002130067384,0.0004561286786,0.0004604318759,0.0006155083416,0.001512752178,0.001547789016,0.0008780163184,0.000816755513,0.0009363460827,0.001440782706,0.005316747732,0.9858057348
0.004825,0.9860683423,0.001478414721,0.003195713773,0.9968042862,0.5280883434,0.5191724619,0.5265075854,0.5216826516,0.5144147475,0.2754945273,0.2708432666,0.9776319572,3.057165617e-29,46138.44326,0.3347478186,-0.3768975233,-1.213233536e-29,3.959405223e-29,4.099898732e-06,2.413331494,1.982135678,0.0005391478628,0.01074238153,0.4783173484,3.641531521e-14,nan,5.990600268e-12,0.0004143785037,69201.17157,-4.345384657e-29,71113.47413,-5.767482601e-29,46138.44326,3.959405223e-29,0.0002102397077,0.0004497360411,0.0004526766526,0.0006046466507,0.001478414721,0.00152776513,0.0008639469069,0.0008031802576,0.0009179675268,0.001415036422,0.005208047675,0.9860683423
0.00485,0.9863215498,0.001445925857,0.003136276033,0.996863724,0.5280785908,0.5193010281,0.52650277,0.521590331,0.5144557836,0.275440687,0.2708623951,0.977641127,3.057195302e-29,46138.89126,0.3347413591,-0.3568217773,-1.161888161e-29,3.846163659e-29,4.09972332e-06,2.413847459,1.982345551,0.0005391478628,0.01079362694,0.478409669,3.685940442e-14,nan,5.707624604e-12,0.0003764400462,69205.50458,-4.299268192e-29,71116.65351,-5.714331731e-29,46138.89126,3.846163659e-29,0.0002075331326,0.0004434925567,0.0004451634761,0.0005941610101,0.001445925857,0.001508060802,0.000850189023,0.0007899295491,0.0009002022947,0.001390017032,0.005103775429,0.9863215498
0.004875,0.9865658879,0.00141514323,0.003079331043,0.996920669,0.5280689019,0.5194252609,0.5264982981,0.5214993256,0.5144934452,0.2753875762,0.2708799233,0.9776498074,3.057223733e-29,46139.32035,0.3347351723,-0.3377478468,-1.112945698e-29,3.74082568e-29,4.099547772e-06,2.414355858,1.98254803,0.0005391478628,0.01084486574,0.4785006744,3.685940442e-14,nan,5.437023072e-12,0.0003426457702,69209.76988,-4.245962908e-29,71119.78878,-5.656969811e-29,46139.32035,3.74082568e-29,0.000204885342,0.0004373928698,0.0004378795186,0.0005840300831,0.00141514323,0.001488671528,0.0008367337554,0.0007769931901,0.0008830164813,0.001365694829,0.005003671275,0.9865658879
0.0049,0.9868018491,0.001385938449,0.003024711904,0.9969752881,0.5280592736,0.5195454011,0.5264941504,0.5214095844,0.5145279421,0.2753351664,0.2708959517,0.9776580227,3.057250969e-29,46139.73139,0.3347292457,-0.3194439426,-1.065836094e-29,3.642838878e-29,4.099372193e-06,2.414857084,1.982743551,0.0005391478628,0.01089609806,0.4785904156,3.641531521e-14,nan,5.178480655e-12,0.000312479023,69213.96775,-4.186193454e-29,71122.87978,-5.595880364e-29,46139.73139,3.642838878e-29,0.0002022946686,0.0004314318288,0.0004308128807,0.0005742340765,0.001385938449,0.001469592605,0.0008235723876,0.0007643612373,0.0008663788007,0.001342041346,0.004907492593,0.9868018491
0.004925,0.9870298915,0.001358195329,0.002972266389,0.9970277336,0.5280497034,0.5196616722,0.5264903086,0.5213210597,0.514559469,0.275283431,0.2709105736,0.9776657947,3.057277061e-29,46140.12518,0.3347235678,-0.3020712304,-1.020956999e-29,3.551695414e-29,4.099196676e-06,2.415351505,1.982932517,0.0005391478628,0.01094732398,0.4786789403,3.641531521e-14,nan,4.931657951e-12,0.0002854943789,69218.09854,-4.120621388e-29,71125.92648,-5.531500871e-29,46140.12518,3.551695414e-29,0.0001997594579,0.0004256044841,0.0004239525075,0.0005647546104,0.001358195329,0.001450819167,0.0008106964155,0.0007520240223,0.0008502603404,0.001319029354,0.004815012816,0.9870298915
0.00495,0.9872504412,0.001331808405,0.002921855278,0.9970781447,0.5280401891,0.5197742818,0.5264867557,0.5212337063,0.5145882065,0.2752323449,0.2709238754,0.9776731437,3.057302059e-29,46140.50244,0.3347181282,-0.2856297102,-9.783084137e-30,3.466927537e-29,4.099021307e-06,2.415839467,1.983115301,0.0005391478628,0.01099854362,0.4787662937,3.663735981e-14,nan,4.6961972e-12,0.0002613070463,69222.16267,-4.049850835e-29,71128.9289,-5.464227432e-29,46140.50244,3.466927537e-29,0.0001972780749,0.0004199060846,0.0004172881132,0.0005555746001,0.001331808405,0.001432346226,0.0007980975604,0.0007399721652,0.0008346343415,0.001296632855,0.004726020396,0.9872504412
0.004975,0.9874638951,0.001306681683,0.002873350929,0.9971266491,0.5280307288,0.5198834234,0.5264834755,0.5211474817,0.5146143222,0.2751818846,0.2709359369,0.9776800883,3.057326006e-29,46140.86384,0.3347129172,-0.2701193819,-9.378903377e-30,3.38810369e-29,4.098846161e-06,2.416321295,1.983292252,0.0005391478628,0.01104975707,0.4788525183,3.685940442e-14,nan,4.471727494e-12,0.0002395839447,69226.16061,-3.974433599e-29,71131.88711,-5.39441889e-29,46140.86384,3.38810369e-29,0.0001948489102,0.0004143320725,0.0004108101141,0.0005466781491,0.001306681683,0.0014141687,0.0007857677768,0.0007281965829,0.000819476,0.001274827052,0.004640317828,0.9874638951
0.005,0.9876706234,0.00128272757,0.002826636056,0.9971733639,0.528021321,0.5199892771,0.5264804529,0.5210623456,0.5146379717,0.275132028,0.2709468324,0.9776866456,3.057348943e-29,46141.21001,0.334707926,-0.2555402456,-8.997027712e-30,3.314825112e-29,4.098671305e-06,2.416797291,1.983463693,0.0005391478628,0.01110096443,0.4789376544,3.685940442e-14,nan,4.257869238e-12,0.0002200361748,69230.09288,-3.894873781e-29,71134.80125,-5.322400477e-29,46141.21001,3.314825112e-29,0.000192470385,0.0004088780787,0.0004045095688,0.0005380504531,0.00128272757,0.001396281441,0.0007736992574,0.0007166884935,0.0008047622891,0.001253588317,0.004557720711,0.9876706234
