t_s,P_up,P_down,P_F2,P_F3,P_n0,P_target,P_n0_given_up,P_trapped,P_up_absolute,P_n0_absolute,P_target_absolute,nbar,mean_excitation_energy_J,mean_excitation_energy_hz,fractional_energy_reduction,cooling_rate_quanta_per_s,cooling_power_W,selection_cooling_power_W,T_equiv_K,photons_spin_pump,photons_repump,photons_raman_scatter,photons_lattice_scatter,overflow,trace_plus_overflow_minus_1,boundary_population,min_eigenvalue,raman_coherence_l1,mean_excitation_energy_x_hz,selection_cooling_power_x_W,mean_excitation_energy_y_hz,selection_cooling_power_y_W,mean_excitation_energy_z_hz,selection_cooling_power_z_W,"P|2,-2>","P|2,-1>","P|2,+0>","P|2,+1>","P|2,+2>","P|3,-3>","P|3,-2>","P|3,-1>","P|3,+0>","P|3,+1>","P|3,+2>","P|3,+3>"
0,0.1428571429,0,0,1,0.3279169252,0.04684527503,0.3279169252,1,0.1428571429,0.3279169252,0.04684527503,1.450416694,4.595498824e-29,69354.81695,0,476.5470989,1.22629787e-26,1.289988533e-26,1e-05,0,0,0,0,0,-2.220446049e-16,nan,0,0,76034.56526,3.186167513e-26,75931.53739,1.428555929e-26,69354.81695,1.289988533e-26,0,0,0,0,0,0.1428571429,0.1428571429,0.1428571429,0.1428571429,0.1428571429,0.1428571429,0.1428571429
2.5e-05,0.1559544304,0.009581567267,0.04981632298,0.950183677,0.3297392738,0.05112656162,0.3278301327,0.9754763045,0.1521298515,0.3216528483,0.0498727494,1.438915145,4.565999109e-29,68909.61016,0.006419262714,467.1973579,1.220253516e-26,1.442424079e-26,9.76499822e-06,0.1463986194,0.009752299515,0,8.491970556e-05,0.02452369549,-1.110223025e-16,nan,1.373012892e-07,0,75111.62236,2.921278328e-26,75460.45253,1.397180367e-26,68909.61016,1.442424079e-26,0.002611090157,0.01044582693,0.01361395258,0.01356388605,0.009581567267,0.1322441894,0.1280934327,0.1271765159,0.129275162,0.1343962295,0.1430437172,0.1559544304
5e-05,0.1705154084,0.01774901423,0.08626277911,0.9137372209,0.3315957199,0.05590629847,0.3278665489,0.9522784877,0.1623781552,0.3157714707,0.05323836536,1.427344357,4.535551543e-29,68450.09848,0.01304478204,455.2958234,1.203683905e-26,1.515999111e-26,9.537578877e-06,0.2763170264,0.03454980219,0,0.0001680054511,0.0477215123,-1.110223025e-16,nan,2.1527002e-07,0,74279.54048,2.681075086e-26,75011.30477,1.346172583e-26,68450.09848,1.515999111e-26,0.004863066594,0.01786393914,0.02254362351,0.02324313563,0.01774901423,0.1230952923,0.1161376325,0.1147290414,0.118324099,0.1273296573,0.14360609,0.1705154084
7.5e-05,0.186284054,0.02466649983,0.1127940261,0.8872059739,0.3334457378,0.06110387344,0.328014514,0.9304633759,0.1733304898,0.3102590468,0.05685491636,1.416008002,4.505301391e-29,67993.56615,0.01962734325,440.8424954,1.176589039e-26,1.536580812e-26,9.323112621e-06,0.3929862771,0.06926229248,0,0.0002493566311,0.06953662414,2.220446049e-16,nan,2.535517089e-07,0,73530.24719,2.462926922e-26,74588.26114,1.283507906e-26,67993.56615,1.536580812e-26,0.006753338446,0.0230280983,0.0282854371,0.03006065239,0.02466649983,0.1151315707,0.1062886826,0.1046711927,0.1092805981,0.1212721852,0.1442776906,0.186284054
0.0001,0.203035604,0.03048269101,0.131910293,0.868089707,0.3352617606,0.06664783242,0.3282568728,0.9100228828,0.1847670457,0.3050958739,0.06065105259,1.405095993,4.475974636e-29,67550.96965,0.02600896926,423.837374,1.138968918e-26,1.521878646e-26,9.124060616e-06,0.4987908283,0.1103115006,0,0.0003290760996,0.08997711718,0,nan,2.660533554e-07,0,72856.16325,2.264536261e-26,74193.34314,1.214554919e-26,67550.96965,1.521878646e-26,0.008300743707,0.02651851166,0.03184555476,0.03476279183,0.03048269101,0.1081335751,0.09804136384,0.09639543888,0.1016493226,0.1159514518,0.1448829509,0.203035604
0.000125,0.2205723139,0.03533147076,0.1454399984,0.8545600016,0.3370253348,0.07247469161,0.3285756509,0.8909110686,0.1965103158,0.3002596012,0.06456850494,1.394721275,4.448014528e-29,67128.99844,0.03209320713,404.2804591,1.09082354e-26,1.484084944e-26,8.941156466e-06,0.5955170623,0.1551950967,0,0.0004072657523,0.1090889314,0,nan,2.624374736e-07,0,72250.25921,2.08386129e-26,73827.16115,1.142914639e-26,67128.99844,1.484084944e-26,0.009535671299,0.02876959159,0.03390614331,0.03789712144,0.03533147076,0.1019276571,0.09102753217,0.08946195614,0.09508586518,0.1111748206,0.1453098566,0.2205723139
0.00015,0.2387201265,0.03933270014,0.1547330043,0.8452669957,0.3387244557,0.07852801434,0.3289543094,0.8730613063,0.2084173055,0.2957272158,0.06855977078,1.384944768,4.421673591e-29,66731.46361,0.03782510659,379.3358387,1.02173237e-26,1.431618803e-26,8.774144695e-06,0.6845248199,0.2021609464,0,0.0004840239566,0.1269386937,-1.110223025e-16,nan,2.492928882e-07,0,71706.07733,1.919076162e-26,73489.41075,1.070980289e-26,66731.46361,1.431618803e-26,0.01049361508,0.03010610279,0.03493327995,0.03986730634,0.03933270014,0.09637584857,0.08497616281,0.08355078724,0.08934698662,0.1068061815,0.1454909025,0.2387201265
0.000175,0.2573259198,0.0425931189,0.16079474,0.83920526,0.3403516981,0.08475765078,0.3293785984,0.8563970601,0.2203731612,0.2914761937,0.07258620295,1.375792411,4.397076171e-29,66360.24177,0.04317760924,353.9813152,9.499786697e-27,1.370297511e-26,8.622234675e-06,0.7668666297,0.2499829178,0,0.0005594441553,0.1436029399,0,nan,2.310217677e-07,0,71217.72781,1.768547742e-26,73179.20938,1.00031652e-26,66360.24177,1.370297511e-26,0.01121110554,0.03077052671,0.03524772685,0.04097226202,0.0425931189,0.09136817206,0.07968577137,0.07842801288,0.08425810718,0.1027495645,0.1453897122,0.2573259198
0.0002,0.2762551588,0.04520736502,0.1643804319,0.8356195681,0.3419028923,0.09111908706,0.3298366895,0.8408385428,0.2322859852,0.2874851298,0.07661644038,1.367266883,4.374261205e-29,66015.92053,0.04814224251,328.9334405,8.781954094e-27,1.304133479e-26,8.484375207e-06,0.8433711964,0.2978056785,0,0.0006336142045,0.1591614572,2.220446049e-16,nan,2.104952316e-07,0,70779.86695,1.630818774e-26,72895.32476,9.319189758e-27,66015.92053,1.304133479e-26,0.01172326865,0.03094373259,0.03507177041,0.04143429521,0.04520736502,0.08681670421,0.0750051379,0.07392168222,0.07969183749,0.09893749699,0.1449915505,0.2762551588
0.000225,0.2953898539,0.04725906042,0.1660619917,0.8339380083,0.3433761796,0.0975728755,0.3303189808,0.8263067242,0.2440826226,0.2837340462,0.08062512313,1.359355674,4.353211551e-29,65698.24122,0.05272273639,304.6533964,8.080925255e-27,1.235881588e-26,8.359417385e-06,0.9147023166,0.3450366189,0,0.0007066161663,0.1736932758,2.220446049e-16,nan,1.895286234e-07,0,70387.66419,1.504593037e-26,72636.32926,8.663931619e-27,65698.24122,1.235881588e-26,0.01206247785,0.03076054333,0.03456046697,0.04141944316,0.04725906042,0.08265094578,0.07081968957,0.06990461493,0.07555364902,0.09532270174,0.1442965533,0.2953898539
0.00025,0.314626766,0.04882190781,0.1662759272,0.8337240728,0.3447713351,0.1040841294,0.3308177835,0.8127256449,0.2557052413,0.2802045057,0.08459184116,1.35203666,4.333874132e-29,65406.4028,0.05693064052,281.4257058,7.407435887e-27,1.167417853e-26,8.246208496e-06,0.9814007932,0.3912701408,0,0.0007785263754,0.1872743551,2.220446049e-16,nan,1.692205737e-07,0,70036.76312,1.388720878e-26,72400.70337,8.040781873e-27,65406.4028,1.167417853e-26,0.01225772194,0.03032141823,0.03382263994,0.04105223932,0.04882190781,0.07881418667,0.06704179031,0.06628207614,0.07177220801,0.0918721679,0.1433148777,0.314626766
0.000275,0.3338758199,0.0499607549,0.1653579386,0.8346420614,0.3460892798,0.1106220717,0.3313269938,0.8000236553,0.2671085539,0.2768796107,0.08850027418,1.345281928,4.316173752e-29,65139.2704,0.06078231821,259.4132873,6.76785142e-27,1.10000286e-26,8.143643707e-06,1.043914509,0.4362343032,0,0.0008494156617,0.1999763447,0,nan,1.501915195e-07,0,69723.24009,1.282184838e-26,72186.9043,7.451325316e-27,65139.2704,1.10000286e-26,0.01233442646,0.02970119443,0.03293508913,0.04042647368,0.0499607549,0.07526064161,0.06360375817,0.06298292286,0.06829278317,0.08856291575,0.1420632199,0.3338758199
0.0003,0.3530586965,0.05073259546,0.1635680905,0.8364319095,0.3473317282,0.1171596312,0.3318417938,0.7881339815,0.2782575562,0.2737439378,0.09233748659,1.3390604,4.300022533e-29,64895.51779,0.06429689181,238.6959726,6.165553991e-27,1.034465853e-26,8.050692224e-06,1.102620198,0.4797529993,0,0.0009193496582,0.2118660185,0,nan,1.32749323e-07,0,69443.56305,1.184085556e-26,71993.41044,6.895935191e-27,64895.51779,1.034465853e-26,0.0123145485,0.02895561107,0.03195227304,0.03961306239,0.05073259546,0.07195318839,0.06045280512,0.0599532309,0.06507269794,0.08537897401,0.1405623167,0.3530586965
0.000325,0.3721075802,0.05118748975,0.1611092592,0.8388907408,0.3485009333,0.1236730785,0.332358396,0.7769948771,0.2891256835,0.2707834398,0.09609334841,1.333339616,4.285326333e-29,64673.72418,0.06749484723,219.2974483,5.601907676e-27,9.713338295e-27,7.966408227e-06,1.15783935,0.5217189863,0,0.0009883891469,0.2230051229,2.220446049e-16,nan,1.17002804e-07,0,69194.55213,1.093628268e-26,71818.74954,6.374185195e-27,64673.72418,9.713338295e-27,0.01221682441,0.02812616914,0.03091295203,0.03866582391,0.05118748975,0.06886158014,0.05754734338,0.05715169768,0.06207815508,0.08230922703,0.1388351573,0.3721075802
0.00035,0.3909640428,0.05136939607,0.1581407473,0.8418592527,0.3495995015,0.1301416994,0.3328738327,0.7665495289,0.2996933028,0.2679853332,0.09976005836,1.32808693,4.271989054e-29,64472.43927,0.07039709558,201.2040802,5.076929942e-27,9.109223444e-27,7.889932965e-06,1.209849949,0.5620745433,0,0.001056590414,0.2334504711,2.220446049e-16,nan,1.029385268e-07,0,68973.34288,1.010110206e-26,71661.51544,5.885134303e-27,64472.43927,9.109223444e-27,0.01205709175,0.02724374699,0.02984477796,0.03762573451,0.05136939607,0.06596103185,0.05485427046,0.05454631863,0.05928199176,0.07934588627,0.136905711,0.3909640428
0.000375,0.4095780463,0.05131691277,0.1547884001,0.8452115999,0.3506302583,0.1365474995,0.3333857875,0.7567458227,0.3099464756,0.2653379833,0.1033317498,1.323270297,4.259915499e-29,64290.22638,0.07302435209,184.3780425,4.58975815e-27,8.5339953e-27,7.82049191e-06,1.25889522,0.6007975241,0,0.001124005601,0.2432541773,2.220446049e-16,nan,9.047195854e-08,0,68777.35271,9.329090593e-27,71520.37743,5.427522968e-27,64290.22638,8.5339953e-27,0.01184863538,0.02633128855,0.02876748728,0.03652407611,0.05131691277,0.06323110275,0.05234696028,0.0521119781,0.05666207167,0.07648340996,0.1347980309,0.4095780463
0.0004,0.4279070497,0.05106393418,0.1511521776,0.8488478224,0.3515961508,0.1428749372,0.3338924592,0.7475360374,0.3198759403,0.2628307933,0.1068041644,1.318858778,4.249013217e-29,64125.69021,0.07539673486,168.766443,4.138972899e-27,7.988313196e-27,7.757389346e-06,1.305190216,0.6378912478,0,0.001190683032,0.2524639626,2.220446049e-16,nan,7.948094921e-08,0,68604.2506,8.614726121e-27,71394.08435,4.99990759e-27,64125.69021,7.988313196e-27,0.01160252797,0.0254058021,0.02769513856,0.03538477476,0.05106393418,0.06065481282,0.05000376708,0.04982869778,0.05420011838,0.07371774389,0.1325356328,0.4279070497
0.000425,0.445915209,0.05064022684,0.1473118593,0.8526881407,0.3525001772,0.1491106819,0.334392456,0.7388765089,0.3294762729,0.2604541003,0.1101743801,1.314822843,4.239193644e-29,63977.49417,0.07753351558,154.3076376,3.722821308e-27,7.472134407e-27,7.700001815e-06,1.348926836,0.6733771348,0,0.001256667533,0.2611234911,2.220446049e-16,nan,6.982714987e-08,0,68451.92994,7.953095664e-27,71281.46545,4.600752011e-27,63977.49417,7.472134407e-27,0.01132794775,0.02447984734,0.02663769145,0.03422614593,0.05064022684,0.05821794436,0.04780690399,0.04768035891,0.05188085762,0.07104579238,0.1301410744,0.445915209
0.00045,0.4635726569,0.05007193355,0.1433313746,0.8566686254,0.3533453362,0.1552433949,0.3348847103,0.7307272904,0.3387451915,0.2581990801,0.1134405853,1.311134544,4.230372771e-29,63844.37042,0.07945297493,140.9355655,3.339370288e-27,6.984940675e-27,7.647771259e-06,1.390277688,0.7072893203,0,0.001322000712,0.2692727096,2.220446049e-16,nan,6.136929929e-08,0,68318.48447,7.33981502e-27,71181.42899,4.228489125e-27,63844.37042,6.984940675e-27,0.01103246535,0.02356264313,0.0256021291,0.03306220347,0.05007193355,0.05590849004,0.04574159721,0.04565376627,0.04969137857,0.06846505339,0.1276356831,0.4635726569
0.000475,0.480854855,0.04938201332,0.1392621123,0.8607378877,0.3541345901,0.1612635295,0.3353684127,0.7230518235,0.3476829797,0.2560576612,0.116601889,1.307767593,4.222471478e-29,63725.12489,0.08117232958,128.5826959,2.98661084e-27,6.525898646e-27,7.600198322e-06,1.429399096,0.7396706995,0,0.001386721229,0.2769481765,4.440892099e-16,nan,5.397110008e-08,0,68202.18696,6.770959009e-27,71092.95954,3.881561762e-27,63725.12489,6.525898646e-27,0.01072229675,0.02266089411,0.02459326161,0.03190364651,0.04938201332,0.05371621655,0.04379544415,0.04373795932,0.04762065226,0.06597337059,0.1250393899,0.480854855
0.0005,0.4977420096,0.04859062484,0.135145469,0.864854531,0.3548708392,0.1671631496,0.3358429595,0.7158166282,0.356292007,0.2540224475,0.1196581621,1.304697375,4.215415651e-29,63618.63903,0.08270770756,117.181999,2.662528121e-27,6.093973419e-27,7.556836057e-06,1.466433476,0.7705700156,0,0.001450865035,0.2841833718,2.220446049e-16,nan,4.750555243e-08,0,68101.4704,6.243001336e-27,71015.11448,3.558449235e-27,63618.63903,6.093973419e-27,0.01040252254,0.02177940875,0.02361430546,0.03075860742,0.04859062484,0.05163231965,0.04195792321,0.04192370283,0.04565916415,0.06356876826,0.1223706433,0.4977420096
0.000525,0.5142185442,0.04771546093,0.1310148257,0.8689851743,0.3555569034,0.1729357643,0.3363079109,0.7089910162,0.3645763281,0.2520866502,0.1226099033,1.301900926,4.209136138e-29,63523.86925,0.08407415606,106.668234,2.365147584e-27,5.688008776e-27,7.517284175e-06,1.501511225,0.800039711,0,0.001514465595,0.2910089838,4.440892099e-16,nan,4.185701447e-08,0,68014.91137,5.752763008e-27,70947.02004,3.257683988e-27,63523.86925,5.688008776e-27,0.01007727582,0.02092156281,0.02266730411,0.02963322208,0.04771546093,0.04964915133,0.0402200171,0.04020310777,0.04379863063,0.06124934444,0.1196463788,0.5142185442
0.00055,0.5302726224,0.04677204027,0.126897092,0.873102908,0.3561955105,0.1785761771,0.3367629585,0.7025468288,0.3725413492,0.2502440263,0.1254581269,1.299356872,4.203568627e-29,63439.84491,0.08528567019,96.97876024,2.092564472e-27,5.306783679e-27,7.481183841e-06,1.53475225,0.8281343413,0,0.001577554085,0.2974531712,2.220446049e-16,nan,3.692184282e-08,0,67941.21545,5.297368238e-27,70887.86717,2.977861484e-27,63439.84491,5.306783679e-27,0.009749901543,0.0200896478,0.02175343552,0.02853206688,0.04677204027,0.04776000378,0.03857392175,0.03856934757,0.04203177801,0.05901320486,0.1168820296,0.5302726224
0.000575,0.5458957173,0.04577396245,0.1228139214,0.8771860786,0.3567892875,0.1840803479,0.337207899,0.6964581991,0.3801935481,0.2484888246,0.1282042676,1.297045366,4.198653443e-29,63365.66543,0.08635523502,88.05401601,1.842961733e-27,4.949051846e-27,7.448213033e-06,1.566267216,0.8549094058,0,0.001640159577,0.3035418009,4.440892099e-16,nan,3.260818028e-08,0,67879.20424,4.874206817e-27,70836.90741,2.71764546e-27,63365.66543,4.949051846e-27,0.009423090888,0.01928513388,0.02087323843,0.02745849578,0.04577396245,0.04595893833,0.03701281973,0.03701644417,0.04035216857,0.0568584249,0.1140915656,0.5458957173
0.0006,0.5610822216,0.04473313113,0.1187826752,0.8812173248,0.3573407565,0.1894452677,0.3376426136,0.6907013368,0.3875402405,0.2468157382,0.1308500997,1.294948005,4.194335326e-29,63300.49684,0.08729487543,79.83776947,1.614619961e-27,4.613569231e-27,7.418082425e-06,1.596158574,0.8804204871,0,0.001702309201,0.3092986632,4.440892099e-16,nan,2.883526198e-08,0,67827.80398,4.480902038e-27,70793.44885,2.475770079e-27,63300.49684,4.613569231e-27,0.009098993804,0.01850886885,0.02002677987,0.02641490158,0.04473313113,0.04424064967,0.03553070306,0.03553910549,0.03875406244,0.05478303066,0.1112875519,0.5610822216
0.000625,0.5758290949,0.04365994999,0.1148171921,0.8851828079,0.3578523315,0.1946688439,0.3380670509,0.6852543352,0.3945893836,0.2452198615,0.1333976692,1.293047749,4.190563182e-29,63243.56801,0.08811571005,72.27721255,1.405921862e-27,4.299112868e-27,7.390531743e-06,1.624521429,0.9047226222,0,0.001764028302,0.3147456648,4.440892099e-16,nan,2.553247881e-08,0,67786.03541,4.115283334e-27,70756.85217,2.251040004e-27,63243.56801,4.299112868e-27,0.008779313026,0.01776122938,0.01921378001,0.02540291971,0.04365994999,0.042600358,0.0341222336,0.03413260097,0.03723230697,0.05278499278,0.1084812207,0.5758290949
0.00065,0.5901355454,0.04256349479,0.110928407,0.889071593,0.3583263183,0.1997497961,0.3384812144,0.6800969973,0.4013494125,0.2436966532,0.1358492365,1.291328833,4.187289823e-29,63194.16681,0.08882800669,65.32294982,1.215353031e-27,4.004493527e-27,7.365326555e-06,1.651444262,0.9278698472,0,0.001825340569,0.3199030027,4.440892099e-16,nan,2.263834794e-08,0,67753.00481,3.775362911e-27,70726.527,2.042329126e-27,63194.16681,4.004493527e-27,0.008465382322,0.01704223631,0.01843370556,0.02442358798,0.04256349479,0.04103372312,0.03278263238,0.03279266544,0.03578224758,0.05086222835,0.1056825507,0.5901355454
0.000675,0.6040027424,0.04145166517,0.1071248523,0.8928751477,0.3587649148,0.2046875604,0.3388851507,0.6752106799,0.4078291024,0.242241902,0.1382072268,1.289776682,4.184471721e-29,63151.63628,0.08944123767,58.92891793,1.041500261e-27,3.728563959e-27,7.342255441e-06,1.677009556,0.9499148722,0,0.001886268168,0.3247893201,4.440892099e-16,nan,2.009948128e-08,0,67727.89598,3.459315752e-27,70701.92834,1.84857842e-27,63151.63628,3.728563959e-27,0.008158231497,0.0163516429,0.0176858402,0.0234774725,0.04145166517,0.03953677591,0.0315075914,0.03151542418,0.03439965527,0.04901260791,0.1029003506,0.6040027424
0.0007,0.6174335563,0.04033131858,0.1034130667,0.8965869333,0.3591702124,0.2094822037,0.339278942,0.6705781536,0.4140374542,0.2408516979,0.1404741894,1.288377835,4.182068753e-29,63115.37092,0.0899641338,53.05226083,8.830482767e-28,3.470223976e-27,7.321127503e-06,1.701294328,0.9709088555,0,0.001946831847,0.3294218464,4.440892099e-16,nan,1.786960407e-08,0,67709.96311,3.165462444e-27,70682.55333,1.668793298e-27,63115.37092,3.470223976e-27,0.007858640313,0.01568900265,0.01696933768,0.02256476744,0.04033131858,0.03810586339,0.03029320279,0.03029733399,0.03308066739,0.04723396524,0.1001423443,0.6174335563
0.000725,0.6304323249,0.03920838875,0.09979793003,0.90020207,0.3595441988,0.2141343444,0.339662698,0.6661834777,0.4199835986,0.2395224048,0.1426527622,1.287119861,4.180043964e-29,63084.81301,0.09040473641,47.65317837,7.387754696e-28,3.228423287e-27,7.301770168e-06,1.7243706,0.9909012513,0,0.002007051048,0.3338165223,4.440892099e-16,nan,1.590865102e-08,0,67698.52444,2.892254388e-27,70667.93811,1.502040661e-27,63084.81301,3.228423287e-27,0.007567183181,0.01505372155,0.01628326219,0.02168537436,0.03920838875,0.03673760464,0.02913590154,0.02913513634,0.0318217389,0.04552410847,0.09741525519,0.6304323249
0.00075,0.6430046431,0.03808799076,0.09628294018,0.9037170598,0.3598887603,0.2186450811,0.340036551,0.6620118865,0.4256767168,0.2382506372,0.1447456426,1.285991289,4.178363342e-29,63059.44922,0.09077044688,42.69476053,6.075490871e-28,3.002162738e-27,7.284027257e-06,1.746305804,1.009939714,0,0.002066943998,0.3379881135,4.440892099e-16,nan,1.418195158e-08,0,67692.95649,2.638261004e-27,70657.65496,1.34744582e-27,63059.44922,3.002162738e-27,0.007284266169,0.0144450985,0.01562661907,0.02083896569,0.03808799076,0.03542885518,0.02803241899,0.02802581982,0.03061960204,0.04388083148,0.09472488924,0.6430046431
0.000775,0.6551571736,0.03697451424,0.09287044223,0.9071295578,0.3602056851,0.2230159283,0.3404006508,0.6580496887,0.4311259742,0.237033239,0.1467555622,1.284981535,4.176995599e-29,63038.80738,0.09106807356,38.14281544,4.883201399e-28,2.790494427e-27,7.267757273e-06,1.767163147,1.028070047,0,0.002126527796,0.3419503113,4.440892099e-16,nan,1.265950651e-08,0,67692.68894,2.402158601e-27,70651.30964,1.204189386e-27,63038.80738,2.790494427e-27,0.007010157658,0.01386235661,0.01499837817,0.02002503555,0.03697451424,0.03417667809,0.02697974465,0.02696658963,0.02947123279,0.04230192507,0.09207621393,0.6551571736
0.0008,0.6668974778,0.03587170625,0.08956181996,0.91043818,0.3604966667,0.2272487576,0.3407551613,0.6542841758,0.4363404666,0.2358672645,0.1486852661,1.284080836,4.17591197e-29,63022.45336,0.09130387584,33.96569718,3.801182381e-28,2.592521031e-27,7.25283189e-06,1.787001929,1.045336179,0,0.002185818495,0.3457158242,4.440892099e-16,nan,1.131535235e-08,0,67697.20002,2.182720671e-27,70648.53888,1.071504202e-27,63022.45336,2.592521031e-27,0.006745013725,0.01330466755,0.01439749171,0.01924294072,0.03587170625,0.03297832041,0.02597509473,0.02595484272,0.02837382275,0.04078518727,0.0894734344,0.6668974778
0.000825,0.6782338636,0.03478274503,0.08635765615,0.9136423439,0.3607633075,0.2313457451,0.3411002569,0.6507035394,0.4413291756,0.2347499611,0.1505374952,1.283280194,4.175086022e-29,63009.98824,0.09148360549,30.13413678,2.820464852e-28,2.407394599e-27,7.239134618e-06,1.805877835,1.06178017,0,0.002244831173,0.3492964606,2.220446049e-16,nan,1.012700724e-08,0,67706.01227,1.978809351e-27,70649.00807,9.486723466e-28,63009.98824,2.407394599e-27,0.006488899163,0.01277117047,0.01382290782,0.01849193367,0.03478274503,0.0318311938,0.02501588603,0.0249881471,0.02732475551,0.03932843279,0.08692006501,0.6782338636
0.00085,0.6891752507,0.03371030566,0.08325786738,0.9167421326,0.3610071222,0.2353093239,0.3414361205,0.6472967973,0.4461009326,0.233678754,0.1523149717,1.282571312,4.17449348e-29,63001.04564,0.09161254527,26.62107916,1.932765157e-28,2.23431498e-27,7.226559615e-06,1.823843192,1.077442232,0,0.00230358,0.3527032027,4.440892099e-16,nan,9.074990419e-09,0,67718.6888,1.7893679e-27,70652.40912,8.350222497e-28,63001.04564,2.23431498e-27,0.006241804898,0.01226098672,0.01327358086,0.01777118925,0.03371030566,0.0307328585,0.02409971409,0.02406422463,0.02632158662,0.03792950137,0.08441899672,0.6891752507
0.000875,0.6997310495,0.03265661866,0.0802618179,0.9197381821,0.361229542,0.2391421412,0.3417629407,0.6440537264,0.4506643899,0.2326512326,0.1540203872,1.281946543,4.174112055e-29,62995.28922,0.0916955449,23.40152732,1.130437324e-28,2.07252802e-27,7.215010634e-06,1.840947206,1.092360765,0,0.002362078304,0.3559462736,6.661338148e-16,nan,8.142407137e-09,0,67734.82982,1.61341402e-27,70658.45845,7.299259285e-28,62995.28922,2.07252802e-27,0.006003662419,0.01177323125,0.01274847923,0.01707982634,0.03265661866,0.02968100988,0.02322433467,0.02318093651,0.0253620266,0.03658626504,0.08197255989,0.6997310495
0.0009,0.7099110546,0.03162352219,0.07736841597,0.922631584,0.3614319176,0.2428470203,0.342080911,0.6409648012,0.455027998,0.2316651372,0.1556563921,1.281398841,4.173921298e-29,62992.41033,0.09173705445,20.45239459,4.064277477e-29,1.921323616e-27,7.20440008e-06,1.857236176,1.1065724,0,0.002420338623,0.3590351988,6.661338148e-16,nan,7.314591083e-09,0,67754.06953,1.450033897e-27,70666.89518,6.327963525e-28,62992.41033,1.921323616e-27,0.005774355738,0.01130702152,0.01224659116,0.01641692535,0.03162352219,0.02867346723,0.02238764818,0.02233627084,0.02444392628,0.03529663429,0.07958258263,0.7099110546
0.000925,0.7197253496,0.03061250863,0.07457619573,0.9254238043,0.3616155235,0.2464269262,0.3423902275,0.6380211392,0.4591999875,0.2307183483,0.1572255882,1.280921717,4.173902452e-29,62992.12591,0.09174115543,17.75236554,-2.457676409e-29,1.780033699e-27,7.19464818e-06,1.872753687,1.120112053,0,0.002478372762,0.3619788608,4.440892099e-16,nan,6.578796899e-09,0,67776.07327,1.298376864e-27,70677.47936,5.430849414e-28,62992.12591,1.780033699e-27,0.005553731296,0.01086148434,0.01176692905,0.01578154241,0.03061250863,0.02770816409,0.02158768626,0.02152833203,0.02356526431,0.03405856325,0.0772504447,0.7197253496
0.00095,0.729184224,0.02962476617,0.0718833868,0.9281166132,0.3617815613,0.2498849351,0.342691088,0.6352144508,0.4631883564,0.2298088757,0.1587305218,1.28050919,4.174038322e-29,62994.17645,0.09171158953,15.28176539,-8.321436688e-29,1.648030193e-27,7.185682228e-06,1.88754079,1.133012977,0,0.002536191838,0.3647855492,6.661338148e-16,nan,5.923936045e-09,0,67800.53495,1.157650595e-27,70689.99045,4.602791932e-28,62994.17645,1.648030193e-27,0.005341606184,0.01043576106,0.01130853253,0.01517272086,0.02962476617,0.02678314001,0.02082260021,0.02075533153,0.02272413627,0.03287005392,0.07497712723,0.729184224
0.000975,0.7382980993,0.02866121591,0.06928797359,0.9307120264,0.361931163,0.2532242075,0.3429836914,0.632536993,0.4670008597,0.2289348495,0.1601736788,1.280155756,4.174313152e-29,62998.32416,0.09165178531,13.02243794,-1.358223677e-28,1.52472298e-27,7.177435921e-06,1.901636167,1.145306829,0,0.002593806328,0.367463007,4.440892099e-16,nan,5.340350035e-09,0,67827.17467,1.027116755e-27,70704.2258,3.839004422e-28,62998.32416,1.52472298e-27,0.005137774942,0.01002901157,0.01087047066,0.01458950051,0.02866121591,0.02589653334,0.02009065104,0.02001557976,0.02191874515,0.03172915957,0.07276325821,0.7382980993
0.001,0.747077465,0.02772254494,0.06678774587,0.9332122541,0.3620653951,0.2564479638,0.3432682363,0.6299815287,0.4706450034,0.2280945111,0.1615574803,1.279856344,4.174712512e-29,63004.35126,0.09156488287,10.95763174,-1.829094804e-28,1.409557902e-27,7.169848759e-06,1.915076285,1.157023723,0,0.002651226109,0.3700184713,4.440892099e-16,nan,4.819615784e-09,0,67855.73655,9.060870508e-28,70719.99929,3.135017411e-28,63004.35126,1.409557902e-27,0.004942015192,0.009640417274,0.01045184338,0.01403092508,0.02772254494,0.02504657493,0.01939020062,0.01930747898,0.02114739311,0.03063398732,0.07060915422,0.747077465
0.001025,0.755532822,0.02680923589,0.06438034194,0.9356196581,0.3621852612,0.2595594634,0.3435449207,0.6275412883,0.4741280405,0.2272862054,0.1628842801,1.279606287,4.175223192e-29,63012.0584,0.09145375665,9.071894091,-2.249440881e-28,1.302014811e-27,7.162865502e-06,1.927895529,1.168192298,0,0.002708460496,0.3724587117,4.440892099e-16,nan,4.354378485e-09,0,67885.98679,7.939196331e-28,70737.14012,2.486658632e-28,63012.0584,1.302014811e-27,0.004754092302,0.009269183203,0.01005178237,0.01349604818,0.02680923589,0.02423158254,0.01871970408,0.01862951695,0.02040847411,0.02958270005,0.06851485835,0.755532822
0.00105,0.7636746346,0.02592159319,0.06206328544,0.9379367146,0.3622917056,0.2625619859,0.3438139412,0.6252099353,0.4774569689,0.2265083738,0.1641563622,1.279401288,4.175833107e-29,63021.26318,0.09132103657,7.350972614,-2.623573046e-28,1.201605682e-27,7.156435692e-06,1.940126339,1.178839778,0,0.002765518282,0.3747900647,4.440892099e-16,nan,3.938208062e-09,0,67917.7118,6.900158004e-28,70755.49156,1.890034201e-28,63021.26318,1.201605682e-27,0.004573763228,0.00891453955,0.009669451467,0.01298393801,0.02592159319,0.02344995578,0.01807770288,0.0179802613,0.01970046742,0.0285735178,0.06648017476,0.7636746346
0.001075,0.7715132882,0.02505976657,0.05983401678,0.9401659832,0.3623856167,0.2654588148,0.3440754927,0.6229815343,0.480638532,0.2257595475,0.1653759397,1.279237393,4.176531206e-29,63031.7988,0.09116912747,5.781723811,-2.955458202e-28,1.107872798e-27,7.150513214e-06,1.951799326,1.188992033,0,0.002822407766,0.3770184657,4.440892099e-16,nan,3.565475789e-09,0,67950.71663,5.938169775e-28,70774.90994,1.341510884e-28,63031.7988,1.107872798e-27,0.004400779686,0.008575742655,0.009304046746,0.01249368112,0.02505976657,0.02270017155,0.01746281879,0.01735835435,0.01902193183,0.0276047185,0.06450469999,0.7715132882
0.0011,0.7790590532,0.02422377194,0.05768991982,0.9423100802,0.3624678292,0.2682532231,0.344329768,0.6208505225,0.4836792202,0.2250383412,0.1665451537,1.279110963,4.177307387e-29,63043.51285,0.09100022718,4.352028345,-3.248745427e-28,1.020387005e-27,7.145055901e-06,1.962943386,1.198673642,0,0.002879136785,0.3791494775,8.881784197e-16,nan,3.231248176e-09,0,67984.82335,5.048019358e-28,70795.2636,8.376994092e-29,63043.51285,1.020387005e-27,0.004234890759,0.008252075593,0.0089547963,0.01202438523,0.02422377194,0.02198077995,0.01687374839,0.01676250854,0.01837150048,0.0266746384,0.06258785121,0.7790590532
0.001125,0.7863220546,0.02341350991,0.05562834466,0.9443716553,0.362539128,0.2709484612,0.3445769575,0.6188116826,0.4865852737,0.2243434478,0.1676660732,1.279018652,4.178152426e-29,63056.2661,0.09081634303,3.050712522,-3.506790471e-28,9.387460492e-28,7.140025186e-06,1.973585801,1.207907948,0,0.002935712745,0.3811883174,8.881784197e-16,nan,2.9311956e-09,0,68019.86974,4.224842281e-28,70816.432,3.754387763e-29,63056.2661,9.387460492e-28,0.004075845027,0.007942848424,0.008620959825,0.01157518147,0.02341350991,0.0212904004,0.01630925818,0.01619150222,0.01774787609,0.02578167202,0.06072889181,0.7863220546
0.00115,0.7933122464,0.02262878233,0.05364662685,0.9463533731,0.3626002499,0.2735477461,0.3448172486,0.6168601187,0.4893626865,0.2236736332,0.1687406951,1.27895738,4.179057903e-29,63069.93148,0.0906193073,1.867475599,-3.732678456e-28,8.625729888e-28,7.135385776e-06,1.983752341,1.216717121,0,0.002992142648,0.3831398813,6.661338148e-16,nan,2.661513575e-09,0,68055.70797,3.464098189e-28,70838.30481,-4.821850095e-30,63069.93148,8.625729888e-28,0.00392339231,0.007647398193,0.008301828036,0.01114522598,0.02262878233,0.0206277181,0.01576818004,0.01564417572,0.01714982679,0.02492427177,0.05892695428,0.7933122464
0.001175,0.8000393899,0.02186930695,0.05174210373,0.9482578963,0.3626518872,0.2760542524,0.3450508261,0.6149912335,0.4920172113,0.2230277315,0.1697709452,1.278924314,4.180016139e-29,63084.39307,0.09041079129,0.7928225311,-3.929244898e-28,7.915146844e-28,7.131105362e-06,1.99346735,1.225122207,0,0.003048433111,0.3850087665,8.881784197e-16,nan,2.418854837e-09,0,68092.20343,2.761548905e-28,70860.78117,-4.360202556e-29,63084.39307,7.915146844e-28,0.003777285072,0.00736508871,0.007996721957,0.01073370105,0.02186930695,0.01999148078,0.01524940724,0.01511942786,0.0165761822,0.02410094742,0.05718106089,0.8000393899
0.0012,0.8065130359,0.0211347304,0.0499121281,0.9500878719,0.3626946895,0.2784711044,0.3452778715,0.6132007082,0.4945543648,0.2224046405,0.1707586784,1.278916852,4.181020131e-29,63099.54522,0.09019231835,-0.1819982408,-4.099095162e-28,7.252403668e-28,7.12715436e-06,2.002753831,1.233143189,0,0.003104590399,0.3867992918,6.661338148e-16,nan,2.20027069e-09,0,68129.23366,2.113238075e-28,70883.76894,-7.905276867e-29,63099.54522,7.252403668e-28,0.003637279552,0.007095310179,0.007704992121,0.01033981585,0.0211347304,0.01938049559,0.01475189066,0.01461621264,0.01602582987,0.02331026515,0.05549014207,0.8065130359
0.001225,0.8127425111,0.0204246397,0.04815407968,0.9518459203,0.3627292666,0.2808013697,0.3454985631,0.6114844826,0.4969794338,0.2218033179,0.1717056803,1.278932599,4.182063504e-29,63115.2917,0.08996527599,-1.065052296,-4.244622455e-28,6.634402797e-28,7.123505669e-06,2.011633526,1.240799034,0,0.003160620436,0.3885155174,8.881784197e-16,nan,2.003160297e-09,0,68166.68734,1.515472281e-28,70907.18397,-1.114127579e-28,63115.2917,6.634402797e-28,0.003503136667,0.006837478693,0.007426017702,0.009962806914,0.0204246397,0.0187936262,0.01427463537,0.01413353619,0.01549771203,0.02255084662,0.05385305287,0.8127425111
0.00125,0.818736906,0.01973857243,0.04646537464,0.9535346254,0.3627561905,0.2830480539,0.3457130756,0.6098387382,0.4992974817,0.2212227775,0.1726136681,1.278969355,4.183140455e-29,63131.54494,0.08973092686,-1.863772385,-4.36802447e-28,6.058243943e-28,7.120134459e-06,2.020126991,1.248107745,0,0.003216528833,0.3901612618,6.661338148e-16,nan,1.825226793e-09,0,68204.46339,9.648034791e-29,70930.94955,-1.409043769e-28,63131.54494,6.058243943e-28,0.003374622713,0.006591035631,0.007159205596,0.009601938266,0.01973857243,0.01822979005,0.01381669748,0.01367045393,0.01499082257,0.02182136768,0.05226858766,0.818736906
0.001275,0.824505067,0.01907602572,0.04484347348,0.9551565265,0.3627759976,0.2852140961,0.3459215807,0.6082598821,0.5015133548,0.2206620855,0.1734842925,1.279025099,4.184245708e-29,63148.22532,0.08949041905,-2.58500753,-4.47131876e-28,5.521211963e-28,7.117017971e-06,2.028253663,1.255086408,0,0.003272320904,0.3917401179,6.661338148e-16,nan,1.664439257e-09,0,68242.47015,4.580126522e-29,70954.99577,-1.677347897e-28,63148.22532,5.521211963e-28,0.003251509911,0.006355446981,0.006903989481,0.009256501386,0.01907602572,0.01768795582,0.01337718121,0.01322606795,0.01450420425,0.02112055718,0.05073549309,0.824505067
0.0013,0.8300555898,0.01843646414,0.0432858874,0.9567141126,0.362789191,0.2873023654,0.3461242463,0.6067445311,0.5036316896,0.2201203576,0.174319139,1.279097973,4.185374471e-29,63165.2605,0.08924479544,-3.235068383,-4.556356947e-28,5.020765392e-28,7.114135338e-06,2.036031925,1.261751239,0,0.003328001682,0.3932554689,6.661338148e-16,nan,1.518999717e-09,0,68280.62456,-7.905401824e-31,70979.25901,-1.920969486e-28,63165.2605,5.020765392e-28,0.00313357681,0.006130202611,0.006659828847,0.008925814985,0.01843646414,0.01716714092,0.01295523617,0.01279952452,0.01403694609,0.02044719547,0.04925247964,0.8300555898
0.001325,0.8353968151,0.01781932668,0.04179018344,0.9582098166,0.3627962421,0.289315658,0.3463212366,0.6052894988,0.5056569195,0.2195967556,0.1751197296,1.279186271,4.186522395e-29,63182.58485,0.08899500239,-3.8197691,-4.624837844e-28,4.554525636e-28,7.111467429e-06,2.043479169,1.268117626,0,0.003383575938,0.3947105012,8.881784197e-16,nan,1.387314499e-09,0,68318.8515,-4.357562519e-29,71003.68142,-2.141705388e-28,63182.58485,4.554525636e-28,0.003020608587,0.005914815499,0.006426208032,0.008609224644,0.01781932668,0.0166664092,0.01255005484,0.01239001177,0.01358818091,0.01980011299,0.04781823175,0.8353968151
0.00135,0.8405368264,0.01722403283,0.04035398858,0.9596460114,0.3627975928,0.2912566956,0.3465127124,0.6038917824,0.5075932822,0.219090485,0.175887525,1.279288428,4.187685537e-29,63200.13888,0.08874189772,-4.34446601,-4.678319567e-28,4.120266787e-28,7.108996695e-06,2.05061185,1.274200171,0,0.003439048196,0.3961082176,6.661338148e-16,nan,1.267969313e-09,0,68357.08311,-8.281590535e-29,71028.2105,-2.34122863e-28,63200.13888,4.120266787e-28,0.002912397236,0.005708820939,0.006202635249,0.00830610233,0.01722403283,0.01618486871,0.01216087019,0.0119967575,0.01315708315,0.01917818875,0.04643141676,0.8405368264
0.001375,0.8454834487,0.01664998791,0.03897499281,0.9610250072,0.3627936571,0.2931281232,0.3466988309,0.6025485506,0.5094448266,0.2186007923,0.1766239258,1.279403005,4.188860329e-29,63217.86872,0.08848625806,-4.814093302,-4.718230717e-28,3.715906033e-28,7.106707034e-06,2.057445542,1.280012735,0,0.003494422746,0.3974514494,8.881784197e-16,nan,1.15970756e-09,0,68395.2582,-1.18755888e-28,71052.79863,-2.521096695e-28,63217.86872,3.715906033e-28,0.002808741698,0.005511775728,0.005988641633,0.008015845832,0.01664998791,0.01572166963,0.01178695352,0.01161902716,0.01274286664,0.01858034876,0.04509069278,0.8454834487
0.0014,0.8502442495,0.01609658778,0.03765095145,0.9623490485,0.3627848228,0.294932509,0.3468797457,0.6012571329,0.5112154197,0.2181269624,0.1773302748,1.279528683,4.190043543e-29,63235.72568,0.08822878558,-5.233195957,-4.745880697e-28,3.339494633e-28,7.104583674e-06,2.063994985,1.285568466,0,0.003549703659,0.3987428671,8.881784197e-16,nan,1.061411435e-09,0,68433.32169,-1.516238227e-28,71077.40269,-2.682759272e-28,63235.72568,3.339494633e-28,0.002709447909,0.005323257353,0.005783780292,0.007737878121,0.01609658778,0.01527600224,0.01142761233,0.0112561219,0.01234478266,0.01800556446,0.04379471545,0.8502442495
0.001425,0.8548265399,0.01556322279,0.03637968681,0.9636203132,0.3627714529,0.2966723432,0.3470556065,0.6000150091,0.5129087541,0.2176683166,0.1780078587,1.279664252,4.191232267e-29,63253.66578,0.08797011426,-5.60596014,-4.762469231e-28,2.989209436e-28,7.102613057e-06,2.070274137,1.290879846,0,0.003604894798,0.3999849909,8.881784197e-16,nan,9.72085431e-10,0,68471.22411,-1.816327755e-28,71101.98372,-2.827565512e-28,63253.66578,2.989209436e-28,0.002614328802,0.005142863178,0.005587625379,0.00747164666,0.01556322279,0.014847095,0.01108218844,0.01090737674,0.01196211806,0.01745285114,0.04254214393,0.8548265399
0.00145,0.8592373773,0.01504928139,0.03515908915,0.9648409109,0.3627538875,0.2983500385,0.3472265597,0.5988198001,0.5145283545,0.2172242104,0.1786579104,1.279808603,4.192423874e-29,63271.64939,0.08771081558,-5.936241233,-4.769095137e-28,2.663344901e-28,7.100782738e-06,2.076296214,1.295958719,0,0.00365999983,0.4011801999,8.881784197e-16,nan,8.908419332e-10,0,68508.92113,-2.089816312e-28,71126.50656,-2.956770806e-28,63271.64939,2.663344901e-28,0.002523204264,0.004970209629,0.005399771191,0.007216622674,0.01504928139,0.01443421276,0.01075005613,0.01057215887,0.01159419345,0.01692126637,0.04133164599,0.8592373773
0.001475,0.8634835689,0.01455415308,0.03398711722,0.9660128828,0.3627324447,0.2999679298,0.347392748,0.5976692587,0.5160775845,0.2167940313,0.1792816103,1.279960717,4.193616e-29,63289.64085,0.08745140382,-6.227589704,-4.766764424e-28,2.360305616e-28,7.09908129e-06,2.082073733,1.300816325,0,0.003715022239,0.4023307413,8.881784197e-16,nan,8.168886215e-10,0,68546.37312,-2.338560296e-28,71150.93957,-3.071543126e-28,63289.64085,2.360305616e-28,0.002435901056,0.004804931406,0.005219831288,0.006972300392,0.01455415308,0.01403665499,0.01043062045,0.01024986601,0.01124036154,0.01640990846,0.04016190244,0.8634835689
0.0015,0.8675716758,0.01407723103,0.03286179834,0.9671382017,0.3627074224,0.3015282756,0.3475543105,0.5965612617,0.5175596535,0.2163771975,0.1798800885,1.280119664,4.194806524e-29,63307.60811,0.08719234084,-6.483274951,-4.756397749e-28,2.078599259e-28,7.097498222e-06,2.087618553,1.305463332,0,0.003769965336,0.4034387383,8.881784197e-16,nan,7.495174397e-10,0,68583.54477,-2.564292399e-28,71175.25428,-3.172968953e-28,63307.60811,2.078599259e-28,0.002352252704,0.004646680694,0.005047437632,0.006738196277,0.01407723103,0.01365375414,0.0101233156,0.009939924859,0.01090000556,0.01591791486,0.03903161087,0.8675716758
0.001525,0.8715080176,0.0136179143,0.03178122807,0.9682187719,0.3626790992,0.303033258,0.3477113829,0.595493802,0.5189776229,0.2159731557,0.1804544269,1.28028459,4.195993542e-29,63325.52248,0.08693404062,-6.706307307,-4.738837297e-28,1.816830005e-28,7.096023899e-06,2.092941908,1.309909867,0,0.003824832265,0.404506198,1.110223025e-15,nan,6.880949287e-10,0,68620.40473,-2.76862977e-28,71199.42523,-3.262058811e-28,63325.52248,1.816830005e-28,0.002272099365,0.004495126404,0.004882239766,0.006513848235,0.0136179143,0.01328487407,0.009827603398,0.009641789654,0.01057253776,0.01544446068,0.03793948882,0.8715080176
0.00155,0.8752986775,0.0131756097,0.03074356965,0.9692564304,0.3626477358,0.3044849843,0.3478640973,0.5944649817,0.5203344124,0.2155813796,0.1810056606,1.280454713,4.197175354e-29,63343.35827,0.08667687329,-6.899458324,-4.714853114e-28,1.573692337e-28,7.094649472e-06,2.098054446,1.314165539,0,0.003879626017,0.4055350183,1.110223025e-15,nan,6.320537433e-10,0,68656.92524,-2.953081643e-28,71223.42962,-3.339752436e-28,63343.35827,1.573692337e-28,0.002195287677,0.004349953427,0.004723904008,0.006298814837,0.0131756097,0.01292940851,0.009542971863,0.009354940787,0.01025739798,0.0149887572,0.03688427647,0.8752986775
0.001575,0.8789495084,0.01274973338,0.0297470531,0.9702529469,0.3626135759,0.3058854882,0.3480125824,0.5934730054,0.5216328063,0.2152013687,0.18153478,1.280629319,4.198350444e-29,63361.0926,0.08642116891,-7.065279477,-4.685148942e-28,1.347965242e-28,7.093366813e-06,2.10296626,1.318239474,0,0.003934349437,0.4065269946,1.110223025e-15,nan,5.808852014e-10,0,68693.08185,-3.119056464e-28,71247.24717,-3.40692361e-28,63361.0926,1.347965242e-28,0.002121670594,0.004210861913,0.004572112685,0.006092674528,0.01274973338,0.01258677965,0.00926893385,0.009078883489,0.009954052306,0.01455005039,0.0358647388,0.8789495084
0.0016,0.8824661379,0.01233971215,0.02878997416,0.9712100258,0.3625768475,0.3072367309,0.3481569634,0.5925161737,0.5228754595,0.2148326464,0.1820427322,1.280807754,4.199517461e-29,63378.70512,0.08616722094,-7.206119407,-4.650367601e-28,1.138506776e-28,7.092168454e-06,2.107686917,1.322140331,0,0.003989005229,0.4074838263,8.881784197e-16,nan,5.341327307e-10,0,68728.85315,-3.267868538e-28,71270.85985,-3.464384665e-28,63378.70512,1.138506776e-28,0.002051107206,0.004077566573,0.004426563383,0.005895024856,0.01233971215,0.01225643677,0.009005025771,0.008813146595,0.009661991795,0.01412761953,0.03487966747,0.8824661379
0.001625,0.8858539751,0.01194498452,0.02787069303,0.972129307,0.3625377636,0.308540603,0.3482973624,0.591592878,0.5240649027,0.214474759,0.1825304233,1.280989421,4.200675212e-29,63396.17778,0.08591528941,-7.324139824,-4.611095933e-28,9.442489594e-29,7.091047534e-06,2.112225488,1.325876333,0,0.004043595969,0.408407122,1.110223025e-15,nan,4.913860998e-10,0,68764.22046,-3.400744256e-28,71294.25173,-3.512890689e-28,63396.17778,9.442489594e-29,0.001983462558,0.003949796,0.004286968242,0.00570548171,0.01194498452,0.01193785492,0.008750806386,0.008557281364,0.009380731256,0.01372077576,0.03392788216,0.8858539751
0.00165,0.8891182167,0.01156500163,0.02698763293,0.9730123671,0.3624965235,0.309798926,0.348433898,0.5907015947,0.5252035484,0.2141272745,0.1829987196,1.281173775,4.201822642e-29,63413.49468,0.08566560384,-7.421330161,-4.567869371e-28,7.641930124e-29,7.089997748e-06,2.116590578,1.329455289,0,0.004098124108,0.4092984053,8.881784197e-16,nan,4.522763338e-10,0,68799.16765,-3.518827894e-28,71317.4088,-3.553143455e-28,63413.49468,7.641930124e-29,0.001918607459,0.003827292021,0.00415305326,0.005523678562,0.01156500163,0.01163053368,0.008505855664,0.008310860361,0.009109808102,0.01332886083,0.03300823176,0.8891182167
0.001675,0.8922638531,0.0111992279,0.02613927865,0.9738607214,0.3624533132,0.3110134539,0.3485666856,0.5898408801,0.5262936964,0.2137897813,0.1834484494,1.281360318,4.202958823e-29,63430.64182,0.08541836593,-7.499521085,-4.521176128e-28,5.974048778e-29,7.089013304e-06,2.120790348,1.332884612,0,0.00415259198,0.4101591199,8.881784197e-16,nan,4.164712282e-10,0,68833.68087,-3.623187039e-28,71340.31877,-3.585795079e-28,63430.64182,5.974048778e-29,0.001856418289,0.003709809073,0.004024557644,0.00534926574,0.0111992279,0.01133399597,0.008269773692,0.008073476401,0.008848781254,0.0129512457,0.03211959522,0.8922638531
0.0017,0.8952956754,0.01084714159,0.02532417488,0.9746758251,0.3624083066,0.3121858752,0.3486958374,0.5890093661,0.5273375382,0.2134618869,0.1838804045,1.281548596,4.204082946e-29,63447.60697,0.085173752,-7.560396948,-4.471461064e-28,4.43011037e-29,7.088088876e-06,2.124832539,1.336171342,0,0.004207001808,0.4109906339,1.33226763e-15,nan,3.836713859e-10,0,68867.74838,-3.714817662e-28,71362.97099,-3.611451438e-28,63447.60697,4.43011037e-29,0.001796776805,0.003597113594,0.003901233174,0.005181909713,0.01084714159,0.01104778696,0.00804217966,0.007844741542,0.008597230097,0.01258732939,0.03126088208,0.8952956754
0.001725,0.8982182814,0.01050823517,0.02454092456,0.9754590754,0.3623616661,0.3133178146,0.3488214625,0.5882057554,0.5283371628,0.2131432176,0.1842953418,1.281738196,4.205194307e-29,63464.37951,0.08493191528,-7.605507271,-4.419129244e-28,3.001945911e-29,7.087219572e-06,2.128724498,1.339322166,0,0.004261355713,0.4117942446,1.110223025e-15,nan,3.536067139e-10,0,68901.36032,-3.794648844e-28,71385.35623,-3.630675354e-28,63464.37951,3.001945911e-29,0.001739569944,0.003488983451,0.003782843601,0.005021292392,0.01050823517,0.01077147291,0.007822710884,0.00762428613,0.008354753499,0.01223653768,0.03043103292,0.8982182814
0.00175,0.9010360824,0.01018201561,0.02378818716,0.9762118128,0.3623135433,0.3144108347,0.348943667,0.5874288177,0.5292945606,0.2128334164,0.1846939849,1.281928743,4.206292297e-29,63480.95027,0.08469298796,-7.636277321,-4.36454921e-28,1.681915932e-29,7.086400895e-06,2.132473199,1.342343435,0,0.004315655712,0.4125711823,1.33226763e-15,nan,3.260333213e-10,0,68934.50862,-3.863547203e-28,71407.46662,-3.643989564e-28,63480.95027,1.681915932e-29,0.001684689632,0.003385207387,0.003669164074,0.004867110461,0.01018201561,0.01050464024,0.007611021895,0.007411757891,0.008120968863,0.01189832198,0.02962901953,0.9010360824
0.001775,0.9037533095,0.009868004563,0.02306467694,0.9769353231,0.3622640798,0.3154664384,0.349062554,0.5866773856,0.5302116288,0.2125321432,0.1850770253,1.282119893,4.207376397e-29,63497.31141,0.08445708311,-7.654017861,-4.308055989e-28,4.628761675e-30,7.085628711e-06,2.136085261,1.345241182,0,0.004369903732,0.4133226144,1.110223025e-15,nan,3.007307708e-10,0,68967.18674,-3.922321023e-28,71429.29551,-3.651879485e-28,63497.31141,4.628761675e-30,0.001632032592,0.003285584485,0.003559980583,0.004719074719,0.009868004563,0.0102468945,0.007406783564,0.007206821077,0.007895511239,0.01157215819,0.02885384495,0.9037533095
0.0018,0.9063740201,0.009565738413,0.02236916113,0.9776308389,0.3622134078,0.3164860701,0.3491782234,0.585950351,0.5310901751,0.2122390734,0.1854451238,1.282311337,4.208446168e-29,63513.45629,0.08422429641,-7.659934144,-4.249953869e-28,-6.618545543e-30,7.084899219e-06,2.139566966,1.34802114,0,0.004424101609,0.414049649,1.33226763e-15,nan,2.774996402e-10,0,68999.3896,-3.97172411e-28,71450.83735,-3.6547958e-28,63513.45629,-6.618545543e-30,0.001581500155,0.00318992367,0.003455089437,0.004576909454,0.009565738413,0.009997859438,0.007209682279,0.007009155642,0.007678032468,0.01125754564,0.02810454334,0.9063740201
0.001825,0.9089021039,0.009274768296,0.02170045818,0.9782995418,0.3621616505,0.3174711181,0.3492907726,0.5852466618,0.5319319222,0.211953897,0.1857989121,1.282502793,4.209501243e-29,63529.37937,0.08399470778,-7.655134191,-4.190518943e-28,-1.698524348e-29,7.084208927e-06,2.142924284,1.350688754,0,0.004478251096,0.4147533382,1.554312234e-15,nan,2.561593571e-10,0,69031.11343,-4.0124594e-28,71472.08759,-3.653156855e-28,63529.37937,-1.698524348e-29,0.001532998073,0.003098043216,0.003354296757,0.004440351836,0.009274768296,0.009757176151,0.00701941917,0.006818456471,0.007468200381,0.010954006,0.02738017978,0.9089021039
0.00185,0.9113412895,0.008994660023,0.02105743599,0.978942564,0.362108923,0.3184229162,0.3494002959,0.5845653191,0.5327385117,0.2116763181,0.1861389936,1.282694007,4.210541319e-29,63545.07609,0.08376838282,-7.640636428,-4.130001455e-28,-2.652976367e-29,7.083554624e-06,2.146162881,1.353249201,0,0.004532353865,0.4154346809,1.33226763e-15,nan,2.365462738e-10,0,69062.35561,-4.045182319e-28,71493.04263,-3.647350907e-28,63545.07609,-2.652976367e-29,0.001486436342,0.003009770291,0.003257418002,0.004309151327,0.008994660023,0.009524502219,0.006835709363,0.006634432643,0.007265698023,0.01066108233,0.02667984993,0.9113412895
0.001875,0.9136951504,0.008724993955,0.02043901012,0.9795609899,0.3620553325,0.3193427458,0.3495068849,0.5839053734,0.5335115079,0.2114060541,0.1864659452,1.282884746,4.211566155e-29,63560.54282,0.08354537417,-7.617376723,-4.068627956e-28,-3.530675075e-29,7.082933358e-06,2.149288142,1.355707399,0,0.004586411514,0.4160946266,1.110223025e-15,nan,2.18511954e-10,0,69093.11462,-4.070503933e-28,71513.69968,-3.637738205e-28,63560.54282,-3.530675075e-29,0.001441729026,0.002924940511,0.003164277506,0.004183069122,0.008724993955,0.009299510911,0.006658281282,0.006456806729,0.007070222924,0.01037833808,0.02600267958,0.9136951504
0.0019,0.9159671105,0.008465364829,0.01984414209,0.9801558579,0.3620009791,0.3202318374,0.3496106287,0.5832659224,0.5342524016,0.211142835,0.186780318,1.283074804,4.212575563e-29,63575.7767,0.08332572274,-7.586214871,-4.006603285e-28,-4.336730823e-29,7.082342416e-06,2.152305183,1.358068022,0,0.004640425566,0.4167340776,1.554312234e-15,nan,2.019216466e-10,0,69123.3899,-4.08899388e-28,71534.05673,-3.624652938e-28,63575.7767,-4.336730823e-29,0.001398794081,0.002843397525,0.003074708048,0.004061877606,0.008465364829,0.009081890429,0.006486875984,0.006285314134,0.006881486406,0.01010535619,0.02534782422,0.9159671105
0.001925,0.9181604507,0.008215381539,0.01927183761,0.9807281624,0.3619459559,0.3210913726,0.3497116135,0.5826461085,0.5349626136,0.2108864027,0.1870826387,1.283263992,4.213569403e-29,63590.77564,0.08310945886,-7.547940574,-3.944112393e-28,-5.075922824e-29,7.081779305e-06,2.155218865,1.360335516,0,0.004694397478,0.4173538915,1.110223025e-15,nan,1.86652924e-10,0,69153.18173,-4.101183114e-28,71554.11244,-3.608405045e-28,63590.77564,-5.075922824e-29,0.001357553192,0.002764992609,0.002988550433,0.003945359836,0.008215381539,0.008871343179,0.006321246533,0.00611970246,0.006699212918,0.009841738182,0.02471446844,0.9181604507
0.00195,0.9202783136,0.007974666889,0.01872114493,0.9812788551,0.3618903499,0.3219224861,0.3498099231,0.5820451158,0.5356434976,0.2106365106,0.1873734107,1.283452143,4.214547581e-29,63605.5382,0.08289660328,-7.503278947,-3.881322017e-28,-5.752720635e-29,7.08124173e-06,2.158033809,1.362514107,0,0.004748328643,0.4179548842,1.33226763e-15,nan,1.725944674e-10,0,69182.49122,-4.107566467e-28,71573.8661,-3.589281902e-28,63605.5382,-5.752720635e-29,0.001317931612,0.002689584287,0.002905653099,0.003833309042,0.007974666889,0.008667585089,0.006161157394,0.005959730912,0.006523139407,0.009587103354,0.02410182531,0.9202783136
0.001975,0.9223237098,0.007742857309,0.01819115317,0.9818088468,0.3618342418,0.3227262668,0.3499056387,0.5814621684,0.5362963443,0.2103929228,0.1876531149,1.283639104,4.21551004e-29,63620.06354,0.08268716816,-7.452895597,-3.818382221e-28,-6.371304246e-29,7.080727585e-06,2.160754409,1.364607812,0,0.004802220391,0.4185378316,1.33226763e-15,nan,1.596449802e-10,0,69211.32014,-4.108605041e-28,71593.31756,-3.567549896e-28,63620.06354,-6.371304246e-29,0.001279858006,0.002617037969,0.002825871737,0.003725528153,0.007742857309,0.008470344951,0.006006383878,0.00580516973,0.006353014721,0.009341087928,0.02350913578,0.9223237098
0.002,0.9242995229,0.007519602559,0.01768099074,0.9823190093,0.3617777071,0.3235037601,0.3499988392,0.5808965276,0.5369223833,0.2101554138,0.1879222109,1.283824741,4.216456759e-29,63634.35134,0.0824811579,-7.397401305,-3.755427811e-28,-6.935582858e-29,7.080234932e-06,2.163384841,1.366620452,0,0.004856073994,0.4191034724,1.554312234e-15,nan,1.477122171e-10,0,69239.67091,-4.104728441e-28,71612.46718,-3.543455882e-28,63634.35134,-6.935582858e-29,0.0012432643,0.002547225605,0.002749068941,0.003621829336,0.007519602559,0.008279363801,0.005856711597,0.005655799643,0.006188599036,0.0091033443,0.02293566798,0.9242995229
0.002025,0.9262085145,0.0073045654,0.01718982372,0.9828101763,0.3617208158,0.3242559693,0.350089601,0.5803474904,0.537522787,0.2099237677,0.188181138,1.284008933,4.217387752e-29,63648.40179,0.08227856995,-7.337356339,-3.692579637e-28,-7.449212442e-29,7.07976199e-06,2.165929077,1.368555663,0,0.004909890669,0.4196525096,1.33226763e-15,nan,1.367121134e-10,0,69267.54654,-4.096336866e-28,71631.31579,-3.517228554e-28,63648.40179,-7.449212442e-29,0.001208085537,0.002480025357,0.002675113857,0.003522033565,0.0073045654,0.008094394326,0.005711935957,0.005511411364,0.006029663318,0.008873540287,0.02238071651,0.9262085145
0.00205,0.9280533296,0.007097421266,0.01671685435,0.9832831456,0.3616636331,0.3249838572,0.3501779982,0.5798143874,0.5380986728,0.2096977779,0.1884303161,1.284191572,4.218303058e-29,63662.2155,0.08207939555,-7.273274431,-3.629945788e-28,-7.915612146e-29,7.079307124e-06,2.168390898,1.370416902,0,0.00496367158,0.4201856126,1.554312234e-15,nan,1.265680056e-10,0,69294.95048,-4.083803052e-28,71649.8646,-3.489079707e-28,63662.2155,-7.915612146e-29,0.001174259736,0.002415321284,0.002603881869,0.003425970199,0.007097421266,0.007915200308,0.005571861678,0.0053718051,0.005875988807,0.008651358425,0.02184360174,0.9280533296
0.002075,0.929836501,0.006897857913,0.01626131959,0.9837386804,0.3616062197,0.3256883477,0.3502641027,0.579296581,0.538651106,0.2094772467,0.1886701463,1.284372564,4.219202742e-29,63675.79345,0.08188362038,-7.205626443,-3.567622689e-28,-8.337979642e-29,7.078868829e-06,2.170773898,1.372207457,0,0.005017417842,0.420703419,1.554312234e-15,nan,1.172099316e-10,0,69321.88669,-4.0674741e-28,71668.11522,-3.45920542e-28,63675.79345,-8.337979642e-29,0.001141727761,0.00235300305,0.002535254282,0.003333476585,0.006897857913,0.007741556082,0.005436302331,0.005236790089,0.005727366523,0.008436495288,0.02132366905,0.929836501
0.0021,0.9315604545,0.006705575072,0.01582248961,0.9841775104,0.3615486319,0.3263703274,0.3503479841,0.5787934635,0.539181102,0.2092619849,0.1889010122,1.284551824,4.220086894e-29,63689.13698,0.08169122515,-7.134843746,-3.50569611e-28,-8.719305468e-29,7.078445724e-06,2.173081499,1.373930461,0,0.005071130522,0.4212065365,1.554312234e-15,nan,1.085740019e-10,0,69348.35949,-4.047673167e-28,71686.06957,-3.427787159e-28,63689.13698,-8.719305468e-29,0.001110433188,0.002292965638,0.002469118038,0.003244397678,0.006705575072,0.007573246036,0.005305079908,0.005106184162,0.005583596806,0.008228660842,0.0208202881,0.9315604545
0.002125,0.9332275129,0.006520284085,0.01539966646,0.9846003335,0.3614909221,0.3270306468,0.3504297101,0.5783044559,0.5396896291,0.209051811,0.1891232802,1.28472928,4.220955623e-29,63702.24775,0.08150218619,-7.061321333,-3.444242093e-28,-9.062386437e-29,7.078036538e-06,2.175316956,1.375588891,0,0.00512481064,0.4216955441,1.554312234e-15,nan,1.006018352e-10,0,69374.37356,-4.024701064e-28,71703.72988,-3.394992796e-28,63702.24775,-9.062386437e-29,0.001080322186,0.002235109086,0.002405365428,0.003158585677,0.006520284085,0.007410064126,0.005178024408,0.004979813329,0.005444488866,0.00802757783,0.02033285211,0.9332275129
0.00215,0.9348399005,0.006341707544,0.01499218268,0.9850078173,0.3614331389,0.327670122,0.3505093459,0.577829006,0.5401776105,0.2088465514,0.1893373009,1.284904868,4.221809054e-29,63715.12765,0.08131647594,-6.985420694,-3.383327805e-28,-9.369838168e-29,7.077640104e-06,2.17748337,1.377185582,0,0.005178459176,0.422170994,1.33226763e-15,nan,9.324004961e-11,0,69399.93387,-3.998837729e-28,71721.09861,-3.360977567e-28,63715.12765,-9.369838168e-29,0.001051343393,0.002179338227,0.002343893836,0.003075899676,0.006341707544,0.007251813414,0.005054973448,0.004857511377,0.005309860369,0.007832981176,0.01986077708,0.9348399005
0.002175,0.9363997474,0.006169578937,0.01459940002,0.9854006,0.3613753274,0.3282895362,0.3505869551,0.5773665874,0.5406459266,0.2086460395,0.1895434092,1.285078532,4.222647331e-29,63727.77884,0.08113406339,-6.907472459,-3.323012314e-28,-9.644106806e-29,7.077255352e-06,2.179583691,1.378723236,0,0.005232077067,0.4226334126,1.776356839e-15,nan,8.643980481e-11,0,69425.04567,-3.970343622e-28,71738.17848,-3.325884954e-28,63727.77884,-9.644106806e-29,0.001023447808,0.002125562455,0.002284605482,0.002996205338,0.006169578937,0.00709830564,0.004935771887,0.004739119499,0.005179537029,0.007644617431,0.01940350106,0.9363997474
0.0022,0.9379090937,0.006003642281,0.01422070821,0.9857792918,0.3613175295,0.3288896404,0.350662599,0.5769166976,0.541095417,0.2084501159,0.1897419252,1.285250225,4.223470609e-29,63740.20367,0.08095491453,-6.827778844,-3.263347311e-28,-9.887479973e-29,7.076881296e-06,2.181620731,1.380204421,0,0.005285665212,0.4230833024,1.776356839e-15,nan,8.015638939e-11,0,69449.71444,-3.93946101e-28,71754.9724,-3.289847519e-28,63740.20367,-9.887479973e-29,0.000996588678,0.00207369549,0.002227407186,0.002919374578,0.006003642281,0.006949360803,0.00482027148,0.004624485937,0.005053352228,0.007462244228,0.01896048345,0.9379090937
0.002225,0.9393698927,0.005843651767,0.01385552372,0.9861444763,0.3612597839,0.3294711555,0.3507363373,0.5764788575,0.5415268825,0.2082586275,0.1899331553,1.285419907,4.224279057e-29,63752.4047,0.08077899274,-6.746615894,-3.204377768e-28,-1.010209701e-28,7.076517032e-06,2.183597167,1.381631586,0,0.005339224472,0.4235211425,1.554312234e-15,nan,7.434884831e-11,0,69473.94585,-3.906415182e-28,71771.48347,-3.252987664e-28,63752.4047,-1.010209701e-28,0.0009707213951,0.002023655163,0.002172210141,0.002845285258,0.005843651767,0.006804806768,0.004708330542,0.004513465641,0.004931146658,0.007285629775,0.01853120423,0.9393698927
0.00225,0.9407840153,0.00568937141,0.01350328862,0.9864967114,0.3612021265,0.330034773,0.3508082277,0.5760526095,0.541941087,0.2080714275,0.1901173922,1.285587544,4.225072855e-29,63764.38461,0.0806062591,-6.664235566,-3.146142538e-28,-1.028995855e-28,7.076161731e-06,2.185515549,1.383007061,0,0.005392755675,0.4239473905,1.33226763e-15,nan,6.897964651e-11,0,69497.74575,-3.871415573e-28,71787.71492,-3.215418353e-28,63764.38461,-1.028995855e-28,0.0009458033975,0.001975363209,0.002118929694,0.002773820909,0.00568937141,0.006664478893,0.00459981363,0.004405919947,0.004812767968,0.007114552364,0.01811516328,0.9407840153
0.002275,0.9421532534,0.005540574696,0.01316346944,0.9868365306,0.3611445905,0.3305811563,0.3508783259,0.5756375167,0.5423387591,0.2078883753,0.1902949159,1.285753109,4.225852189e-29,63776.14624,0.08043667273,-6.580867631,-3.088674913e-28,-1.045293546e-28,7.07581463e-06,2.187378309,1.384333068,0,0.005446259612,0.4243624833,1.554312234e-15,nan,6.401436494e-11,0,69521.1201,-3.834656822e-28,71803.67013,-3.177243777e-28,63776.14624,-1.045293546e-28,0.0009217940734,0.00192874507,0.002067485145,0.002704870452,0.005540574696,0.006528219676,0.004494591241,0.004301716275,0.004698070444,0.006948799907,0.01771187965,0.9421532534
0.0023,0.943479323,0.005397044247,0.01283555612,0.9871644439,0.3610872067,0.3311109419,0.3509466862,0.575233162,0.5427205942,0.2077093357,0.1904659941,1.285916579,4.226617255e-29,63787.69254,0.08027019109,-6.496721449,-3.032003134e-28,-1.059277723e-28,7.07547503e-06,2.189187762,1.385611722,0,0.005499737046,0.424766838,1.554312234e-15,nan,5.942142543e-11,0,69544.07501,-3.796319755e-28,71819.3526,-3.138559972e-28,63787.69254,-1.059277723e-28,0.0008986546705,0.001883729714,0.002017799551,0.002638327941,0.005397044247,0.006395878415,0.004392539531,0.004200727832,0.004586914691,0.00678816949,0.01732089092,0.943479323
0.002325,0.944763868,0.005258571478,0.01251906099,0.987480939,0.3610300034,0.3316247407,0.351013361,0.5748391466,0.5430872556,0.2075341791,0.1906308829,1.286077939,4.227368255e-29,63799.02656,0.08010677023,-6.411987586,-2.976150853e-28,-1.071111976e-28,7.075142289e-06,2.190946116,1.386845039,0,0.005553188706,0.4251608534,1.776356839e-15,nan,5.517184168e-11,0,69566.61667,-3.756572303e-28,71834.76591,-3.099455399e-28,63799.02656,-1.071111976e-28,0.0008763482086,0.00184024945,0.001969799541,0.002574092315,0.005258571478,0.006267310886,0.004293540041,0.004102833342,0.004479167339,0.006632466953,0.01694175249,0.944763868
0.00235,0.9460084628,0.005124956276,0.01221351775,0.9877864823,0.3609730068,0.3321231386,0.3510784011,0.5744550897,0.5434393764,0.207362781,0.1907898274,1.286237174,4.228105397e-29,63810.15144,0.07994636502,-6.326839316,-2.921137564e-28,-1.080949271e-28,7.074815817e-06,2.192655478,1.38803494,0,0.005606615293,0.4255449103,1.776356839e-15,nan,5.123899361e-11,0,69588.75134,-3.715570364e-28,71849.91374,-3.060011479e-28,63810.15144,-1.080949271e-28,0.0008548393968,0.001798239771,0.001923415143,0.002512067164,0.005124956276,0.006142379042,0.00419747944,0.004007916782,0.00437470076,0.006481506482,0.01657403695,0.9460084628
0.002375,0.9472146159,0.004996006679,0.01191848053,0.9880815195,0.360916241,0.3326066979,0.3511418556,0.5740806272,0.5437775608,0.207195022,0.1909430617,1.286394277,4.228828892e-29,63821.07036,0.07978892937,-6.241434007,-2.866978991e-28,-1.088932633e-28,7.074495075e-06,2.194317855,1.389183258,0,0.005660017482,0.4259193728,1.776356839e-15,nan,4.75984227e-11,0,69610.48533,-3.673458605e-28,71864.79981,-3.020303095e-28,63821.07036,-1.088932633e-28,0.0008340945541,0.001757639185,0.001878579612,0.002452160503,0.004996006679,0.006020950721,0.004104249281,0.003915867133,0.004273392798,0.006335110229,0.01621733341,0.9472146159
0.0024,0.9483837723,0.00487153856,0.01163352301,0.988366477,0.3608597283,0.3330759584,0.3512037722,0.5737154109,0.5441023856,0.2070307873,0.1910908103,1.286549244,4.229538956e-29,63831.78657,0.07963441645,-6.155914388,-2.813687455e-28,-1.095195784e-28,7.074179568e-06,2.195935162,1.390291739,0,0.00571339592,0.4262845891,1.776356839e-15,nan,4.422764624e-11,0,69631.82499,-3.630371211e-28,71879.42793,-2.980399057e-28,63831.78657,-1.095195784e-28,0.0008140815341,0.001718389072,0.001835229279,0.002394284563,0.00487153856,0.00590289937,0.004013745768,0.003826578141,0.004175126517,0.006193107942,0.01587124693,0.9483837723
0.002425,0.9495173166,0.004751375332,0.0113582375,0.9886417625,0.360803489,0.3335314378,0.351264197,0.5733591078,0.5444144015,0.2068699665,0.1912332876,1.286702072,4.230235807e-29,63842.30338,0.07948277881,-6.070409734,-2.761272194e-28,-1.099863741e-28,7.073868841e-06,2.197509227,1.391362047,0,0.005766751228,0.4266408922,1.776356839e-15,nan,4.110598865e-11,0,69652.77669,-3.586432583e-28,71893.80192,-2.940362532e-28,63842.30338,-1.099863741e-28,0.0007947696525,0.001680433541,0.001793303394,0.002338355582,0.004751375332,0.005788103783,0.00392586954,0.003739948098,0.004079789955,0.006055336618,0.01553539786,0.9495173166
0.00245,0.9506165755,0.004635347645,0.01109223416,0.9889077658,0.3607475418,0.3339736332,0.3513231747,0.5730113993,0.5447141341,0.2067124537,0.1913706989,1.286852764,4.230919664e-29,63852.62408,0.07933396862,-5.98503694,-2.70973967e-28,-1.10305338e-28,7.073562478e-06,2.199041792,1.39239577,0,0.005820084004,0.4269886007,1.776356839e-15,nan,3.821442815e-11,0,69673.34682,-3.541757997e-28,71907.92564,-2.900251453e-28,63852.62408,-1.10305338e-28,0.0007761296184,0.001643719288,0.001752743987,0.002284293619,0.004635347645,0.005676447858,0.003840525457,0.003655879623,0.003987275894,0.005921640171,0.0152094213,0.9506165755
0.002475,0.9516828204,0.004523293107,0.01083514015,0.9891648599,0.360691904,0.3344030217,0.3513807484,0.5726719805,0.5450020855,0.206558147,0.1915032407,1.287001325,4.231590749e-29,63862.75203,0.07918793771,-5.899901528,-2.659093846e-28,-1.104873953e-28,7.073260098e-06,2.200534522,1.393394424,0,0.005873394824,0.4273280195,1.776356839e-15,nan,3.553545725e-11,0,69693.54176,-3.496454213e-28,71921.80297,-2.860118888e-28,63862.75203,-1.104873953e-28,0.0007581334687,0.001608195475,0.001713495733,0.002232022365,0.004523293107,0.005567820349,0.003757622402,0.003574279464,0.00389748164,0.005791869112,0.01489296653,0.9516828204
0.0025,0.9527172695,0.004415056005,0.01058659891,0.9894134011,0.3606365913,0.3348200611,0.3514369601,0.5723405596,0.5452787352,0.2064069485,0.1916311011,1.287147761,4.232249283e-29,63872.69056,0.07904463782,-5.815098564,-2.609336435e-28,-1.105427579e-28,7.072961353e-06,2.201989006,1.394359452,0,0.00592668424,0.4276594404,1.998401444e-15,nan,3.305295584e-11,0,69713.36786,-3.450620043e-28,71935.43781,-2.820013395e-28,63872.69056,-1.105427579e-28,0.0007407545058,0.001573813604,0.001675505821,0.002181468974,0.004415056005,0.005462114653,0.003677073096,0.003495058298,0.003810308815,0.005665880251,0.01458569644,0.9527172695
0.002525,0.953721091,0.004310487039,0.0103462694,0.9896537306,0.3605816181,0.335225191,0.3514918504,0.5720168571,0.545544541,0.2062587639,0.1917544602,1.287292083,4.23289549e-29,63882.44305,0.0789040206,-5.730713509,-2.560467131e-28,-1.104809704e-28,7.072665922e-06,2.20340676,1.395292235,0,0.005979952785,0.4279831429,1.998401444e-15,nan,3.075207551e-11,0,69732.83147,-3.404346889e-28,71948.83405,-2.77997934e-28,63882.44305,-1.104809704e-28,0.0007239672377,0.001540527403,0.001638723834,0.00213256389,0.004310487039,0.005359228589,0.003598793915,0.003418130559,0.003725663158,0.005543536406,0.01428728699,0.953721091
0.00255,0.9546954042,0.004209443059,0.01011382542,0.9898861746,0.3605269973,0.3356188335,0.3515454584,0.5717006053,0.5457999405,0.2061135026,0.1918734903,1.287434301,4.23352959e-29,63892.01282,0.07876603779,-5.646823004,-2.512483826e-28,-1.103109527e-28,7.072373513e-06,2.204789232,1.396194088,0,0.006033200971,0.4282993947,1.776356839e-15,nan,2.861913418e-11,0,69751.93887,-3.357719237e-28,71961.99558,-2.740057208e-28,63892.01282,-1.103109527e-28,0.0007077473212,0.001508292715,0.001603101632,0.002085240696,0.004209443059,0.005259064196,0.003522704724,0.003343414251,0.003643454331,0.005424706133,0.01399742674,0.9546954042
0.002575,0.9556412825,0.004111786822,0.00988895493,0.9901110451,0.360472741,0.3360013937,0.3515978222,0.571391548,0.5460453517,0.2059710775,0.1919883565,1.287574428,4.234151804e-29,63901.40322,0.07863064129,-5.563495588,-2.465382796e-28,-1.100410401e-28,7.07208386e-06,2.206137806,1.397066267,0,0.006086429291,0.428608452,1.998401444e-15,nan,2.66415199e-11,0,69770.69634,-3.310815126e-28,71974.92629,-2.700283875e-28,63901.40322,-1.100410401e-28,0.0006920715084,0.001477067397,0.001568593241,0.002039435962,0.004111786822,0.005161527542,0.003448728708,0.003270830793,0.003563595748,0.005309263459,0.01371581632,0.9556412825
0.0026,0.956559755,0.004017386745,0.009671359405,0.9903286406,0.3604188598,0.3363732607,0.3516489785,0.5710894393,0.5462811741,0.2058314046,0.1920992168,1.28771248,4.234762353e-29,63910.61756,0.07849778324,-5.480792369,-2.419158885e-28,-1.096790207e-28,7.071796716e-06,2.207453804,1.397909972,0,0.00613963822,0.4289105607,1.776356839e-15,nan,2.480760319e-11,0,69789.11008,-3.26370658e-28,71987.63003,-2.660692877e-28,63910.61756,-1.096790207e-28,0.0006769175941,0.001446811215,0.001535154751,0.001995089099,0.004017386745,0.005066528536,0.003376792227,0.003200304856,0.003486004396,0.005197087641,0.01344216797,0.956559755
0.002625,0.9574518084,0.003926116677,0.009460753248,0.9905392468,0.3603653636,0.3367348082,0.351698963,0.5707940437,0.5465077893,0.2056944031,0.1922062228,1.287848473,4.235361455e-29,63919.65915,0.07836741609,-5.398767637,-2.373805658e-28,-1.092321703e-28,7.071511861e-06,2.208738489,1.398726347,0,0.006192828215,0.4292059563,1.998401444e-15,nan,2.310665685e-11,0,69807.18625,-3.216460016e-28,72000.11067,-2.62131465e-28,63919.65915,-1.092321703e-28,0.0006622643679,0.00141748576,0.001502744213,0.001952142229,0.003926116677,0.004973980756,0.003306824664,0.003131764215,0.003410600674,0.005088062923,0.01317620507,0.9574518084
0.00265,0.9583183894,0.003837855671,0.009256863188,0.9907431368,0.360312261,0.3370863949,0.3517478102,0.5705051353,0.5467255624,0.2055599952,0.1923095194,1.287982424,4.235949327e-29,63928.53126,0.07823949268,-5.317469427,-2.329315556e-28,-1.087072856e-28,7.071229088e-06,2.209993068,1.399516486,0,0.006245999716,0.4294948647,1.998401444e-15,nan,2.152878275e-11,0,69824.93094,-3.169136623e-28,72012.372,-2.58217676e-28,63928.53126,-1.087072856e-28,0.0006480915666,0.001389054351,0.001471321549,0.001910540051,0.003837855671,0.004883801284,0.003238758287,0.003065139609,0.00333730824,0.004982078313,0.0129176617,0.9583183894
0.002675,0.9591604056,0.003752487771,0.009059427733,0.9909405723,0.36025956,0.3374283657,0.3517955534,0.5702224977,0.5469348422,0.2054281061,0.1924092455,1.288114352,4.236526183e-29,63937.23712,0.07811396628,-5.236940044,-2.285680027e-28,-1.081107146e-28,7.070948213e-06,2.211218695,1.400281433,0,0.006299153149,0.4297775023,2.220446049e-15,nan,2.006484492e-11,0,69842.35018,-3.121792715e-28,72024.41782,-2.543304107e-28,63937.23712,-1.081107146e-28,0.00063437983,0.001361481953,0.001440848459,0.00187022972,0.003752487771,0.004795910544,0.003172528119,0.003000364599,0.003266053863,0.004879027368,0.0126662822,0.9591604056
0.0027,0.9599787279,0.003669901807,0.008868196633,0.9911318034,0.3602072676,0.3377610516,0.351842225,0.5699459231,0.5471359622,0.2052986636,0.1925055343,1.288244277,4.237092237e-29,63945.77994,0.07799079066,-5.157216543,-2.242889647e-28,-1.074483851e-28,7.070669066e-06,2.212416474,1.401022187,0,0.006352288923,0.4300540769,2.220446049e-15,nan,1.870640825e-11,0,69859.44992,-3.074480067e-28,72036.25188,-2.504719131e-28,63945.77994,-1.074483851e-28,0.0006211106586,0.001334735098,0.001411288336,0.001831160733,0.003669901807,0.004710232151,0.003108071812,0.002937375448,0.003196767278,0.004778807989,0.01242182079,0.9599787279
0.002725,0.9607741919,0.003589991188,0.008682930375,0.9913170696,0.3601553899,0.3380847708,0.3518878563,0.569675212,0.5473292415,0.2051715981,0.1925985135,1.28837222,4.237647697e-29,63954.1629,0.07786992011,-5.078331172,-2.200934235e-28,-1.067258321e-28,7.070391493e-06,2.213587461,1.401739702,0,0.006405407433,0.430324788,1.998401444e-15,nan,1.744568249e-11,0,69876.23604,-3.027246218e-28,72047.87791,-2.466441984e-28,63954.1629,-1.067258321e-28,0.0006082663729,0.001308781812,0.001382606187,0.001793284815,0.003589991188,0.004626692774,0.003045329527,0.002876110993,0.003129381058,0.004681322227,0.01218404112,0.9607741919
0.00275,0.9615475994,0.003512653718,0.008503399699,0.9914966003,0.3601039326,0.3383998289,0.3519324775,0.5694101732,0.5475149851,0.2050468426,0.1926883052,1.288498201,4.238192772e-29,63962.38911,0.07775130951,-5.000311783,-2.15980295e-28,-1.059482225e-28,7.070115351e-06,2.214732663,1.402434888,0,0.006458509059,0.4305898268,2.220446049e-15,nan,1.627547087e-11,0,69892.71435,-2.980134763e-28,72059.29956,-2.42849071e-28,63962.38911,-1.059482225e-28,0.0005958300756,0.001283591536,0.001354768556,0.001756555813,0.003512653718,0.004545221993,0.002984243818,0.002816512531,0.003063830486,0.004586476096,0.01195271596,0.9615475994
0.002775,0.9622997199,0.003437791408,0.008329385136,0.9916706149,0.3600529004,0.3387065198,0.3519761181,0.5691506229,0.5476934849,0.2049243325,0.1927750267,1.288622242,4.238727666e-29,63970.46168,0.07763491432,-4.923182205,-2.11948439e-28,-1.051203787e-28,7.069840515e-06,2.215853048,1.403108616,0,0.00651159417,0.4308493771,2.220446049e-15,nan,1.518912306e-11,0,69908.89057,-2.933185626e-28,72070.52049,-2.390881395e-28,63970.46168,-1.051203787e-28,0.0005837856144,0.001259135063,0.00132774345,0.0017209296,0.003437791408,0.00446575217,0.00292475953,0.002758523707,0.003000053428,0.004494179397,0.01172762678,0.9622997199
0.0028,0.9630312918,0.0033653103,0.008160676563,0.9918393234,0.3600022974,0.3390051258,0.3520188063,0.5688963847,0.5478650202,0.2048040055,0.1928587904,1.288744367,4.239252581e-29,63978.38364,0.07752069067,-4.846962594,-2.07996667e-28,-1.042468007e-28,7.069566866e-06,2.21694954,1.403761721,0,0.006564663118,0.4311036153,2.220446049e-15,nan,1.418049207e-11,0,69924.77035,-2.886435307e-28,72081.54426,-2.353628318e-28,63978.38364,-1.042468007e-28,0.0005721175475,0.001235384472,0.001301500269,0.001686363976,0.0033653103,0.004388218328,0.002866823691,0.002702090409,0.002937990226,0.004404345548,0.0115085634,0.9630312918
0.002825,0.9637430244,0.003295120294,0.007997072787,0.9920029272,0.3599521274,0.3392959182,0.3520605697,0.5686472891,0.5480298582,0.2046858015,0.1929397041,1.288864598,4.239767715e-29,63986.15799,0.07740859531,-4.771669753,-2.0412375e-28,-1.033316868e-28,7.0692943e-06,2.218023023,1.404394997,0,0.006617716248,0.4313527109,1.998401444e-15,nan,1.324389466e-11,0,69940.35923,-2.839917121e-28,72092.37444,-2.316744087e-28,63986.15799,-1.033316868e-28,0.0005608111102,0.001212313065,0.001276009741,0.001652818576,0.003295120294,0.004312558035,0.002810385417,0.002647160669,0.002877583581,0.004316891425,0.01129532369,0.9637430244
0.00285,0.9644355983,0.003227134992,0.00783838114,0.9921616189,0.3599023933,0.339579158,0.3521014349,0.5684031734,0.5481882546,0.2045696625,0.193017871,1.288982958,4.240273264e-29,63993.78769,0.07729858568,-4.697317424,-2.003284256e-28,-1.023789527e-28,7.06902272e-06,2.219074344,1.405009208,0,0.00667075389,0.4315968266,1.998401444e-15,nan,1.237407507e-11,0,69955.6627,-2.793661419e-28,72103.0145,-2.280239765e-28,63993.78769,-1.023789527e-28,0.0005498521838,0.001189895312,0.001251243862,0.001620254791,0.003227134992,0.004238711284,0.002755395819,0.002593684566,0.002818778454,0.004231737208,0.01108771321,0.9644355983
0.002875,0.9651096674,0.003161271534,0.007684417099,0.9923155829,0.3598530976,0.3398550961,0.3521414276,0.5681638811,0.5483404543,0.2044555326,0.1930933904,1.289099472,4.24076942e-29,64001.27563,0.07719061994,-4.623916563,-1.96609404e-28,-1.013922497e-28,7.06875204e-06,2.220104315,1.405605081,0,0.006723776362,0.4318361189,2.220446049e-15,nan,1.156617167e-11,0,69970.68614,-2.74769579e-28,72113.46789,-2.244124989e-28,64001.27563,-1.013922497e-28,0.0005392272652,0.001168106792,0.001227175831,0.001588635677,0.003161271534,0.004166620395,0.002701807914,0.002541614136,0.002761521961,0.004148806234,0.0108855449,0.9651096674
0.0029,0.9657658594,0.003097450453,0.007535003913,0.9924649961,0.3598042424,0.3401239737,0.3521805729,0.5679292617,0.5484866915,0.2043433577,0.1931663573,1.289214162,4.241256373e-29,64008.62468,0.07708465692,-4.551475585,-1.92965374e-28,-1.003749816e-28,7.068482181e-06,2.221113711,1.406183314,0,0.006776783973,0.4320707383,1.998401444e-15,nan,1.081568636e-11,0,69985.43483,-2.702045258e-28,72123.738,-2.208408081e-28,64008.62468,-1.003749816e-28,0.0005289234381,0.00114692414,0.001203779999,0.001557925884,0.003097450453,0.004096229909,0.002649576538,0.002490903286,0.002705763284,0.004068024862,0.01068863881,0.9657658594
0.002925,0.9664047776,0.003035595529,0.007389972265,0.9926100277,0.3597558292,0.3403860228,0.3522188949,0.5676991707,0.5486271908,0.2042330859,0.1932368629,1.289327053,4.241734309e-29,64015.83763,0.07698065619,-4.480000601,-1.893950077e-28,-9.933032018e-29,7.068213072e-06,2.222103277,1.406744574,0,0.006829777022,0.4323008293,1.998401444e-15,nan,1.011845645e-11,0,69999.91399,-2.656732455e-28,72133.82818,-2.173096148e-28,64015.83763,-9.933032018e-29,0.0005189283466,0.001126325001,0.001181031811,0.001528091577,0.003035595529,0.004027486491,0.002598658273,0.002441507711,0.002651453575,0.003989322337,0.01049682178,0.9664047776
0.00295,0.9670270013,0.002975633653,0.007249159929,0.9927508401,0.3597078593,0.3406414666,0.352256417,0.567473469,0.5487621671,0.2041246667,0.1933049948,1.28943817,4.242203409e-29,64022.91724,0.07687857804,-4.409495623,-1.858969656e-28,-9.826122074e-29,7.067944649e-06,2.223073725,1.4072895,0,0.006882755796,0.432526531,2.220446049e-15,nan,9.470628812e-12,0,70014.12874,-2.611777797e-28,72143.74171,-2.138195178e-28,64022.91724,-9.826122074e-29,0.0005092301683,0.001106287979,0.001158907758,0.001499100371,0.002975633653,0.003960338841,0.002549011363,0.002393384816,0.002598545874,0.003912630663,0.01030992718,0.9670270013
0.002975,0.9676330875,0.002917494692,0.007112411459,0.9928875885,0.3596603334,0.3408905199,0.3522931618,0.5672520227,0.5488918261,0.2040180516,0.1933708369,1.289547536,4.242663853e-29,64029.86622,0.07677838349,-4.339962763,-1.824699003e-28,-9.717043533e-29,7.067676854e-06,2.22402574,1.407818702,0,0.006935720574,0.4327479773,2.442490654e-15,nan,8.868636078e-12,0,70028.08409,-2.567199634e-28,72153.48183,-2.103710129e-28,64029.86622,-9.717043533e-29,0.0004998175903,0.001086792594,0.001137385326,0.001470921257,0.002917494692,0.003894737601,0.002500595646,0.00234649364,0.002546995023,0.003837884485,0.01012779465,0.9676330875
0.003,0.9682235712,0.002861111366,0.006979577884,0.9930204221,0.359613252,0.3411333892,0.3523291514,0.5670347031,0.5490163652,0.2039131936,0.19343447,1.289655176,4.243115816e-29,64036.68721,0.0766800343,-4.271402414,-1.791124606e-28,-9.606052605e-29,7.067409634e-06,2.224959974,1.408332767,0,0.006988671626,0.4329652969,2.220446049e-15,nan,8.309174783e-12,0,70041.785,-2.523014397e-28,72163.05171,-2.069645011e-28,64036.68721,-9.606052605e-29,0.0004906797855,0.001067819235,0.001116442953,0.001443524545,0.002861111366,0.003830635276,0.002453372483,0.002300794789,0.002496757594,0.003765020975,0.009950269829,0.9682235712
0.003025,0.9687989667,0.002806419123,0.006850516417,0.9931494836,0.3595666152,0.3413702732,0.3523644068,0.5668213863,0.5491359733,0.2038100473,0.1934959715,1.289761114,4.243559472e-29,64043.38281,0.07658349296,-4.203813409,-1.758232947e-28,-9.493387714e-29,7.067142944e-06,2.225877058,1.408832255,0,0.007041609212,0.4331786137,2.220446049e-15,nan,7.789185227e-12,0,70055.2363,-2.47923674e-28,72172.45449,-2.036002959e-28,64043.38281,-9.493387714e-29,0.0004818063903,0.001049349126,0.00109605998,0.001416881798,0.002806419123,0.003767986154,0.002407304695,0.002256250364,0.002447791806,0.003693979719,0.009777204134,0.9687989667
0.00305,0.9693597686,0.002753356029,0.006725090185,0.9932749098,0.3595204228,0.3416013635,0.3523989488,0.5666119529,0.5492508316,0.2037085689,0.1935554157,1.289865375,4.243994988e-29,64049.95559,0.07648872269,-4.137193179,-1.726010534e-28,-9.379270639e-29,7.066876741e-06,2.226777591,1.409317702,0,0.007094533584,0.4333880471,2.220446049e-15,nan,7.305832941e-12,0,70068.44276,-2.435879659e-28,72181.69324,-2.002786311e-28,64049.95559,-9.379270639e-29,0.0004731874831,0.001031364281,0.001076216615,0.001390965777,0.002753356029,0.003706746224,0.002362356495,0.002212823896,0.002400057463,0.003624702617,0.009608454508,0.9693597686
0.003075,0.9699064523,0.002701862648,0.006603167961,0.993396832,0.3594746742,0.341826844,0.3524327972,0.5664062882,0.5493611135,0.2036087159,0.1936128739,1.289967982,4.244422532e-29,64056.40803,0.07639568746,-4.071537891,-1.694443925e-28,-9.26390758e-29,7.066610988e-06,2.227662153,1.409789623,0,0.007147444986,0.4335937118,2.442490654e-15,nan,6.85649161e-12,0,70081.40904,-2.392954621e-28,72190.77097,-1.969996665e-28,64056.40803,-9.26390758e-29,0.0004648135646,0.001013847472,0.001056893889,0.001365750388,0.002701862648,0.003646873111,0.002318493431,0.002170480291,0.00235351588,0.00355713378,0.00944388321,0.9699064523
0.0031,0.9704394751,0.002651881946,0.006484623917,0.9935153761,0.3594293688,0.3420468923,0.3524659714,0.5662042814,0.5494669856,0.2035104474,0.1936684148,1.290068959,4.244842264e-29,64062.74259,0.07630435194,-4.006842572,-1.663519753e-28,-9.147490162e-29,7.066345652e-06,2.228531296,1.410248511,0,0.007200343655,0.4337957186,2.442490654e-15,nan,6.438727348e-12,0,70094.13973,-2.350471665e-28,72199.69066,-1.937634947e-28,64062.74259,-9.147490162e-29,0.0004566755376,0.0009967821901,0.001038073621,0.001341210623,0.002651881946,0.003588326004,0.002275682332,0.002129185762,0.002308129819,0.003491219436,0.009283357593,0.9704394751
0.003125,0.9709592768,0.002603359179,0.006369337381,0.9936306626,0.3593845054,0.342261679,0.35249849,0.566005826,0.5495686075,0.2034137238,0.1937221043,1.290168332,4.245254344e-29,64068.96166,0.07621468156,-3.943101235,-1.633224749e-28,-9.030196364e-29,7.066080702e-06,2.229385552,1.410694839,0,0.00725322982,0.433994174,2.442490654e-15,nan,6.050284196e-12,0,70106.63932,-2.308439514e-28,72208.45521,-1.905701465e-28,64068.96166,-9.030196364e-29,0.0004487646897,0.0009801526145,0.00101973838,0.001317322518,0.002603359179,0.003531065587,0.002233891249,0.002088907783,0.002263863431,0.003426907841,0.009126749901,0.9709592768
0.00315,0.9714662805,0.002556241804,0.006257192613,0.9937428074,0.3593400831,0.3424713685,0.3525303712,0.5658108192,0.549666132,0.2033185068,0.1937740056,1.290266122,4.245658928e-29,64075.0676,0.07612664244,-3.880306981,-1.603545759e-28,-8.912191404e-29,7.065816113e-06,2.230225431,1.411129058,0,0.007306103701,0.4341891808,2.442490654e-15,nan,5.68907076e-12,0,70118.91222,-2.266865669e-28,72217.06749,-1.874195963e-28,64075.0676,-8.912191404e-29,0.0004410726748,0.0009639435808,0.001001871452,0.001294063101,0.002556241804,0.003475053982,0.002193089403,0.002049615029,0.002220682194,0.003364149193,0.008973937074,0.9714662805
0.003175,0.9719608933,0.002510479381,0.006148078587,0.9938519214,0.3592961001,0.3426761193,0.3525616325,0.565619162,0.549759706,0.2032247591,0.1938241794,1.290362355,4.246056167e-29,64081.0627,0.07604020143,-3.818452099,-1.574469761e-28,-8.793628554e-29,7.065551861e-06,2.231051423,1.411551603,0,0.007358965514,0.434380838,2.442490654e-15,nan,5.353147882e-12,0,70130.96275,-2.225756498e-28,72225.5303,-1.843117666e-28,64081.0627,-8.793628554e-29,0.0004335914974,0.0009481405505,0.0009844568089,0.001271410349,0.002510479381,0.003420254684,0.002153247142,0.002011277325,0.002178552858,0.003302895546,0.008824800558,0.9719608933
0.0032,0.972443507,0.002466023484,0.006041888779,0.9939581112,0.3592525551,0.3428760839,0.3525922909,0.5654307591,0.5498494703,0.2031324449,0.1938726844,1.290457053,4.246446212e-29,64086.94921,0.07595532607,-3.757528161,-1.54598388e-28,-8.674649914e-29,7.065287926e-06,2.231863997,1.41196289,0,0.007411815467,0.4345692409,2.442490654e-15,nan,5.040717266e-12,0,70142.79514,-2.185117323e-28,72233.8464,-1.812465333e-28,64086.94921,-8.674649914e-29,0.0004263134958,0.0009327295826,0.0009674790729,0.001249343143,0.002466023484,0.003366632504,0.002114335886,0.001973865604,0.002137443393,0.003243100736,0.008679226124,0.972443507
0.003225,0.9729144986,0.002422827619,0.005938520975,0.994061479,0.359209446,0.3430714094,0.3526223629,0.5652455183,0.54993556,0.2030415295,0.1939195766,1.290550239,4.246829208e-29,64092.72935,0.07587198461,-3.697526103,-1.518075402e-28,-8.55538713e-29,7.06502429e-06,2.232663606,1.412363319,0,0.007464653761,0.4347544817,2.220446049e-15,nan,4.750110987e-12,0,70154.41355,-2.144952498e-28,72242.01848,-1.78223729e-28,64092.72935,-8.55538713e-29,0.0004192313278,0.0009176973064,0.0009509234921,0.00122784123,0.002422827619,0.003314153519,0.002076328087,0.001937351854,0.002097322935,0.003184720304,0.008537103696,0.9729144986
0.00325,0.9733742313,0.002380847138,0.005837877079,0.9941621229,0.3591667711,0.3432622374,0.3526518644,0.5650633509,0.5500181048,0.2029519792,0.1939649101,1.290641937,4.247205297e-29,64098.40525,0.07579014598,-3.6384363,-1.490731781e-28,-8.43596207e-29,7.064760936e-06,2.233450682,1.412753272,0,0.007517480592,0.4349366491,2.442490654e-15,nan,4.479781801e-12,0,70165.82204,-2.105265482e-28,72250.0492,-1.752431477e-28,64098.40525,-8.43596207e-29,0.0004123379557,0.0009030308955,0.0009347759097,0.00120688518,0.002380847138,0.003262785016,0.002039197185,0.001901709076,0.002058161742,0.003127711423,0.008398327184,0.9733742313
0.003275,0.9738230545,0.002340039163,0.005739862934,0.9942601371,0.3591245281,0.3434487045,0.3526808108,0.5648841712,0.550097229,0.2028637614,0.1940087368,1.290732168,4.24757462e-29,64103.97903,0.07570977978,-3.58024864,-1.463940652e-28,-8.316487457e-29,7.064497853e-06,2.234225643,1.413133117,0,0.00757029615,0.4351158288,2.664535259e-15,nan,4.228294203e-12,0,70177.0246,-2.066058909e-28,72257.94115,-1.72304548e-28,64103.97903,-8.316487457e-29,0.0004056266332,0.0008887180436,0.0009190227382,0.001186456356,0.002340039163,0.003212495441,0.002002917566,0.001866911246,0.002019931141,0.003072032834,0.008262794328,0.9738230545
0.0033,0.9742613049,0.002300362513,0.005644388149,0.9943556119,0.3590827148,0.3436309423,0.3527092173,0.5647078965,0.5501730522,0.2027768446,0.1940511066,1.290820956,4.247937312e-29,64109.45276,0.0756308563,-3.522952587,-1.437689839e-28,-8.197067462e-29,7.064235027e-06,2.234988887,1.413503206,0,0.007623100617,0.4352921035,2.442490654e-15,nan,3.994316164e-12,0,70188.02515,-2.02733465e-28,72265.69688,-1.694076566e-28,64109.45276,-8.197067462e-29,0.0003990908916,0.0008747469408,0.0009036509337,0.00116653687,0.002300362513,0.003163254356,0.001967464525,0.001832933268,0.001982603489,0.003017644775,0.00813040654,0.9742613049
0.003325,0.9746893067,0.002261777629,0.005551365937,0.9944486341,0.3590413289,0.3438090777,0.3527370982,0.5645344472,0.550245689,0.2026911981,0.1940920676,1.290908323,4.248293509e-29,64114.82844,0.07555334647,-3.46653724,-1.41196736e-28,-8.077798258e-29,7.06397245e-06,2.235740801,1.413863877,0,0.007675894174,0.4354655528,2.886579864e-15,nan,3.776611497e-12,0,70198.8275,-1.989093875e-28,72273.3189,-1.665521712e-28,64114.82844,-8.077798258e-29,0.0003927245281,0.0008611062514,0.0008886479719,0.001147109556,0.002261777629,0.003115032389,0.001932814228,0.001799750942,0.001946152132,0.002964508925,0.008001068764,0.9746893067
0.00335,0.9751073722,0.002224246507,0.005460712956,0.994539287,0.3590003678,0.3439832331,0.3527644677,0.5643637462,0.5503152495,0.2026067925,0.1941316661,1.29099429,4.248643339e-29,64120.10804,0.07547722186,-3.410991384,-1.386761433e-28,-7.958768541e-29,7.063710112e-06,2.236481753,1.414215456,0,0.007728676992,0.4356362538,2.664535259e-15,nan,3.57403281e-12,0,70209.4354,-1.951337109e-28,72280.80965,-1.637377639e-28,64120.10804,-7.958768541e-29,0.0003865215935,0.0008477850929,0.0008740018248,0.001128157937,0.002224246507,0.003067801194,0.001898943675,0.001767340923,0.001910551358,0.002912588341,0.007874689334,0.9751073722
0.003375,0.9755158025,0.002187732635,0.005372349161,0.9946276508,0.3589598289,0.3441535265,0.3527913394,0.5641957191,0.5503818397,0.2025235988,0.1941699464,1.29107888,4.248986932e-29,64125.29351,0.0754024547,-3.356303545,-1.362060482e-28,-7.84006002e-29,7.063448007e-06,2.2372121,1.414558254,0,0.007781449239,0.4358042809,2.442490654e-15,nan,3.385514983e-12,0,70219.85252,-1.91406428e-28,72288.17152,-1.609640832e-28,64125.29351,-7.84006002e-29,0.000380476381,0.0008347730155,0.0008597009392,0.00110966619,0.002187732635,0.003021533407,0.001865830668,0.001735680688,0.001875776365,0.0028618474,0.00775117984,0.9755158025
0.0034,0.9759148875,0.002152200924,0.005286197663,0.9947138023,0.3589197096,0.3443200718,0.3528177264,0.5640302942,0.5504455611,0.2024415894,0.1942069514,1.291162113,4.249324411e-29,64130.38671,0.07532901781,-3.30246203,-1.33785314e-28,-7.721747867e-29,7.063186128e-06,2.237932182,1.414892572,0,0.00783421108,0.4359697058,2.664535259e-15,nan,3.210069142e-12,0,70230.08247,-1.877274773e-28,72295.40689,-1.58230757e-28,64130.38671,-7.721747867e-29,0.0003745834157,0.0008220599832,0.0008457342152,0.001091619124,0.002152200924,0.002976202611,0.001833453778,0.001704748504,0.001841803219,0.002812251749,0.007630454997,0.9759148875
0.003425,0.9763049068,0.002117617658,0.005202184591,0.9947978154,0.358880007,0.3444829787,0.3528436417,0.5638674019,0.5505065113,0.2023607372,0.1942427222,1.29124401,4.249655899e-29,64135.38949,0.07525688466,-3.249454969,-1.314128251e-28,-7.603901151e-29,7.062924472e-06,2.238642329,1.415218695,0,0.007886962672,0.4361325981,2.664535259e-15,nan,3.046777086e-12,0,70240.12876,-1.84096747e-28,72302.51804,-1.555373946e-28,64135.38949,-7.603901151e-29,0.0003688374438,0.0008096363554,0.0008320909868,0.001074002147,0.002117617658,0.002931783292,0.001801792315,0.001674523394,0.001808608825,0.002763768251,0.007512432529,0.9763049068
0.00345,0.97668613,0.002083950427,0.005120238963,0.994879761,0.3588407183,0.3446423534,0.3528690977,0.5637069754,0.5505647842,0.202281016,0.1942772986,1.291324592,4.249981514e-29,64140.30365,0.07518602929,-3.197270354,-1.290874873e-28,-7.486583237e-29,7.062663034e-06,2.239342857,1.415536902,0,0.007939704168,0.4362930246,2.664535259e-15,nan,2.894786134e-12,0,70249.99484,-1.805140797e-28,72309.50725,-1.528835891e-28,64140.30365,-7.486583237e-29,0.0003632334233,0.0007974928696,0.0008187610028,0.001056801241,0.002083950427,0.002888250806,0.001770826295,0.001644985108,0.001776170885,0.002716364935,0.007397033045,0.97668613
0.003475,0.9770588168,0.002051168078,0.005040292564,0.9949597074,0.3588018406,0.3447982979,0.3528941063,0.5635489497,0.55062047,0.2022024004,0.1943107187,1.29140388,4.250301375e-29,64145.13095,0.07511642635,-3.145896071,-1.268082279e-28,-7.369852162e-29,7.062401812e-06,2.240034071,1.415847457,0,0.007992435719,0.4364510503,2.664535259e-15,nan,2.753304354e-12,0,70259.68408,-1.76979276e-28,72316.37672,-1.502689189e-28,64145.13095,-7.369852162e-29,0.0003577665147,0.0007856206245,0.0008057344084,0.001040002938,0.002051168078,0.002845581345,0.001740536418,0.001616114092,0.001744467876,0.00267001095,0.007284179927,0.9770588168
0.0035,0.977423218,0.002019240662,0.004962279822,0.9950377202,0.3587633708,0.3449509112,0.3529186792,0.5633932623,0.5506736554,0.2021248659,0.1943430192,1.291481894,4.250615593e-29,64149.87311,0.07504805105,-3.095319933,-1.245739958e-28,-7.253760984e-29,7.062140804e-06,2.240716263,1.416150615,0,0.008045157469,0.4366067377,2.664535259e-15,nan,2.621596148e-12,0,70269.1998,-1.734920982e-28,72323.12863,-1.4769295e-28,64149.87311,-7.253760984e-29,0.0003524320718,0.0007740110647,0.0007930017284,0.001023594295,0.002019240662,0.002803751905,0.001710904033,0.001587891463,0.00171347901,0.00262467652,0.007173799225,0.977423218
0.003525,0.9777795753,0.001988139381,0.004886137704,0.9951138623,0.3587253059,0.3451002884,0.3529428279,0.5632398526,0.5507244238,0.2020483884,0.1943742355,1.291558653,4.250924281e-29,64154.5318,0.07498087919,-3.045529705,-1.223837613e-28,-7.138358116e-29,7.061880009e-06,2.241389715,1.416446623,0,0.00809786956,0.4367601474,2.664535259e-15,nan,2.498978174e-12,0,70278.54522,-1.700522737e-28,72329.7651,-1.451552373e-28,64154.5318,-7.138358116e-29,0.0003472256335,0.0007626559651,0.0007805538506,0.001007562874,0.001988139381,0.002762740251,0.001681911121,0.001560298981,0.001683184211,0.0025803329,0.00706581955,0.9777795753
0.00355,0.9781281218,0.001957836544,0.004811805599,0.9951881944,0.3586876428,0.3452465215,0.3529665632,0.563088662,0.5507728554,0.2019729449,0.1944044019,1.291634177,4.251227548e-29,64159.10867,0.0749148871,-2.996513133,-1.202365165e-28,-7.023687633e-29,7.061619426e-06,2.242054698,1.416735715,0,0.008150572129,0.436911338,2.664535259e-15,nan,2.384815555e-12,0,70287.72352,-1.666594985e-28,72336.28821,-1.426553265e-28,64159.10867,-7.023687633e-29,0.0003421429154,0.0007515474171,0.00076838201,0.000991896713,0.001957836544,0.002722524889,0.001653540262,0.001533319024,0.001653564083,0.002536952334,0.006960171977,0.9781281218
0.003575,0.9784690827,0.001928305518,0.004739225224,0.9952607748,0.3586503784,0.3453896996,0.3529898958,0.5629396338,0.5508190271,0.2018985127,0.194433551,1.291708485,4.251525499e-29,64163.60532,0.07485005166,-2.948257963,-1.181312748e-28,-6.909789561e-29,7.061359056e-06,2.242711475,1.417018119,0,0.008203265309,0.4370603662,2.664535259e-15,nan,2.278518388e-12,0,70296.7378,-1.633134394e-28,72342.70001,-1.401927551e-28,64163.60532,-6.909789561e-29,0.0003371798026,0.0007406778146,0.0007564777743,0.0009765843147,0.001928305518,0.002683085036,0.001625774618,0.001506934564,0.001624599888,0.002494508019,0.006856789948,0.9784690827
0.0036,0.9788026751,0.001899520686,0.004668340518,0.9953316595,0.3586135094,0.3455299083,0.3530128361,0.5627927133,0.5508630133,0.20182507,0.1944617146,1.291781596,4.251818239e-29,64168.02332,0.07478635029,-2.900751967,-1.16067071e-28,-6.796700147e-29,7.061098898e-06,2.243360297,1.417294053,0,0.008255949229,0.4372072867,2.886579864e-15,nan,2.179538496e-12,0,70305.59109,-1.600137377e-28,72349.00249,-1.377670541e-28,64168.02332,-6.796700147e-29,0.000332332342,0.000730039841,0.000744833029,0.00096161462,0.001899520686,0.002644400596,0.001598597907,0.001481129142,0.001596273513,0.002452974064,0.006755609181,0.9788026751
0.003625,0.9791291086,0.001871457406,0.004599097554,0.9954009024,0.3585770326,0.3456672306,0.353035394,0.5626478475,0.5509048853,0.2017525955,0.1944889232,1.291853528,4.252105868e-29,64172.36419,0.07472376092,-2.853982954,-1.140429611e-28,-6.684452118e-29,7.060838953e-06,2.244001406,1.417563726,0,0.008308624017,0.4373521525,2.664535259e-15,nan,2.087366424e-12,0,70314.28638,-1.567600109e-28,72355.19761,-1.353777488e-28,64172.36419,-6.684452118e-29,0.0003275967355,0.0007196264569,0.0007334399645,0.0009469769915,0.001871457406,0.002606452129,0.001571994382,0.001455886849,0.001568567453,0.002412325455,0.006656567586,0.9791291086
0.00365,0.9794485856,0.001844091966,0.004531444445,0.9954685556,0.3585409448,0.3458017466,0.3530575793,0.5625049848,0.5509447118,0.2016810687,0.1945152063,1.291924301,4.252388486e-29,64176.62944,0.07466226199,-2.807938795,-1.120580222e-28,-6.573074914e-29,7.060579224e-06,2.244635036,1.417827341,0,0.008361289794,0.4374950152,2.886579864e-15,nan,2.00152866e-12,0,70322.82656,-1.535518556e-28,72361.2873,-1.330243603e-28,64176.62944,-6.573074914e-29,0.000322969333,0.0007094308881,0.0007222910627,0.0009326611955,0.001844091966,0.002569220826,0.001545948812,0.001431192302,0.001541464784,0.002372538021,0.006559605174,0.9794485856
0.003675,0.9797613016,0.001817401553,0.004465331263,0.9955346687,0.3585052427,0.3459335338,0.3530794013,0.5623640758,0.5509825589,0.2016104695,0.194540592,1.291993931,4.25266619e-29,64180.82052,0.07460183245,-2.762607433,-1.101113519e-28,-6.462594913e-29,7.060319711e-06,2.245261413,1.418085091,0,0.00841394668,0.4376359242,2.664535259e-15,nan,1.921585056e-12,0,70331.21449,-1.503888494e-28,72367.27342,-1.307064064e-28,64180.82052,-6.462594913e-29,0.0003184466265,0.0006994466146,0.0007113790848,0.0009186573847,0.001817401553,0.00253268849,0.00152044646,0.001407030626,0.00151494914,0.002333588402,0.006464663985,0.9797613016
0.0037,0.9800674453,0.001791364209,0.004400709953,0.99559929,0.358469923,0.3460626669,0.3531008693,0.5622250721,0.5510184901,0.2015407783,0.1945651079,1.292062437,4.252939074e-29,64184.93886,0.0745424517,-2.717976898,-1.082020686e-28,-6.353035639e-29,7.060060417e-06,2.245880753,1.418337163,0,0.008466594791,0.4377749279,2.664535259e-15,nan,1.847126436e-12,0,70339.45295,-1.472705533e-28,72373.15782,-1.284234024e-28,64184.93886,-6.353035639e-29,0.0003140252435,0.0006896673594,0.0007006970596,0.0009049560814,0.001791364209,0.002496837506,0.001495473065,0.001383387434,0.001489004693,0.002295454014,0.006371688004,0.9800674453
0.003725,0.980367199,0.001765958802,0.004337534258,0.9956624657,0.3584349823,0.3461892184,0.3531219921,0.5620879273,0.5510525669,0.2014719763,0.1945887802,1.292129836,4.253207231e-29,64188.98585,0.07448409965,-2.674035319,-1.06329311e-28,-6.244417959e-29,7.059801343e-06,2.246493266,1.418583738,0,0.00851923424,0.4379120727,2.886579864e-15,nan,1.777772385e-12,0,70347.54468,-1.441965134e-28,72378.94231,-1.26174862e-28,64188.98585,-6.244417959e-29,0.0003097019419,0.0006800870787,0.000690238272,0.0008915481628,0.001765958802,0.002461650824,0.001471014825,0.001360248805,0.001463616132,0.002258113023,0.006280623092,0.980367199
0.00375,0.9806607389,0.001741164989,0.004275759642,0.9957242404,0.3584004174,0.346313258,0.3531427784,0.5619525961,0.5510848481,0.201404045,0.1946116344,1.292196145,4.253470751e-29,64192.96287,0.07442675665,-2.630770935,-1.044922376e-28,-6.136760265e-29,7.059542492e-06,2.247099153,1.418824989,0,0.008571865138,0.4380474039,3.108624469e-15,nan,1.713169194e-12,0,70355.49236,-1.411662623e-28,72384.62864,-1.239602983e-28,64192.96287,-6.136760265e-29,0.0003054736036,0.0006706999516,0.0006799962526,0.000878424845,0.001741164989,0.002427111936,0.001447058377,0.001337601273,0.001438768643,0.002221544313,0.006191416911,0.9806607389
0.003775,0.9809482351,0.001716963184,0.004215343222,0.9957846568,0.3583662249,0.3464348535,0.3531632364,0.5618190348,0.5511153907,0.2013369666,0.194633695,1.29226138,4.253729722e-29,64196.87123,0.07437040353,-2.588172102,-1.026900267e-28,-6.030078649e-29,7.059283866e-06,2.24769861,1.419061082,0,0.008624487592,0.4381809652,3.108624469e-15,nan,1.652987957e-12,0,70363.29858,-1.381793215e-28,72390.21855,-1.217792241e-28,64196.87123,-6.030078649e-29,0.0003013372299,0.0006615003712,0.0006699647672,0.0008655776696,0.001716963184,0.002393204853,0.001423590785,0.001315431803,0.001414447891,0.002185727462,0.00610401886,0.9809482351
0.0038,0.9812298522,0.001693334527,0.004156243695,0.9958437563,0.3583324014,0.3465540702,0.3531833744,0.561687201,0.5511442493,0.2012707236,0.1946549857,1.292325559,4.25398423e-29,64200.71224,0.07431502152,-2.546227307,-1.009218762e-28,-5.924387057e-29,7.059025468e-06,2.248291824,1.419292178,0,0.008677101705,0.438312799,2.886579864e-15,nan,1.596922805e-12,0,70370.96592,-1.352352023e-28,72395.71374,-1.196311532e-28,64200.71224,-5.924387057e-29,0.0002972899362,0.0006524829354,0.0006601378072,0.0008529984896,0.001693334527,0.002359914091,0.00140059952,0.00129372778,0.001390640001,0.002150642711,0.006018380007,0.9812298522
0.003825,0.9815057491,0.001670260856,0.004098421279,0.9959015787,0.3582989436,0.3466709715,0.3532032001,0.5615570537,0.5511714766,0.2012052991,0.1946755293,1.292388697,4.254234359e-29,64204.48716,0.07426059232,-2.504925167,-9.91870027e-29,-5.819697447e-29,7.058767301e-06,2.248878976,1.419518432,0,0.008729707581,0.4384429463,2.886579864e-15,nan,1.544689269e-12,0,70378.49689,-1.323334074e-28,72401.11585,-1.175156002e-28,64204.48716,-5.819697447e-29,0.0002933289472,0.0006436424387,0.0006505095799,0.000840679457,0.001670260856,0.002327224648,0.001378072447,0.001272476991,0.001367331541,0.002116270942,0.005934453029,0.9815057491
0.00385,0.9817760796,0.00164772468,0.004041837645,0.9959581624,0.3582658482,0.3467856184,0.3532227212,0.5614285529,0.5511971236,0.2011406767,0.1946953479,1.29245081,4.254480192e-29,64208.19725,0.07420709803,-2.464254444,-9.748464189e-29,-5.716019925e-29,7.058509367e-06,2.249460242,1.419739994,0,0.008782305317,0.4385714471,2.886579864e-15,nan,1.496022763e-12,0,70385.89393,-1.294734325e-28,72406.42653,-1.154320817e-28,64208.19725,-5.716019925e-29,0.0002894515923,0.0006349738633,0.0006410745001,0.0008286130097,0.00164772468,0.002295121987,0.001355997807,0.001251667609,0.001344509508,0.002082593653,0.005852192149,0.9817760796
0.003875,0.9820409924,0.001625709147,0.003986455863,0.9960135441,0.3582331117,0.3468980704,0.3532419452,0.56130166,0.5512212392,0.2010768403,0.1947144627,1.292511915,4.254721809e-29,64211.84371,0.07415452118,-2.424204045,-9.58140477e-29,-5.61336288e-29,7.05825167e-06,2.250035789,1.419957006,0,0.008834895011,0.43869834,3.108624469e-15,nan,1.45067717e-12,0,70393.15944,-1.266547669e-28,72411.64735,-1.133801166e-28,64211.84371,-5.61336288e-29,0.0002856553013,0.0006264723725,0.0006318271814,0.00081679186,0.001625709147,0.002263592022,0.00133436421,0.001231288181,0.001322161306,0.002049592934,0.00577155308,0.9820409924
0.0039,0.9823006312,0.001604198025,0.003932240338,0.9960677597,0.3582007309,0.3470083846,0.3532608792,0.5611763376,0.5512438706,0.2010137743,0.1947328944,1.292572026,4.254959288e-29,64215.42772,0.07410284466,-2.384763028,-9.417449217e-29,-5.511733106e-29,7.057994211e-06,2.250605781,1.420169608,0,0.008887476757,0.4388236624,3.108624469e-15,nan,1.408423542e-12,0,70400.29579,-1.238768952e-28,72416.77989,-1.113592262e-28,64215.42772,-5.511733106e-29,0.0002819376,0.0006181333021,0.0006227624277,0.0008052089837,0.001604198025,0.002232621094,0.001313160614,0.001211327615,0.001300274737,0.002017251445,0.005692492973,0.9823006312
0.003925,0.9825551351,0.001583175669,0.003879156765,0.9961208432,0.3581687023,0.3471166165,0.3532795302,0.5610525493,0.5512650633,0.2009514635,0.1947506626,1.292631158,4.255192707e-29,64218.95045,0.07405205181,-2.345920606,-9.256526506e-29,-5.411135919e-29,7.057736995e-06,2.251170375,1.420377932,0,0.008940050646,0.4389474507,3.108624469e-15,nan,1.36904888e-12,0,70407.30528,-1.211392978e-28,72421.82566,-1.093689353e-28,64218.95045,-5.411135919e-29,0.0002782961065,0.0006099521543,0.000613875226,0.0007938576084,0.001583175669,0.002202195966,0.001292376318,0.001191775161,0.001278837984,0.001985552395,0.005614970356,0.9825551351
0.00395,0.9828046386,0.001562627007,0.003827172067,0.9961728279,0.3581370227,0.3472228199,0.3532979051,0.5609302598,0.5512848612,0.2008898932,0.1947677866,1.292689326,4.255422139e-29,64222.41303,0.07400212629,-2.30766615,-9.09856735e-29,-5.311575263e-29,7.057480023e-06,2.251729723,1.420582108,0,0.008992616769,0.4390697402,3.330669074e-15,nan,1.33235501e-12,0,70414.19015,-1.184414523e-28,72426.78617,-1.07408772e-28,64222.41303,-5.311575263e-29,0.0002747285271,0.0006019245901,0.0006051607385,0.0007827312042,0.001562627007,0.002172303798,0.001272000947,0.001172620406,0.001257839598,0.001954479524,0.005538945093,0.9828046386
0.003975,0.9830492719,0.001542537509,0.003776254355,0.9962237456,0.3581056887,0.3473270468,0.3533160104,0.560809435,0.5513033067,0.2008290489,0.1947842849,1.292746546,4.255647659e-29,64225.81655,0.07395305219,-2.269989193,-8.943504163e-29,-5.213053815e-29,7.057223299e-06,2.252283971,1.42078226,0,0.009045175212,0.439190565,3.108624469e-15,nan,1.298157539e-12,0,70420.95261,-1.157828343e-28,72431.66289,-1.05478268e-28,64225.81655,-5.213053815e-29,0.0002712326529,0.0005940464236,0.0005966142959,0.0007718234731,0.001542537509,0.002142932139,0.001252024439,0.001153853258,0.001237268481,0.001924017078,0.005464378328,0.9830492719
0.004,0.9832891611,0.00152289317,0.003726372871,0.9962736271,0.3580746969,0.3474293475,0.3533338526,0.5606900416,0.5513204406,0.2007689167,0.1948001753,1.292802831,4.255869338e-29,64229.16211,0.07390481391,-2.23287943,-8.791271025e-29,-5.115573076e-29,7.056966825e-06,2.252833262,1.420978508,0,0.00909772606,0.4393099584,3.108624469e-15,nan,1.266284886e-12,0,70427.59483,-1.13162918e-28,72436.45724,-1.035769596e-28,64229.16211,-5.115573076e-29,0.000267806356,0.0005863136152,0.0005882313902,0.0007611283397,0.00152289317,0.002114068908,0.001232437037,0.001135463933,0.001217113879,0.001894149796,0.00539123244,0.9832891611
0.004025,0.9835244282,0.001503680488,0.003677497952,0.996322502,0.3580440442,0.3475297708,0.3533514378,0.5605720473,0.5513363023,0.2007094829,0.1948154751,1.292858195,4.256087246e-29,64232.45075,0.07385739625,-2.196326722,-8.641803648e-29,-5.019133464e-29,7.056710604e-06,2.253377733,1.421170966,0,0.009150269397,0.4394279527,3.108624469e-15,nan,1.236577375e-12,0,70434.11892,-1.105811769e-28,72441.17064,-1.017043871e-28,64232.45075,-5.019133464e-29,0.0002644475865,0.000578722266,0.0005800076687,0.0007506399427,0.001503680488,0.002085702385,0.001213229276,0.001117442948,0.001197365365,0.001864862886,0.005319471001,0.9835244282
0.00405,0.9837551912,0.001484886442,0.003629600977,0.996370399,0.3580137271,0.3476283641,0.3533687722,0.5604554209,0.5513509298,0.2006507341,0.1948302011,1.292912652,4.256301451e-29,64235.68351,0.07381078433,-2.160321096,-8.495039336e-29,-4.923734392e-29,7.056454639e-06,2.253917515,1.421359747,0,0.009202805304,0.4395445791,3.108624469e-15,nan,1.208886405e-12,0,70440.52695,-1.08037085e-28,72445.80446,-9.986009544e-29,64235.68351,-4.923734392e-29,0.000261154369,0.0005712686123,0.0005719389275,0.0007403526257,0.001484886442,0.002057821199,0.001194391974,0.001099781107,0.001178012829,0.001836142015,0.005249058729,0.9837551912
0.004075,0.9839815644,0.001466498479,0.003582654333,0.9964173457,0.3579837425,0.3477251729,0.3533858616,0.560340132,0.5513643597,0.2005926575,0.1948443693,1.292966215,4.25651202e-29,64238.8614,0.07376496361,-2.124852743,-8.350916956e-29,-4.829374352e-29,7.056198932e-06,2.254452737,1.421544958,0,0.00925533386,0.439659868,3.330669074e-15,nan,1.18307367e-12,0,70446.82096,-1.055301166e-28,72450.36006,-9.804363454e-29,64238.8614,-4.829374352e-29,0.0002579248,0.0005639490196,0.0005640211053,0.0007302609292,0.001466498479,0.002030414309,0.00117591622,0.001082469491,0.001159046468,0.001807973286,0.005179961448,0.9839815644
0.0041,0.9842036588,0.001448504489,0.003536631373,0.9964633686,0.357954087,0.3478202418,0.3534027117,0.560226151,0.5513766276,0.2005352404,0.1948579953,1.293018899,4.256719018e-29,64241.9854,0.07371991988,-2.089912025,-8.209376898e-29,-4.736050983e-29,7.055943487e-06,2.254983523,1.421726702,0,0.009307855141,0.439773849,3.330669074e-15,nan,1.159010436e-12,0,70453.00292,-1.030597478e-28,72454.83876,-9.625455922e-29,64241.9854,-4.736050983e-29,0.0002547570444,0.0005567599782,0.0005562502786,0.0007203595827,0.001448504489,0.002003471,0.001157793365,0.001065499451,0.001140456772,0.001780343227,0.00511214605,0.9842036588
0.004125,0.9844215814,0.001430892789,0.003491506373,0.9965084936,0.3579247574,0.3479136138,0.353419328,0.5601134493,0.5513877675,0.2004784704,0.1948710943,1.293070715,4.25692251e-29,64245.05648,0.07367563925,-2.055489468,-8.070361042e-29,-4.643761138e-29,7.055688305e-06,2.255509992,1.421905081,0,0.009360369224,0.4398865507,3.108624469e-15,nan,1.136576875e-12,0,70459.07478,-1.006254564e-28,72459.24186,-9.449242951e-29,64245.05648,-4.643761138e-29,0.0002516493331,0.0005496980979,0.0005486226553,0.0007106434974,0.001430892789,0.001976980866,0.001140015017,0.001048862595,0.001122234516,0.00175323877,0.005045580454,0.9844215814
0.00415,0.9846354363,0.001413652112,0.003447254504,0.9965527455,0.3578957504,0.3480053305,0.353435716,0.5600019989,0.5513978125,0.2004223356,0.1948836807,1.293121677,4.257122557e-29,64248.07557,0.07363210814,-2.021575766,-7.933812722e-29,-4.552500954e-29,7.055433388e-06,2.256032259,1.422080191,0,0.009412876182,0.4399980011,3.108624469e-15,nan,1.115661437e-12,0,70465.03845,-9.82267223e-29,72463.57063,-9.275681071e-29,64248.07557,-4.552500954e-29,0.0002485999604,0.0005427601031,0.0005411345701,0.0007011077585,0.001413652112,0.001950933802,0.001122573025,0.00103255078,0.00110437075,0.001726647244,0.004980233571,0.9846354363
0.004175,0.9848453242,0.001396771582,0.00340385179,0.9965961482,0.357867063,0.3480954323,0.3534518809,0.5598917728,0.5514067945,0.2003668243,0.1948957687,1.293171798,4.257319221e-29,64251.0436,0.07358931329,-1.98816178,-7.799676695e-29,-4.462265904e-29,7.05517874e-06,2.256550437,1.422252124,0,0.009465376087,0.4401082272,3.108624469e-15,nan,1.096160276e-12,0,70470.89579,-9.586302856e-29,72467.82632,-9.104727359e-29,64251.0436,-4.462265904e-29,0.0002456072811,0.0005359428286,0.0005337824795,0.0006917476189,0.001396771582,0.001925319994,0.001105459475,0.001016556107,0.001086856787,0.001700556355,0.004916075267,0.9848453242
0.0042,0.9850513427,0.001380240706,0.003361275079,0.9966387249,0.3578386918,0.3481839584,0.3534678279,0.5597827446,0.5514147442,0.200311925,0.1949073719,1.29322109,4.257512561e-29,64253.96146,0.07354724171,-1.955238536,-7.667899104e-29,-4.373050859e-29,7.054924362e-06,2.257064634,1.422420972,0,0.009517869009,0.4402172554,3.108624469e-15,nan,1.077976711e-12,0,70476.64863,-9.353386123e-29,72472.01014,-8.936339444e-29,64253.96146,-4.373050859e-29,0.0002426697085,0.0005292432152,0.0005265629568,0.0006825584922,0.001380240706,0.001900129908,0.001088666683,0.001000870905,0.001069684198,0.001674954174,0.004853076332,0.9850513427
0.004225,0.9852535864,0.001364049355,0.003319502006,0.996680498,0.3578106337,0.3482709469,0.3534835617,0.5596748888,0.5514216915,0.2002576266,0.1949185035,1.293269564,4.257702635e-29,64256.83005,0.07350588072,-1.922797223,-7.538427447e-29,-4.284850133e-29,7.054670256e-06,2.257574955,1.422586822,0,0.009570355016,0.4403251112,3.330669074e-15,nan,1.061020724e-12,0,70482.29876,-9.123870994e-29,72476.12329,-8.770475516e-29,64256.83005,-4.284850133e-29,0.0002397857117,0.0005226583055,0.0005194726879,0.0006735359466,0.001364049355,0.001875354278,0.001072187182,0.0009854877317,0.001052844798,0.001649829128,0.004791208446,0.9852535864
0.00425,0.9854521471,0.001348187751,0.00327851097,0.996721489,0.3577828856,0.3483564346,0.3534990874,0.5595681805,0.5514276649,0.2002039183,0.1949291763,1.293317233,4.257889501e-29,64259.65021,0.07346521791,-1.890829196,-7.411210541e-29,-4.197657537e-29,7.054416424e-06,2.2580815,1.422749758,0,0.009622834176,0.4404318195,3.330669074e-15,nan,1.0452085e-12,0,70487.84793,-8.89770682e-29,72480.16695,-8.607094335e-29,64259.65021,-4.197657537e-29,0.0002369538135,0.0005161852398,0.0005125084666,0.0006646756987,0.001348187751,0.001850984101,0.001056013722,0.0009703993585,0.001036330643,0.00162516998,0.004730444146,0.9854521471
0.004275,0.9856471136,0.001332646457,0.003238281096,0.9967617189,0.3577554443,0.3484404573,0.3535144095,0.5594625954,0.5514326924,0.2001507894,0.1949394026,1.293364109,4.258073214e-29,64262.42279,0.07342524116,-1.85932597,-7.286198494e-29,-4.111466424e-29,7.054162869e-06,2.258584369,1.422909861,0,0.009675306554,0.4405374046,3.330669074e-15,nan,1.030461991e-12,0,70493.29786,-8.67484337e-29,72484.14226,-8.446155235e-29,64262.42279,-4.111466424e-29,0.0002341725884,0.0005098212529,0.0005056671906,0.0006559736079,0.001332646457,0.001827010627,0.001040139255,0.0009555987675,0.001020134016,0.001600965824,0.004670756799,0.9856471136
0.0043,0.9858385723,0.001317416356,0.003198792214,0.9968012078,0.3577283068,0.3485230497,0.3535295326,0.5593581101,0.5514368006,0.2000982296,0.1949491944,1.293410203,4.258253829e-29,64265.14861,0.0733859386,-1.82827922,-7.163342669e-29,-4.026269728e-29,7.053909592e-06,2.259083656,1.423067209,0,0.009727772214,0.4406418899,3.330669074e-15,nan,1.01670852e-12,0,70498.65023,-8.455230856e-29,72488.05035,-8.287618129e-29,64265.14861,-4.026269728e-29,0.0002314406604,0.0005035636696,0.0004989458578,0.0006474256707,0.001317416356,0.001803425348,0.001024556933,0.0009410791429,0.001004247424,0.001577206071,0.004612120572,0.9858385723
0.004325,0.9860266068,0.001302488647,0.003160024827,0.9968399752,0.3577014699,0.3486042454,0.3535444612,0.5592547015,0.5514400156,0.2000462288,0.1949585632,1.293455527,4.258431399e-29,64267.82848,0.07334729863,-1.797680781,-7.042595657e-29,-3.942060004e-29,7.053656594e-06,2.259579454,1.42322188,0,0.009780231218,0.4407452985,3.108624469e-15,nan,1.003880403e-12,0,70503.90669,-8.238819959e-29,72491.89233,-8.131443512e-29,64267.82848,-3.942060004e-29,0.0002287567011,0.000497409902,0.0004923415618,0.0006390280157,0.001302488647,0.001780219992,0.0010092601,0.0009268338642,0.0009886635892,0.001553880438,0.004554510403,0.9860266068
0.00435,0.9862112983,0.001287854828,0.003121960088,0.9968780399,0.3576749307,0.3486840771,0.3535591995,0.5591523474,0.5514423625,0.1999947771,0.1949675203,1.293500091,4.258605976e-29,64270.46318,0.07330930991,-1.767522644,-6.923911241e-29,-3.858829469e-29,7.053403878e-06,2.26007185,1.423373946,0,0.009832683628,0.4408476526,3.330669074e-15,nan,9.91914605e-13,0,70509.06885,-8.025561849e-29,72495.66927,-7.977592464e-29,64270.46318,-3.858829469e-29,0.0002261194279,0.0004913574458,0.0004858514889,0.000630776898,0.001287854828,0.001757386515,0.0009942422861,0.0009128564998,0.0009733754388,0.001530978936,0.004497901974,0.9862112983
0.004375,0.9863927255,0.001273506686,0.003084579774,0.9969154202,0.3576486861,0.3487625767,0.3535737518,0.5590510262,0.5514438654,0.199943865,0.1949760764,1.293543907,4.258777611e-29,64273.05348,0.07327196133,-1.737796955,-6.807244372e-29,-3.776570031e-29,7.053151444e-06,2.260560933,1.423523478,0,0.009885129503,0.4409489738,3.552713679e-15,nan,9.807524191e-13,0,70514.1383,-7.815408206e-29,72499.38224,-7.82602665e-29,64273.05348,-3.776570031e-29,0.000223527602,0.000485403877,0.0004794729144,0.0006226686951,0.001273506686,0.001734917091,0.0009794971994,0.0008991408005,0.0009583761023,0.001508491865,0.00444227169,0.9863927255
0.0044,0.9865709649,0.001259436287,0.003047866264,0.9969521337,0.357622733,0.3488397748,0.3535881221,0.5589507168,0.5514445479,0.1998934829,0.1949842421,1.293586985,4.258946355e-29,64275.60014,0.07323524205,-1.708496012,-6.692551133e-29,-3.695273323e-29,7.052899295e-06,2.261046784,1.423670546,0,0.009937568902,0.4410492832,3.330669074e-15,nan,9.703391634e-13,0,70519.11658,-7.608311233e-29,72503.03228,-7.676708319e-29,64275.60014,-3.695273323e-29,0.000220980027,0.0004795468494,0.0004732031992,0.0006146999014,0.001259436287,0.001712804111,0.0009650187227,0.0008856806936,0.0009436589021,0.001486409796,0.004387596649,0.9865709649
0.004425,0.9867460906,0.001245635964,0.003011802513,0.9969881975,0.3575970685,0.3489157013,0.3536023144,0.5588513984,0.5514444326,0.1998436218,0.1949920276,1.293629335,4.259112255e-29,64278.1039,0.07319914144,-1.679612266,-6.579788714e-29,-3.614930735e-29,7.052647431e-06,2.261529486,1.423815215,0,0.009990001881,0.4411486016,3.552713679e-15,nan,9.606239047e-13,0,70524.00521,-7.404223673e-29,72506.6204,-7.529600305e-29,64278.1039,-3.614930735e-29,0.0002184755469,0.000473784091,0.0004670397864,0.0006068671244,0.001245635964,0.001691040167,0.0009508009065,0.0008724702769,0.0009292173481,0.00146472357,0.004333854618,0.9867460906
0.00445,0.9869181747,0.001232098308,0.002976372034,0.997023628,0.3575716897,0.3489903855,0.3536163326,0.5587530513,0.5514435415,0.1997942727,0.1949994428,1.293670969,4.25927536e-29,64280.56546,0.07316364911,-1.651138314,-6.468915385e-29,-3.535533437e-29,7.052395853e-06,2.262009116,1.42395755,0,0.0100424285,0.4412469487,3.552713679e-15,nan,9.515591982e-13,0,70528.80567,-7.203098825e-29,72510.14762,-7.384666026e-29,64280.56546,-3.535533437e-29,0.0002160130449,0.0004681134017,0.0004609801987,0.0005991670802,0.001232098308,0.001669618053,0.0009368379632,0.0008595038133,0.0009150451309,0.001443424284,0.004281024016,0.9869181747
0.004475,0.9870872871,0.001218816157,0.002941558873,0.9970584411,0.3575465937,0.3490638553,0.3536301803,0.5586556558,0.5514418957,0.1997454268,0.195006497,1.293711895,4.259435716e-29,64282.98554,0.0731287549,-1.623066901,-6.359890462e-29,-3.457072411e-29,7.052144563e-06,2.262485752,1.424097614,0,0.01009484881,0.4413443442,3.552713679e-15,nan,9.431008472e-13,0,70533.51944,-7.00489055e-29,72513.6149,-7.241869481e-29,64282.98554,-3.457072411e-29,0.0002135914416,0.0004625326503,0.000455022035,0.0005915965895,0.001218816157,0.001648530754,0.0009231242627,0.0008467757251,0.0009011361164,0.001422503284,0.004229083887,0.9870872871
0.0045,0.9872534957,0.001205782587,0.002907347594,0.9970926524,0.3575217774,0.3491361384,0.3536438614,0.5585591931,0.5514395159,0.1996970755,0.1950131997,1.293752125,4.25959337e-29,64285.36483,0.07309444886,-1.595390916,-6.252674287e-29,-3.379538468e-29,7.051893561e-06,2.262959465,1.424235466,0,0.01014726286,0.4414408069,3.552713679e-15,nan,9.352076783e-13,0,70538.14793,-6.809553282e-29,72517.02321,-7.101175245e-29,64285.36483,-3.379538468e-29,0.0002112096937,0.0004570397721,0.0004491629678,0.0005841525732,0.001205782587,0.00162777144,0.0009096543265,0.0008342805888,0.0008874843397,0.001401952157,0.004178013878,0.9872534957
0.004525,0.9874168664,0.001192990907,0.002873723256,0.9971262767,0.3574972381,0.3492072613,0.3536573793,0.5584636446,0.5514364219,0.1996492105,0.1950195598,1.293791668,4.259748365e-29,64287.704,0.07306072126,-1.568103388,-6.147228196e-29,-3.302922276e-29,7.051642849e-06,2.263430329,1.424371165,0,0.01019967071,0.4415363554,3.552713679e-15,nan,9.27841333e-13,0,70542.69255,-6.617042039e-29,72520.37349,-6.962548471e-29,64287.704,-3.302922276e-29,0.0002088667927,0.0004516327664,0.0004434007405,0.0005768320495,0.001192990907,0.001607333465,0.0008964228236,0.0008220131304,0.0008740839998,0.001381762722,0.004127794225,0.9874168664
0.00455,0.9875774633,0.001180434642,0.002840671394,0.9971593286,0.357472973,0.3492772498,0.3536707375,0.5583689923,0.5514326329,0.1996018237,0.195025586,1.293830534,4.259900746e-29,64290.00372,0.07302756256,-1.541197488,-6.043514496e-29,-3.22721438e-29,7.051392426e-06,2.263898413,1.424504767,0,0.01025207241,0.4416310077,3.552713679e-15,nan,9.209660738e-13,0,70547.15466,-6.427312424e-29,72523.66667,-6.825954881e-29,64290.00372,-3.22721438e-29,0.0002065617632,0.0004463096942,0.0004377331645,0.0005696321296,0.001180434642,0.001587210354,0.0008834245651,0.0008099682204,0.000860929454,0.001361927023,0.004078405724,0.9875774633
0.004575,0.9877353486,0.001168107535,0.002808178005,0.997191822,0.357448979,0.3493461292,0.3536839394,0.5582752186,0.5514281677,0.1995549069,0.1950312867,1.293868731,4.260050555e-29,64292.26462,0.07299496345,-1.514666522,-5.941496438e-29,-3.152405217e-29,7.051142295e-06,2.264363783,1.424636327,0,0.010304468,0.4417247814,3.996802889e-15,nan,9.145486033e-13,0,70551.53562,-6.240320635e-29,72526.90365,-6.691360763e-29,64292.26462,-3.152405217e-29,0.0002042936623,0.0004410686757,0.0004321581173,0.0005625500145,0.001168107535,0.001567395801,0.0008706544999,0.0007981408688,0.000848015213,0.00134243732,0.004029829723,0.9877353486
0.0046,0.9878905828,0.001156003531,0.002776229529,0.9972237705,0.3574252536,0.3494139239,0.3536969883,0.5581823065,0.5514230441,0.1995084525,0.19503667,1.29390627,4.260197834e-29,64294.48735,0.07296291479,-1.488503932,-5.841138193e-29,-3.078485141e-29,7.050892454e-06,2.264826506,1.424765898,0,0.01035685755,0.4418176935,3.774758284e-15,nan,9.085578966e-13,0,70555.83675,-6.05602347e-29,72530.08533,-6.558732967e-29,64294.48735,-3.078485141e-29,0.0002020615776,0.0004359078886,0.0004266735396,0.0005555829916,0.001156003531,0.001547883665,0.0008581077108,0.0007865262213,0.0008353359359,0.001323286085,0.003982048093,0.9878905828
0.004625,0.9880432246,0.001144116773,0.00274481283,0.9972551872,0.3574017939,0.3494806577,0.3537098874,0.5580902394,0.5514172797,0.1994624527,0.1950417439,1.293943159,4.260342625e-29,64296.67252,0.07293140767,-1.46270329,-5.742404829e-29,-3.005444432e-29,7.050642905e-06,2.265286644,1.424893531,0,0.01040924109,0.4419097606,3.552713679e-15,nan,9.029650447e-13,0,70560.05933,-5.874378323e-29,72533.21257,-6.428038901e-29,64296.67252,-3.005444432e-29,0.0001998646267,0.0004308255652,0.0004212774331,0.0005487284318,0.001144116773,0.001528667962,0.0008457794094,0.0007751195544,0.0008228864254,0.001304465994,0.003935043219,0.9880432246
0.00465,0.9881933312,0.001132441595,0.002713915187,0.9972860848,0.3573785972,0.3495463537,0.3537226397,0.5579990008,0.5514108914,0.1994169001,0.1950465161,1.293979408,4.260484968e-29,64298.82074,0.07290043332,-1.437258302,-5.645262282e-29,-2.933273317e-29,7.050393648e-06,2.265744258,1.425019276,0,0.01046161867,0.4420009992,3.552713679e-15,nan,8.977431095e-13,0,70564.20463,-5.695343195e-29,72536.28624,-6.299246522e-29,64298.82074,-2.933273317e-29,0.0001977019556,0.0004258199915,0.0004159678584,0.000541983786,0.001132441595,0.001509742861,0.0008336649328,0.0007639162715,0.0008106616234,0.001285969917,0.003888797979,0.9881933312
0.004675,0.9883409582,0.001120972514,0.002683524271,0.9973164757,0.3573556607,0.3496110343,0.3537352484,0.5579085751,0.5514038957,0.1993717875,0.195050994,1.294015025,4.260624902e-29,64300.93261,0.07286998318,-1.412162797,-5.54967734e-29,-2.861961984e-29,7.050144684e-06,2.266199409,1.42514318,0,0.01051399035,0.4420914249,3.552713679e-15,nan,8.693863792e-13,0,70568.27389,-5.518876687e-29,72539.30716,-6.172324334e-29,64300.93261,-2.861961984e-29,0.0001955727379,0.0004208895041,0.000410742933,0.0005353465826,0.001120972514,0.00149110268,0.0008217597394,0.0007529118989,0.0007986566063,0.001267790917,0.003843295729,0.9883409582
0.0047,0.9884861594,0.001109704222,0.002653628139,0.9973463719,0.3573329818,0.3496747215,0.3537477163,0.5578189467,0.5513963083,0.1993271075,0.1950551848,1.294050019,4.260762465e-29,64303.00869,0.07284004887,-1.387410731,-5.455617617e-29,-2.791500589e-29,7.049896011e-06,2.266652155,1.425265291,0,0.01056635615,0.4421810533,3.552713679e-15,nan,8.417241264e-13,0,70572.26835,-5.344938007e-29,72542.27617,-6.04724138e-29,64303.00869,-2.791500589e-29,0.0001934761739,0.0004160324894,0.0004056008291,0.0005288144244,0.001109704222,0.00147274188,0.0008100594051,0.0007421020817,0.0007868665813,0.001249922242,0.003798520286,0.9884861594
0.004725,0.9886289874,0.001098631584,0.002624215212,0.9973757848,0.3573105578,0.3497374365,0.3537600464,0.5577301006,0.5513881446,0.1992828533,0.1950590956,1.294084399,4.260897695e-29,64305.04958,0.07281062218,-1.362996184,-5.363051529e-29,-2.721879279e-29,7.049647632e-06,2.267102551,1.425385653,0,0.01061871614,0.4422698994,3.774758284e-15,nan,8.15616199e-13,0,70576.18918,-5.173486964e-29,72545.19408,-5.923967233e-29,64305.04958,-2.721879279e-29,0.0001914114891,0.000411247381,0.0004005397714,0.0005223849861,0.001098631584,0.001454655063,0.0007985596198,0.0007314825806,0.0007752868814,0.001232357315,0.003754455915,0.9886289874
0.00475,0.9887694933,0.001087749628,0.002595274268,0.9974047257,0.357288386,0.3497991999,0.3537722415,0.5576420221,0.5513794196,0.1992390181,0.1950627332,1.294118172,4.261030629e-29,64307.05581,0.07278169507,-1.338913353,-5.271948276e-29,-2.653088192e-29,7.049399545e-06,2.267550652,1.425504311,0,0.01067107034,0.4423579779,3.774758284e-15,nan,7.909742183e-13,0,70580.03756,-5.00448397e-29,72548.06167,-5.802471996e-29,64307.05581,-2.653088192e-29,0.0001893779339,0.0004065326588,0.000395558036,0.0005160560114,0.001087749628,0.001436836965,0.0007872561837,0.0007210492678,0.0007639129624,0.001215089735,0.003711087313,0.9887694933
0.004775,0.9889077267,0.001077053539,0.002566794426,0.9974332056,0.3572664639,0.3498600321,0.3537843042,0.5575546968,0.5513701478,0.199195595,0.1950661041,1.294151347,4.261161304e-29,64309.02794,0.07275325966,-1.315156556,-5.182277819e-29,-2.585117475e-29,7.04915175e-06,2.267996511,1.425621306,0,0.01072341881,0.4424453032,3.774758284e-15,nan,7.677148956e-13,0,70583.81464,-4.837890038e-29,72550.87972,-5.682726289e-29,64309.02794,-2.585117475e-29,0.000187374782,0.0004018868465,0.0003906539479,0.0005098253112,0.001077053539,0.001419282452,0.0007761450043,0.0007107981235,0.0007527403986,0.001198113267,0.003668399596,0.9889077267
0.0048,0.989043736,0.001066538655,0.002538765135,0.9974612349,0.3572447889,0.3499199524,0.3537962374,0.5574681108,0.551360343,0.1991525776,0.1950692148,1.294183932,4.261289755e-29,64310.96651,0.07272530823,-1.291720225,-5.094010863e-29,-2.517957292e-29,7.048904248e-06,2.26844018,1.42573668,0,0.01077576159,0.4425318892,3.996802889e-15,nan,7.457597344e-13,0,70587.52155,-4.673666776e-29,72553.64901,-5.564701247e-29,64310.96651,-2.517957292e-29,0.0001854013303,0.0003973085107,0.0003858258793,0.0005036907604,0.001066538655,0.001401986517,0.0007652220926,0.0007007252331,0.000741764879,0.001181421839,0.003626378284,0.989043736
0.004825,0.9891775682,0.001056200461,0.002511176162,0.9974888238,0.3572233583,0.3499789801,0.3538080435,0.5573822504,0.551350019,0.1991099594,0.1950720715,1.294215936,4.261416016e-29,64312.87203,0.07269783324,-1.268598906,-5.007118832e-29,-2.451597831e-29,7.048657037e-06,2.268881708,1.425850474,0,0.01082809871,0.4426177496,3.774758284e-15,nan,7.250347505e-13,0,70591.15939,-4.511776388e-29,72556.37027,-5.44836851e-29,64312.87203,-2.451597831e-29,0.0001834568973,0.0003927962593,0.0003810722487,0.0004976502961,0.001056200461,0.001384944277,0.0007544835606,0.0006908267836,0.0007309822044,0.001165009536,0.00358500929,0.9891775682
0.00485,0.989309269,0.001046034585,0.002484017581,0.9975159824,0.3572021698,0.3500371336,0.3538197251,0.5572971023,0.5513391889,0.1990677341,0.1950746803,1.294247365,4.261540122e-29,64314.74503,0.07267082727,-1.245787253,-4.921573853e-29,-2.386029314e-29,7.048410119e-06,2.269321145,1.425962724,0,0.01088043022,0.4427028977,3.774758284e-15,nan,7.054702083e-13,0,70594.72924,-4.352181669e-29,72559.04424,-5.333700217e-29,64314.74503,-2.386029314e-29,0.000181540823,0.0003883487396,0.0003763915182,0.0004917019154,0.001046034585,0.001368150969,0.0007439256175,0.0006810990604,0.0007203882832,0.001148870593,0.003544278907,0.989309269
0.004875,0.989438883,0.001036036789,0.00245727976,0.9975427202,0.3571812206,0.3500944311,0.3538312847,0.5572126534,0.5513278654,0.1990258957,0.1950770469,1.294278228,4.261662106e-29,64316.586,0.07264428307,-1.223280034,-4.837348736e-29,-2.321242001e-29,7.048163492e-06,2.269758536,1.42607347,0,0.01093275615,0.4427873466,3.996802889e-15,nan,6.870003735e-13,0,70598.23218,-4.194846e-29,72561.67165,-5.220668996e-29,64316.586,-2.321242001e-29,0.0001796524675,0.0003839646375,0.0003717821931,0.000485843673,0.001036036789,0.001351601943,0.0007335445676,0.0006715384446,0.0007099791287,0.001132999395,0.003504173795,0.989438883
0.0049,0.9895664535,0.001026202969,0.002430953355,0.9975690466,0.3571605085,0.3501508901,0.3538427247,0.5571288911,0.5513160609,0.1989844381,0.1950791771,1.294308531,4.261782001e-29,64318.39543,0.07261819353,-1.201062461,-4.754367176e-29,-2.257226204e-29,7.047917156e-06,2.270193929,1.426182747,0,0.01098507655,0.4428711089,4.218847494e-15,nan,6.695632796e-13,0,70601.66923,-4.039733345e-29,72564.2532,-5.109247964e-29,64318.39543,-2.257226204e-29,0.0001777912108,0.0003796426758,0.0003672428195,0.0004800736795,0.001026202969,0.001335292663,0.0007233368068,0.0006621414098,0.0006997508555,0.00111739047,0.00346468097,0.9895664535
0.004925,0.9896920227,0.001016529148,0.002405029295,0.9975949707,0.3571400309,0.3502065279,0.3538540474,0.557045803,0.5513037875,0.1989433553,0.1950810765,1.294338284,4.261899838e-29,64320.17382,0.07259255169,-1.179144349,-4.672679926e-29,-2.193972286e-29,7.04767111e-06,2.270627368,1.426290591,0,0.01103739145,0.442954197,3.774758284e-15,nan,6.531005091e-13,0,70605.04144,-3.886808243e-29,72566.78959,-4.999410711e-29,64320.17382,-2.193972286e-29,0.0001759564517,0.0003753816131,0.0003627719834,0.0004743900993,0.001016529148,0.001319218701,0.0007132988204,0.0006529045198,0.000689699677,0.001102038482,0.003425787792,0.9896920227
0.00495,0.9898156318,0.001007011469,0.002379498777,0.9976205012,0.3571197854,0.350261361,0.3538652551,0.5569633769,0.5512910568,0.1989026416,0.1950827504,1.294367492,4.262015649e-29,64321.92162,0.07256735073,-1.157525697,-4.592286986e-29,-2.13147067e-29,7.047425354e-06,2.271058896,1.426397036,0,0.01108970088,0.4430366231,3.774758284e-15,nan,6.37556987e-13,0,70608.34979,-3.736035808e-29,72569.2815,-4.891131299e-29,64321.92162,-2.13147067e-29,0.0001741476073,0.0003711802425,0.0003583683093,0.0004687911487,0.001007011469,0.001303375736,0.00070342718,0.0006438244251,0.0006798219018,0.001086938231,0.003387481955,0.9898156318
0.004975,0.9899373207,0.0009976461975,0.002354353253,0.9976456467,0.3570997695,0.3503154058,0.35387635,0.5568816011,0.5512778801,0.1988622914,0.1950842041,1.294396163,4.262129464e-29,64323.63932,0.07254258395,-1.136206506,-4.513188356e-29,-2.069711844e-29,7.047179887e-06,2.271488555,1.426502116,0,0.01114200489,0.4431183989,3.996802889e-15,nan,6.228807872e-13,0,70611.59528,-3.587381719e-29,72571.72961,-4.784384253e-29,64323.63932,-2.069711844e-29,0.0001723641123,0.0003670373903,0.0003540304589,0.0004632750941,0.0009976461975,0.001287759549,0.0006937185414,0.0006348978612,0.0006701139312,0.001072084648,0.003349751477,0.9899373207
0.005,0.9900571285,0.0009884297096,0.002329584423,0.9976704156,0.357079981,0.3503686781,0.3538873344,0.5568004639,0.5512642685,0.1988222991,0.1950854425,1.294424304,4.262241315e-29,64325.32736,0.07251824479,-1.115186775,-4.435384037e-29,-2.008686364e-29,7.046934709e-06,2.271916386,1.426605862,0,0.01119430351,0.4431995361,3.996802889e-15,nan,6.090229495e-13,0,70614.77887,-3.440812215e-29,72574.13456,-4.67914455e-29,64325.32736,-2.008686364e-29,0.0001706054185,0.0003629519151,0.0003497571296,0.0004578402505,0.0009884297096,0.001272366018,0.0006841696417,0.0006261216454,0.0006605722564,0.001057472789,0.00331258469,0.9900571285
