t_s,P_up,P_down,P_F2,P_F3,P_n0,P_target,P_n0_given_up,P_trapped,P_up_absolute,P_n0_absolute,P_target_absolute,nbar,mean_excitation_energy_J,mean_excitation_energy_hz,fractional_energy_reduction,cooling_rate_quanta_per_s,cooling_power_W,selection_cooling_power_W,T_equiv_K,photons_spin_pump,photons_repump,photons_raman_scatter,photons_lattice_scatter,overflow,trace_plus_overflow_minus_1,boundary_population,min_eigenvalue,raman_coherence_l1,mean_excitation_energy_x_hz,selection_cooling_power_x_W,mean_excitation_energy_y_hz,selection_cooling_power_y_W,mean_excitation_energy_z_hz,selection_cooling_power_z_W,"P|2,-2>","P|2,-1>","P|2,+0>","P|2,+1>","P|2,+2>","P|3,-3>","P|3,-2>","P|3,-1>","P|3,+0>","P|3,+1>","P|3,+2>","P|3,+3>"
0,0.1428571429,0,0,1,0.3279169252,0.04684527503,0.3279169252,1,0.1428571429,0.3279169252,0.04684527503,1.450416694,4.595498824e-29,69354.81695,0,548.2045273,1.487579689e-26,1.290097868e-26,1e-05,0,0,0,0,0,-2.220446049e-16,nan,0,0,76034.56526,3.186213664e-26,75931.53739,1.428597569e-26,69354.81695,1.290097868e-26,0,0,0,0,0,0.1428571429,0.1428571429,0.1428571429,0.1428571429,0.1428571429,0.1428571429,0.1428571429
2.5e-05,0.1537091576,0.01171729123,0.05196647847,0.9480335215,0.3301249701,0.05077667632,0.330342558,0.9754272116,0.149932095,0.322012879,0.04952895179,1.437584392,4.56145866e-29,68841.08615,0.007407283689,535.0592762,1.471870434e-26,1.455803146e-26,9.731264596e-06,0.1464011224,0.01013068116,5.558485421e-06,8.49270729e-05,0.02457278844,2.220446049e-16,nan,1.373227019e-07,0.01966754658,75110.30719,2.929850742e-26,75459.30434,1.404726426e-26,68841.08615,1.455803146e-26,0.002611462909,0.01044665472,0.01361974962,0.01357132,0.01171729123,0.1322505522,0.1280997128,0.127182769,0.1292892674,0.1344045372,0.1430975253,0.1537091576
5e-05,0.167426487,0.02046967766,0.0890348928,0.9109651072,0.3327872225,0.05592221474,0.3340105604,0.9521266153,0.1594112144,0.3168555718,0.05324502904,1.424181784,4.524084691e-29,68277.04188,0.01554001758,520.0585734,1.4474314e-26,1.525949944e-26,9.456846029e-06,0.2763355704,0.03587390577,1.098284014e-05,0.0001680430832,0.04787338468,4.440892099e-16,nan,2.153024559e-07,0.0137018056,74274.76165,2.693492682e-26,75007.2395,1.356620429e-26,68277.04188,1.525949944e-26,0.004864320201,0.01786775879,0.0225638531,0.02326928304,0.02046967766,0.1231144357,0.1161563161,0.1147475674,0.1183699485,0.1273565628,0.1437937898,0.167426487
7.5e-05,0.1811237741,0.02908456117,0.1173192479,0.8826807521,0.3355384141,0.06104625334,0.3370416372,0.9301684337,0.1684756172,0.3121072411,0.05678329785,1.411111563,4.48713106e-29,67719.3413,0.02358128419,503.2024189,1.414262587e-26,1.553841748e-26,9.201726076e-06,0.3930459096,0.07200359722,1.628010775e-05,0.000249440903,0.06983156628,4.440892099e-16,nan,2.535896031e-07,0.02024821522,73519.92813,2.48383476e-26,74579.62522,1.300987522e-26,67719.3413,1.553841748e-26,0.006756252308,0.02303767585,0.02832649482,0.03011426378,0.02908456117,0.1151674974,0.1063235897,0.1047057691,0.1093705886,0.1213259863,0.144663547,0.1811237741
0.0001,0.1972264366,0.035100396,0.1367030126,0.8632969874,0.3382244719,0.06703122853,0.3398693891,0.9095558232,0.1793884539,0.3076340379,0.06096864424,1.398628949,4.451714184e-29,67184.83329,0.03128814627,484.4908127,1.372363995e-26,1.537900678e-26,8.969805844e-06,0.4989245633,0.1148105777,2.14577076e-05,0.000329215101,0.09044417683,8.881784197e-16,nan,2.660938583e-07,0.01560553688,72838.6049,2.287991883e-26,74178.77546,1.233822465e-26,67184.83329,1.537900678e-26,0.008306173022,0.02653640067,0.03191093627,0.03484910659,0.035100396,0.1081885729,0.09809476255,0.09644839325,0.1017905574,0.1160383977,0.1455098671,0.1972264366
0.000125,0.2133455065,0.04088680328,0.1512428903,0.8487571097,0.3408001865,0.07299849473,0.3421609198,0.8902591039,0.1899327794,0.3034004687,0.0649875745,1.386784854,4.41810751e-29,66677.64467,0.03860110084,463.9237548,1.321735623e-26,1.506713713e-26,8.759478665e-06,0.5957615296,0.1616503244,2.652316031e-05,0.0004074616537,0.1097408961,8.881784197e-16,nan,2.624795021e-07,0.01986585804,72224.33754,2.112169022e-26,73805.74652,1.166245004e-26,66677.64467,1.506713713e-26,0.009544331272,0.02879750333,0.03399649815,0.03801775425,0.04088680328,0.1020019909,0.09109984289,0.08953386367,0.09527997033,0.1112981948,0.1461977407,0.2133455065
0.00015,0.2309701761,0.04491869854,0.1606404473,0.8393595527,0.3432708959,0.0795290559,0.3443260825,0.8722159471,0.2014558709,0.2994063496,0.06936651082,1.375608628,4.386385091e-29,66198.89304,0.04550403343,436.3752545,1.241304749e-26,1.455269758e-26,8.568567659e-06,0.684917647,0.2107087053,3.148380401e-05,0.000484274801,0.1277840529,1.110223025e-15,nan,2.493360861e-07,0.01720608287,71671.0472,1.948382428e-26,73460.50347,1.094980228e-26,66198.89304,1.455269758e-26,0.01050608677,0.03014511682,0.03504818191,0.04002236323,0.04491869854,0.09646935165,0.08506739476,0.08364185006,0.08959356004,0.1069680922,0.146649128,0.2309701761
0.000175,0.2484360197,0.04883055317,0.1674260589,0.8325739411,0.3456684384,0.08602955805,0.3462845611,0.855358083,0.2125017575,0.2956702928,0.07358607785,1.364996686,4.356215571e-29,65743.57761,0.05206904871,412.0296141,1.173045291e-26,1.399215801e-26,8.393113602e-06,0.76744478,0.2607127253,3.634669339e-05,0.0005597469492,0.144641917,1.110223025e-15,nan,2.310662767e-07,0.02045887687,71173.05374,1.801130659e-26,73142.29619,1.027292219e-26,65743.57761,1.399215801e-26,0.01122775269,0.03082100353,0.03538600338,0.04116074609,0.04883055317,0.09147985243,0.07979515606,0.07853766701,0.08455501101,0.1029505218,0.1468197131,0.2484360197
0.0002,0.2667497299,0.05157064897,0.1712094113,0.8287905887,0.3480191535,0.09289350042,0.3482421536,0.8396020108,0.2239636096,0.292197581,0.07799356974,1.354997584,4.327714589e-29,65313.44358,0.05827098321,390.0557792,1.113324373e-26,1.335551063e-26,8.232358678e-06,0.8441709004,0.3108215371,4.111843173e-05,0.0006339657408,0.1603979892,1.554312234e-15,nan,2.105417321e-07,0.01934262859,70725.17826,1.663696361e-26,72849.95669,9.592585272e-27,65313.44358,1.335551063e-26,0.01174438428,0.03100586172,0.03523277431,0.04165574205,0.05157064897,0.08694606554,0.07513231526,0.07404974528,0.08003779031,0.09917822847,0.1466967139,0.2667497299
0.000225,0.2848547364,0.05416816365,0.1735067382,0.8264932618,0.3503456846,0.09972279139,0.3500829674,0.8248712327,0.2349684775,0.2889900768,0.08225846186,1.34552033,4.300620633e-29,64904.54426,0.06416674262,370.1799178,1.06062177e-26,1.271687067e-26,8.083691088e-06,0.9157587619,0.360421424,4.580521382e-05,0.000707013059,0.1751287673,1.554312234e-15,nan,1.895777842e-07,0.02190653521,70322.9454,1.539259006e-26,72582.40627,8.95271555e-27,64904.54426,1.271687067e-26,0.01208822151,0.0308342179,0.03474324092,0.04167289422,0.05416816365,0.08279728005,0.0709640861,0.07005066635,0.07594679848,0.09560326711,0.1462764273,0.2848547364
0.00025,0.3032938774,0.05604104939,0.174100479,0.825899521,0.3526609469,0.1067790192,0.3520645391,0.8110862606,0.2459974969,0.2860384487,0.08660699537,1.336497893,4.274712818e-29,64513.54605,0.06980439299,352.1699284,1.013732796e-26,1.20642757e-26,7.945098698e-06,0.9827483692,0.4091393303,5.04127554e-05,0.0007789661258,0.1889137394,1.776356839e-15,nan,1.692729498e-07,0.02192165618,69961.75458,1.424710916e-26,72337.94551,8.340474548e-27,64513.54605,1.20642757e-26,0.0122882233,0.03040654249,0.03402700108,0.0413376628,0.05604104939,0.07897717569,0.06720315609,0.06644598585,0.07221202973,0.09219301063,0.1455742855,0.3032938774
0.000275,0.3214438564,0.05778864733,0.1738605517,0.8261394483,0.3549765994,0.1138010635,0.3540309178,0.7981785274,0.256569584,0.2833346994,0.09083356529,1.327891128,4.249876104e-29,64138.71281,0.07520896701,335.726662,9.715783243e-27,1.142789066e-26,7.815334884e-06,1.045587464,0.4567078871,5.494634121e-05,0.0008498969232,0.2018214726,1.776356839e-15,nan,1.502475716e-07,0.02401301209,69637.49883,1.321206994e-26,72114.86009,7.777924195e-27,64138.71281,1.142789066e-26,0.01236970629,0.02979749749,0.03316086629,0.04074383429,0.05778864733,0.0754396776,0.06378160051,0.06316429559,0.06877876172,0.08892403379,0.1446072227,0.3214438564
0.0003,0.3396514829,0.05903470091,0.1726151617,0.8273848383,0.3572717359,0.1209524876,0.3561076386,0.7860785837,0.2669927566,0.2808436602,0.09507816011,1.319684308,4.226054282e-29,63779.1962,0.08039269644,320.7175115,9.335488719e-27,1.081077516e-26,7.693609543e-06,1.104653276,0.5029812441,5.941082301e-05,0.0009198722759,0.2139214163,2.220446049e-15,nan,1.328093868e-07,0.02455342936,69346.36524,1.225798128e-26,71911.35073,7.246691592e-27,63779.1962,1.081077516e-26,0.01235462093,0.02906290779,0.03219986865,0.03996306341,0.05903470091,0.07214793043,0.06064687966,0.06015189691,0.06560535344,0.08578075365,0.1434005413,0.3396514829
0.000325,0.3575634975,0.0601171403,0.1708545369,0.8291454631,0.3595650522,0.1280616778,0.3581508702,0.7747259501,0.2770137203,0.2785643767,0.09921270499,1.311849201,4.2031793e-29,63433.96923,0.0853703892,306.4721453,8.974663614e-27,1.021379821e-26,7.579153981e-06,1.160268143,0.5478505442,6.381069403e-05,0.0009889538542,0.2252740499,2.220446049e-15,nan,1.170672071e-07,0.02611228188,69085.18614,1.138646291e-26,71725.95336,6.754792666e-27,63433.96923,1.021379821e-26,0.01226164924,0.02824423144,0.03118258022,0.03904893569,0.0601171403,0.06907157043,0.05775733123,0.05736739884,0.06265780945,0.08275185939,0.1419759963,0.3575634975
0.00035,0.3753485573,0.06084941927,0.1685080457,0.8314919543,0.361864915,0.1352343683,0.3602900974,0.7640615692,0.2867894077,0.2764870748,0.1033273836,1.304360055,4.181180388e-29,63101.96381,0.0901574457,292.8907207,8.627706653e-27,9.645488741e-27,7.47126772e-06,1.212710947,0.5912718143,6.815006872e-05,0.001057198564,0.2359384308,2.442490654e-15,nan,1.030076064e-07,0.02696521017,68851.04067,1.058010218e-26,71557.18672,6.292285145e-27,63101.96381,9.645488741e-27,0.01210663875,0.02737243744,0.0301368577,0.0380426925,0.06084941927,0.06618601234,0.05508004047,0.05477897297,0.0599094113,0.07982982841,0.1403591316,0.3753485573
0.000375,0.3928090056,0.06142104626,0.1658518218,0.8341481782,0.3641596319,0.1423523848,0.3623959299,0.7540339703,0.296191334,0.274588733,0.1073385339,1.297191208,4.159995566e-29,62782.24455,0.09476735272,279.8827689,8.291159696e-27,9.09961962e-27,7.369352093e-06,1.262225736,0.6332166142,7.243273991e-05,0.001124659032,0.2459660297,2.664535259e-15,nan,9.054597444e-08,0.0282560812,68641.43734,9.838586133e-27,71403.79254,5.862681884e-27,62782.24455,9.09961962e-27,0.01190284508,0.02647044955,0.02908219181,0.03697528907,0.06142104626,0.06347074995,0.05258833851,0.05236145386,0.05733770226,0.07700896111,0.1385719669,0.3928090056
0.0004,0.4100435657,0.06172423915,0.1628442396,0.8371557604,0.3664433561,0.1494857504,0.3645606537,0.7445938122,0.3053159018,0.2728514555,0.1113061647,1.290344117,4.139656214e-29,62475.28505,0.09919328184,267.460033,7.96541076e-27,8.588588181e-27,7.273266882e-06,1.309028223,0.673691245,7.666220796e-05,0.001191383727,0.2554061878,2.664535259e-15,nan,7.956011233e-08,0.02923968282,68454.06182,9.150331375e-27,71264.53471,5.458881681e-27,62475.28505,8.588588181e-27,0.01166135163,0.02555533077,0.02803266003,0.03587065802,0.06172423915,0.06090893036,0.05026068971,0.05009496728,0.05492449425,0.07428531648,0.1366377966,0.4100435657
0.000425,0.426961978,0.06184969555,0.1596249078,0.8403750922,0.3687187724,0.1565497469,0.366659691,0.7356986961,0.3141153705,0.27126592,0.1151734447,1.283807981,4.120138823e-29,62180.7305,0.1034403487,255.6942664,7.654260865e-27,8.097378917e-27,7.182638623e-06,1.353310645,0.7126988065,8.084170703e-05,0.001257417127,0.2643013039,3.108624469e-15,nan,6.99116357e-08,0.03021321421,68286.97305,8.512452262e-27,71138.40469,5.081188401e-27,62180.7305,8.097378917e-27,0.01139130377,0.02463958084,0.02699779696,0.0347465307,0.06184969555,0.05848621951,0.04807920214,0.0479632846,0.05265382587,0.07165547816,0.1345751039,0.426961978
0.00045,0.443570713,0.06178954463,0.1562234631,0.8437765369,0.3709798031,0.1635878287,0.3687976322,0.7273085236,0.3226127604,0.2698167729,0.1189788221,1.277556539,4.101379827e-29,61897.62159,0.1075223855,244.7296932,7.363536983e-27,7.640228544e-27,7.096952175e-06,1.395245536,0.7502665362,8.497421035e-05,0.001322800528,0.2726914764,3.108624469e-15,nan,6.14592408e-08,0.03126165013,68138.31226,7.920918076e-27,71024.3401,4.728947097e-27,61897.62159,7.640228544e-27,0.01110026285,0.02373240018,0.02598449583,0.03361675959,0.06178954463,0.05619061536,0.04602908764,0.04595319026,0.05051257926,0.06911681741,0.132403534,0.443570713
0.000475,0.4598432978,0.0615739301,0.1526976996,0.8473023004,0.3732199349,0.1705460866,0.3708787047,0.7193881544,0.3308058213,0.2684900001,0.1226888345,1.271577533,4.08334676e-29,61625.46831,0.1114464573,234.6246425,7.096887907e-27,7.202529043e-27,7.015860954e-06,1.434988842,0.7864213244,8.906247407e-05,0.001387572231,0.2806118456,3.330669074e-15,nan,5.406660408e-08,0.03204497937,68006.4544,7.37113644e-27,70921.42106,4.399268321e-27,61625.46831,7.202529043e-27,0.01079441294,0.02284042159,0.02499729314,0.03249164187,0.0615739301,0.05401177085,0.0440978262,0.04405359974,0.04848919951,0.066666849,0.1301397573,0.4598432978
0.0005,0.4757337024,0.06125064364,0.1491165837,0.8508834163,0.3754476558,0.1774442055,0.3729906135,0.7119039693,0.3386767111,0.2672826764,0.1263232343,1.265828861,4.065913727e-29,61362.37068,0.1152399592,225.4660107,6.857728954e-27,6.796034283e-27,6.938669295e-06,1.472682325,0.8212061754,9.310905622e-05,0.00145176798,0.2880960307,3.108624469e-15,nan,4.760668098e-08,0.03309223968,67889.86059,6.861908282e-27,70828.73172,4.093210163e-27,61362.37068,6.796034283e-27,0.01047882846,0.02196843603,0.024039407,0.03137926861,0.06125064364,0.05194089371,0.04227488054,0.04225525473,0.04657408058,0.06430348197,0.1278011223,0.4757337024
0.000525,0.4912511335,0.06081483546,0.1454907227,0.8545092773,0.3776627577,0.1842562864,0.3750755445,0.7048256627,0.3462464057,0.2661864034,0.1298685592,1.260292705,4.049027185e-29,61107.52065,0.1189145422,217.1223303,6.642011745e-27,6.407910202e-27,6.865019926e-06,1.508455601,0.8546650818,9.711633184e-05,0.001515421143,0.2951743373,3.552713679e-15,nan,4.196377013e-08,0.03378226604,67787.16478,6.388245169e-27,70745.46608,3.806689144e-27,61107.52065,6.407910202e-27,0.0101576303,0.02111979124,0.02311281277,0.03028565291,0.06081483546,0.04997030966,0.04055118905,0.04055021449,0.04475875279,0.06202464952,0.1254030283,0.4912511335
0.00055,0.5063589582,0.06030726257,0.1418723375,0.8581276625,0.3798612414,0.1909841243,0.377171414,0.6981247332,0.3535017125,0.2651905278,0.1333307408,1.254960459,4.032666256e-29,60860.60311,0.1224747496,209.4191955,6.444480399e-27,6.047780612e-27,6.794703773e-06,1.542427701,0.8868489954,0.0001010865024,0.00157856275,0.3018752668,3.774758284e-15,nan,3.703418599e-08,0.03478274806,67697.08938,5.949222798e-27,70670.84336,3.541075208e-27,60860.60311,6.047780612e-27,0.009834163701,0.02029677871,0.02221873156,0.02921540095,0.06030726257,0.04809333789,0.0389189501,0.03893164795,0.04303595436,0.05982840017,0.1229604139,0.5063589582
0.000575,0.5210945841,0.05969809433,0.1382393389,0.8617606611,0.3820422013,0.1976193704,0.3792389644,0.6917758,0.3604806228,0.2642875495,0.1367082981,1.249822003,4.016804188e-29,60621.21434,0.1259264027,202.2233177,6.26055303e-27,5.704708104e-27,6.727501863e-06,1.574708306,0.9178033892,0.0001050216117,0.00164122155,0.3082242,3.996802889e-15,nan,3.272603698e-08,0.03534554955,67618.52272,5.539358969e-27,70604.18558,3.291808475e-27,60621.21434,5.704708104e-27,0.009511109506,0.01950084598,0.02135759045,0.02817169865,0.05969809433,0.04630400894,0.03737130315,0.03739352754,0.0413990269,0.05771265154,0.1204855589,0.5210945841
0.0006,0.5353968271,0.05905538872,0.1346652676,0.8653347324,0.3842084728,0.2041555779,0.3813163762,0.6857549845,0.3671510429,0.2634728753,0.1400007052,1.244846599,4.001356739e-29,60388.08295,0.1292878331,195.4142723,6.086408631e-27,5.386391297e-27,6.662992695e-06,1.605398766,0.9475791086,0.0001089235583,0.001703424442,0.3142450155,3.996802889e-15,nan,2.895852785e-08,0.03629658949,67550.41956,5.159636789e-27,70544.83181,3.061256107e-27,60388.08295,5.386391297e-27,0.00919061676,0.01873283704,0.02052947845,0.02715694659,0.05905538872,0.04459702829,0.03590223195,0.03593054708,0.03984222457,0.05567536409,0.1179905094,0.5353968271
0.000625,0.5493213044,0.0583321856,0.1311064765,0.8688935235,0.38635181,0.210590885,0.3833655882,0.6800406348,0.3735608085,0.2627349302,0.1432103591,1.240039635,3.986340164e-29,60161.45428,0.1325555033,189.0172069,5.922925478e-27,5.08401854e-27,6.601147974e-06,1.634593032,0.9762241635,0.0001127941069,0.001765196518,0.3199593652,4.440892099e-15,nan,2.566102725e-08,0.03681131425,67491.84158,4.80495565e-27,70492.18706,2.845227114e-27,60161.45428,5.08401854e-27,0.008874383751,0.01799311818,0.01973407635,0.02617271261,0.0583321856,0.04296760496,0.03450637493,0.03453794735,0.03836030457,0.05371441261,0.1154855747,0.5493213044
0.00065,0.5628289393,0.05757707919,0.1276133013,0.8723866987,0.388476386,0.2169200451,0.3854102552,0.6746128994,0.3796916626,0.2620711811,0.1463370606,1.23539073,3.97172767e-29,59940.92396,0.1357352439,183.0223478,5.76994296e-27,4.802931437e-27,6.541782811e-06,1.662378348,1.00378542,0.0001166349053,0.001826561062,0.3253871006,4.662936703e-15,nan,2.277202844e-08,0.0376184208,67441.92469,4.47584413e-27,70445.68789,2.64526954e-27,59940.92396,4.802931437e-27,0.008563739713,0.01728169886,0.0189708135,0.02521997007,0.05757707919,0.04141138435,0.03317892796,0.03321143332,0.03694852648,0.0518276202,0.112979867,0.5628289393
0.000675,0.5759522747,0.05676800586,0.1241641601,0.8758358399,0.3905824193,0.2231392571,0.3874266443,0.6694535587,0.3855732999,0.2614767906,0.1493813697,1.230887766,3.957488979e-29,59726.03503,0.1388336433,177.3913221,5.626457397e-27,4.536673083e-27,6.484710205e-06,1.688835888,1.030307523,0.0001204474919,0.001887539876,0.3305464413,4.662936703e-15,nan,2.023812283e-08,0.03808806672,67399.88557,4.168745841e-27,70404.82165,2.458525326e-27,59726.03503,4.536673083e-27,0.008259709951,0.01659832026,0.01823892155,0.02429920248,0.05676800586,0.03992438095,0.03191555695,0.03194709989,0.03560255111,0.05001276029,0.110481216,0.5759522747
0.0007,0.5886685069,0.05593806188,0.1207918238,0.8792081762,0.3926702251,0.2292507126,0.3894394042,0.6645456234,0.3911970799,0.2609472796,0.1523475577,1.226520762,3.943596357e-29,59516.36894,0.1418567367,172.1153659,5.492091144e-27,4.28854774e-27,6.429761249e-06,1.714041307,1.055835823,0.0001242333014,0.001948153368,0.3354543766,4.884981308e-15,nan,1.801302253e-08,0.03877769209,67365.00552,3.882843843e-27,70369.11034,2.284921909e-27,59516.36894,4.28854774e-27,0.007963073026,0.0159425307,0.01753755967,0.02341059855,0.05593806188,0.03850293908,0.03071234021,0.03074138622,0.0343184968,0.04826760787,0.1079968991,0.5886685069
0.000725,0.601001869,0.05507416822,0.1174820856,0.8825179144,0.3947390891,0.2352464989,0.3914239056,0.6598734438,0.396585173,0.2604778421,0.1552329173,1.222279712,3.930023384e-29,59311.52696,0.1448102731,167.2375828,5.367995793e-27,4.054075517e-27,6.376780179e-06,1.738065224,1.080412735,0.0001279936754,0.002008420647,0.3401265562,4.884981308e-15,nan,1.605665065e-08,0.03918013024,67336.6355,3.616513098e-27,70338.12435,2.123361774e-27,59311.52696,4.054075517e-27,0.007674402306,0.01531373162,0.01686576682,0.02255401665,0.05507416822,0.03714367377,0.02956569933,0.02959101691,0.03309275966,0.04658990889,0.1055329869,0.601001869
0.00075,0.6129350162,0.05420445824,0.1142615192,0.8857384808,0.3967890832,0.2411310355,0.3934039158,0.6554223937,0.4017313355,0.2600644507,0.1580426805,1.218155252,3.916747036e-29,59111.16163,0.1476992626,162.6839089,5.251946114e-27,3.834895621e-27,6.325630222e-06,1.760973642,1.104081132,0.000131729869,0.002068359628,0.3445776063,5.329070518e-15,nan,1.433432621e-08,0.03981487048,67314.17308,3.36836224e-27,70311.4577,1.973012897e-27,59111.16163,3.834895621e-27,0.00739410536,0.0147112232,0.01622257558,0.02172915683,0.05420445824,0.03584344664,0.02847236216,0.02849297404,0.03192209992,0.04497743008,0.1030951517,0.6129350162
0.000775,0.6245016522,0.05330677818,0.1111058985,0.8888941015,0.3988183154,0.2469023884,0.3953590635,0.6511790632,0.4066624008,0.259702137,0.160777666,1.214142362,3.903754201e-29,58915.07503,0.1505265586,158.3939474,5.142125117e-27,3.628451771e-27,6.27621369e-06,1.782828336,1.126880692,0.0001354430573,0.002127987087,0.3488209368,5.551115123e-15,nan,1.281604151e-08,0.04014013322,67297.06907,3.137137442e-27,70288.7374,1.833263702e-27,58915.07503,3.628451771e-27,0.007122451052,0.01413422836,0.01560694606,0.02093549481,0.05330677818,0.03459931995,0.02742931094,0.02744445305,0.0308034696,0.04342792416,0.1006879716,0.6245016522
0.0008,0.635679129,0.05241517144,0.1080469419,0.8919530581,0.4008263718,0.2525569119,0.3973025075,0.6471309445,0.4113676351,0.2593871485,0.1634373929,1.21023346,3.891030388e-29,58723.0485,0.1532953141,154.3461793,5.03788753e-27,3.435086886e-27,6.228432563e-06,1.803687173,1.148850349,0.0001391343395,0.002187318763,0.3528690555,5.551115123e-15,nan,1.147582477e-08,0.04070311553,67284.82326,2.921664506e-27,70269.62094,1.703203268e-27,58723.0485,3.435086886e-27,0.006859597443,0.0135819218,0.01501784669,0.02017240448,0.05241517144,0.03340854565,0.02643376051,0.02644284737,0.02973407795,0.04193917109,0.09831552663,0.635679129
0.000825,0.6465070554,0.05150173485,0.105054158,0.894945842,0.4028123105,0.2581005253,0.3992230605,0.6432664852,0.4158763212,0.2591156592,0.1660274178,1.20642269,3.878559049e-29,58534.83228,0.1560091302,150.5221976,4.938831759e-27,3.253354076e-27,6.182186074e-06,1.82360441,1.170026714,0.0001428047468,0.002246369418,0.3567335148,5.995204333e-15,nan,1.029118847e-08,0.04098876931,67276.97472,2.720852591e-27,70253.7891,1.58247275e-27,58534.83228,3.253354076e-27,0.006605611212,0.01305344575,0.01445422775,0.01943913844,0.05150173485,0.03226853841,0.02548312603,0.02548572165,0.02871130697,0.04050896687,0.09598112663,0.6465070554
0.00085,0.6569618607,0.05060164548,0.1021600045,0.8978399955,0.4047758484,0.2635275135,0.4011306124,0.6395749472,0.4201763473,0.2588844919,0.1685455955,1.20270426,3.866328443e-29,58350.24918,0.1586705618,146.9087355,4.844824082e-27,3.082781444e-27,6.137393192e-06,1.842630955,1.190445134,0.0001464552477,0.002305152928,0.3604250528,6.217248938e-15,nan,9.242648756e-09,0.04148792367,67273.10241,2.533720567e-27,70240.94956,1.470034078e-27,58350.24918,3.082781444e-27,0.006360485757,0.01254792592,0.01391505828,0.01873488905,0.05060164548,0.03117686317,0.02457500374,0.02457079718,0.02773273008,0.03913514274,0.09368759789,0.6569618607
0.000875,0.667083829,0.04968622605,0.09933297785,0.9006670222,0.4067147744,0.2688428469,0.4030120881,0.6360462908,0.4242961951,0.2586894237,0.1709964956,1.199076329,3.854333799e-29,58169.22718,0.1612806472,143.4989193,4.755807446e-27,2.922790998e-27,6.093998133e-06,1.860814617,1.210139251,0.0001500867513,0.002363682316,0.3639537092,6.439293543e-15,nan,8.313308816e-09,0.04172027274,67272.82179,2.359339323e-27,70230.83522,1.365791873e-27,58169.22718,2.922790998e-27,0.006124156033,0.01206448394,0.01339931973,0.01805879209,0.04968622605,0.03013122381,0.02370715425,0.02369593899,0.0267960765,0.03781557108,0.09143722848,0.667083829
0.0009,0.6768519535,0.04878800543,0.09660272511,0.9033972749,0.4086319005,0.2740438354,0.4048800243,0.6326712205,0.4282247515,0.2585296432,0.1733796478,1.19552882,3.8425487e-29,57991.36764,0.1638451346,140.2776844,4.671468219e-27,2.772238255e-27,6.051879622e-06,1.878200309,1.229141179,0.0001537001124,0.002421969842,0.3673287795,6.661338148e-15,nan,7.488501811e-09,0.04213173489,67275.78296,2.196556006e-27,70223.20144,1.268371285e-27,57991.36764,2.772238255e-27,0.005896509348,0.01160224359,0.01290601684,0.01740994991,0.04878800543,0.02912944646,0.02287748228,0.02285913885,0.02589922197,0.03654816574,0.08923186607,0.6768519535
0.000925,0.6862988432,0.04788558091,0.09394497136,0.9060550286,0.4105265871,0.2791350649,0.4067252446,0.6294409508,0.4319845964,0.2584022453,0.1756990407,1.192059936,3.830970398e-29,57816.62903,0.1663646222,137.2369888,4.591493946e-27,2.631221089e-27,6.010994644e-06,1.894830264,1.247482112,0.0001572961352,0.002480027049,0.3705590492,6.661338148e-15,nan,6.755483308e-09,0.04236482377,67281.66444,2.044989134e-27,70217.8229,1.178282591e-27,57816.62903,2.631221089e-27,0.005677396968,0.0111603415,0.01243419208,0.0167874599,0.04788558091,0.02816947814,0.02208403018,0.02205851151,0.02504019548,0.03533090095,0.08707306913,0.6862988432
0.00095,0.6954146008,0.04700004233,0.09137791274,0.9086220873,0.4123977726,0.2841136521,0.4085529003,0.6263474087,0.4355711332,0.2583042762,0.1779538498,1.188665674,3.819587806e-29,57644.84408,0.1688415223,134.3595613,4.51547835e-27,2.498359583e-27,5.971276312e-06,1.910744216,1.26519143,0.000160875576,0.002537864788,0.3736525913,6.661338148e-15,nan,6.103166717e-09,0.04269596365,67290.17005,1.90359687e-27,70214.49014,1.094092864e-27,57644.84408,2.498359583e-27,0.005466639876,0.0107379273,0.01198290681,0.01619039641,0.04700004233,0.02724936661,0.02132495674,0.02129227582,0.02421713123,0.03416179455,0.08496196151,0.6954146008
0.000975,0.7042265184,0.04611505716,0.08888235623,0.9111176438,0.4142466853,0.2889864835,0.4103601269,0.6233829587,0.4390028106,0.2582343243,0.1801492491,1.185341081,3.808390472e-29,57475.855,0.1712781097,131.6276219,4.442873083e-27,2.373918023e-27,5.932661819e-06,1.925979564,1.282297267,0.0001644391477,0.002595493288,0.3766170413,7.105427358e-15,nan,5.521896961e-09,0.04288608168,67301.03208,1.771832971e-27,70213.01522,1.016195796e-27,57475.855,2.373918023e-27,0.005264037658,0.01033417161,0.01155125471,0.01561783509,0.04611505716,0.02636726354,0.02059853527,0.02055875472,0.02342827846,0.03303892612,0.08289936729,0.7042265184
0.001,0.7127241225,0.04525181495,0.0864766798,0.9135233202,0.4160730529,0.293747525,0.4121475838,0.620540544,0.4422742147,0.2581901986,0.1822822489,1.18208284,3.797370225e-29,57309.53852,0.1736761622,129.0211286,4.373171389e-27,2.25664812e-27,5.895097948e-06,1.940571531,1.298826562,0.0001679875214,0.002652922184,0.379459456,7.327471963e-15,nan,5.00325525e-09,0.04318419784,67313.99951,1.649089022e-27,70213.21852,9.435263545e-28,57309.53852,2.25664812e-27,0.005069372446,0.009948265594,0.01113836493,0.01506886188,0.04525181495,0.02552141004,0.01990313826,0.01985636151,0.02267199244,0.03196043005,0.0808858654,0.7127241225
0.001025,0.7209370914,0.04439116746,0.08413897053,0.9158610295,0.4178765237,0.2984081257,0.4139170106,0.6178134835,0.4454046558,0.2581697508,0.1843605636,1.178888291,3.786520593e-29,57145.79694,0.176037088,126.5474754,4.30660046e-27,2.146802548e-27,5.858538058e-06,1.954553305,1.314804863,0.0001715213297,0.002710160564,0.3821865165,7.771561172e-15,nan,4.539891576e-09,0.04334984653,67328.84947,1.53455987e-27,70214.94177,8.761800524e-28,57145.79694,2.146802548e-27,0.004882414965,0.009579425958,0.01074339414,0.01454256801,0.04439116746,0.02471013796,0.01923723514,0.01918359889,0.02194671629,0.03092450282,0.07892174695,0.7209370914
0.00105,0.7288564443,0.04355236195,0.08188577987,0.9181142201,0.4196568811,0.3029594956,0.4156641517,0.6151956199,0.4483892921,0.2581710752,0.1863793547,1.175754695,3.775835489e-29,56984.5384,0.1783622118,124.1879571,4.242636976e-27,2.043237773e-27,5.822938608e-06,1.967956169,1.330256579,0.0001750411698,0.002767216999,0.3848043801,7.993605777e-15,nan,4.125381304e-09,0.04358446788,67345.3702,1.42797359e-27,70218.03157,8.135049516e-28,56984.5384,2.043237773e-27,0.004702926817,0.009226893171,0.01036553437,0.01403806356,0.04355236195,0.0239318573,0.01859937921,0.01853904716,0.02125098287,0.02992939691,0.0770071124,0.7288564443
0.001075,0.7365063428,0.04272122352,0.0797003125,0.9202996875,0.4214147576,0.3074130747,0.4173936554,0.6126810734,0.4512434967,0.258192846,0.1883461726,1.172678551,3.765306451e-29,56825.6352,0.180653375,121.9364245,4.181225252e-27,1.946225784e-27,5.788250511e-06,1.980809623,1.345205028,0.0001785476054,0.002824099576,0.3873189266,8.215650382e-15,nan,3.754101665e-09,0.04372214904,67363.37607,1.328540695e-27,70222.3548,7.554246062e-28,56825.6352,1.946225784e-27,0.004530665353,0.008889935932,0.01000400994,0.01355447775,0.04272122352,0.02318506019,0.01798820835,0.01792136577,0.02058340698,0.02897343066,0.0751418727,0.7365063428
0.0011,0.74388353,0.04191078283,0.07759304724,0.9224069528,0.4231503065,0.3117638788,0.4191030802,0.6102644454,0.4539656698,0.2582335871,0.1902584106,1.169657051,3.754927283e-29,56668.9938,0.182911926,119.7829612,4.122065987e-27,1.854781104e-27,5.754433046e-06,1.993141497,1.359672275,0.0001820411685,0.002880815935,0.3897355546,8.215650382e-15,nan,3.421125557e-09,0.04390739087,67382.68965,1.236019002e-27,70227.78215,7.01361289e-28,56668.9938,1.854781104e-27,0.004365384421,0.008567847974,0.009658074532,0.01309095748,0.04191078283,0.02246830752,0.01740243217,0.0173292813,0.01994267304,0.02805497654,0.07332575221,0.74388353
0.001125,0.7510056275,0.04111281421,0.07555330538,0.9244466946,0.4248630449,0.3160182344,0.4207934305,0.6079405521,0.4565667759,0.2582914741,0.1921202999,1.166688242,3.744693464e-29,56514.54602,0.1851388483,117.7198533,4.065007124e-27,1.769035294e-27,5.721451534e-06,2.004978056,1.373679641,0.0001855223622,0.002937373292,0.3920594479,8.659739592e-15,nan,3.12213019e-09,0.04404620061,67403.15577,1.149627816e-27,70234.20153,6.51197582e-28,56514.54602,1.769035294e-27,0.004206838285,0.008259951909,0.009327019488,0.0126466815,0.04111281421,0.0217802342,0.01684083415,0.01676159037,0.01932754616,0.02717247418,0.071558388,0.7510056275
0.00115,0.7578760847,0.04033313502,0.073584509,0.926415491,0.4265534548,0.3201745392,0.4224629139,0.605704646,0.4590490656,0.2583654093,0.1939312059,1.163770191,3.734600656e-29,56362.22635,0.187335086,115.7369144,4.009792152e-27,1.688265142e-27,5.68927315e-06,2.016344094,1.38724701,0.0001889916621,0.002993778461,0.394295354,8.881784197e-15,nan,2.853318156e-09,0.04418033431,67424.62689,1.069442818e-27,70241.50433,6.047268389e-28,56362.22635,1.688265142e-27,0.004054781536,0.007965595498,0.009010156948,0.01222084001,0.04033313502,0.02111953647,0.01630225991,0.01621714839,0.01873684039,0.02632441404,0.06983920707,0.7578760847
0.001175,0.7645088219,0.03956667677,0.0716793025,0.9283206975,0.4282217023,0.3242395731,0.4241148876,0.6035521839,0.4614209691,0.2584541436,0.1956955024,1.160900446,3.724642138e-29,56211.93337,0.1895021018,113.8263312,3.95622961e-27,1.612416724e-27,5.657859377e-06,2.027263028,1.4003937,0.0001924495188,0.003050037888,0.3964478161,9.325873407e-15,nan,2.611349441e-09,0.04429086134,67446.97205,9.943918329e-28,70249.59359,5.614079573e-28,56211.93337,1.612416724e-27,0.003908971982,0.007684154427,0.008706838179,0.01181266114,0.03956667677,0.02048497621,0.01578561901,0.01569487192,0.0181694455,0.02550935104,0.06816761196,0.7645088219
0.0012,0.7709053352,0.03882062942,0.06984265359,0.9301573464,0.4298673779,0.3282090549,0.425744952,0.6014789601,0.4636833394,0.2585561835,0.197410841,1.158078389,3.714818051e-29,56063.66922,0.1916398646,111.9893953,3.904406198e-27,1.54104052e-27,5.627192151e-06,2.037756979,1.413137776,0.0001958963588,0.003106157664,0.3985210399,9.325873407e-15,nan,2.393282785e-09,0.0443977305,67470.06843,9.249611698e-28,70258.37949,5.215386366e-28,56063.66922,1.54104052e-27,0.003769170694,0.007415029707,0.008416435276,0.01142138849,0.03882062942,0.0198753723,0.01528987689,0.01519373103,0.01762429555,0.02472589191,0.06654284352,0.7709053352
0.001225,0.777081603,0.03808731125,0.06806476189,0.9319352381,0.4314914318,0.332092337,0.4273583827,0.5994809631,0.4658456277,0.2586708991,0.199083034,1.155300708,3.705119629e-29,55917.30158,0.1937502824,110.220397,3.854110948e-27,1.473949595e-27,5.597229385e-06,2.047846851,1.425496752,0.0001993325861,0.003162143555,0.4005190369,9.547918012e-15,nan,2.196524902e-09,0.04448205875,67493.8073,8.59858136e-28,70267.78063,4.841773578e-28,55917.30158,1.473949595e-27,0.003635143716,0.007157648857,0.008138355922,0.01104630215,0.03808731125,0.01928960206,0.01481405472,0.01471274948,0.01710039037,0.02397270359,0.0649641349,0.777081603
0.00125,0.7830381849,0.037374303,0.06635115198,0.933648848,0.4330933559,0.3358842335,0.4289500052,0.5975544801,0.4679079754,0.2587968751,0.2007091285,1.152566519,3.695545726e-29,55772.81318,0.1958336042,108.5193054,3.805364023e-27,1.410878032e-27,5.567951247e-06,2.057552406,1.437486949,0.0002027585835,0.003218001022,0.4024455199,9.769962617e-15,nan,2.018786558e-09,0.04456426042,67518.08682,7.996387224e-28,70277.72162,4.498836957e-28,55772.81318,1.410878032e-27,0.003506661974,0.006911463595,0.007872026157,0.01068669725,0.037374303,0.01872659431,0.01435722293,0.01425099861,0.01659676653,0.0232485021,0.06343057866,0.7830381849
0.001275,0.7887889796,0.03667540839,0.06469368214,0.9353063179,0.4346740237,0.3395931673,0.4305247361,0.5956959475,0.4698783985,0.2589335544,0.2022942735,1.149874123,3.686091623e-29,55630.13279,0.197890857,106.8859562,3.758163219e-27,1.35155597e-27,5.53932888e-06,2.066892327,1.44912437,0.0002061747142,0.003273735234,0.4043040525,1.021405183e-14,nan,1.858044487e-09,0.04463641716,67542.81551,7.433244504e-28,70288.13321,4.178420573e-28,55630.13279,1.35155597e-27,0.003383502636,0.006675950923,0.007616909612,0.01034191057,0.03667540839,0.01818533117,0.01391850171,0.01380759805,0.01611252622,0.02255206224,0.06194131891,0.7887889796
0.0013,0.7943374038,0.03599482849,0.06309465584,0.9369053442,0.4362332806,0.3432164064,0.4320788683,0.5939020821,0.471758638,0.2590798537,0.2038369384,1.147221631,3.676752946e-29,55489.19439,0.1999229927,105.3144711,3.712368672e-27,1.295691235e-27,5.511335315e-06,2.075884289,1.460423719,0.0002095813227,0.00332935109,0.4060979179,1.021405183e-14,nan,1.712508327e-09,0.04467962529,67567.9095,6.912343177e-28,70298.95264,3.884202714e-28,55489.19439,1.295691235e-27,0.003265448629,0.006450610495,0.007372481241,0.01001128698,0.03599482849,0.01766484093,0.01349705455,0.01338170957,0.01564679527,0.02188220305,0.06049533701,0.7943374038
0.001325,0.7996932229,0.03532995357,0.06154967869,0.9384503213,0.4377711515,0.3467596672,0.4336158632,0.5921697255,0.4735541163,0.2592348226,0.2053405769,1.144608353,3.66752972e-29,55349.99837,0.2019300057,103.8000327,3.667892922e-27,1.24320486e-27,5.483956014e-06,2.084545012,1.471399546,0.000212978736,0.003384853234,0.4078302745,1.065814104e-14,nan,1.580591937e-09,0.0447413981,67593.29218,6.424588098e-28,70310.12136,3.608782142e-28,55349.99837,1.24320486e-27,0.003152289762,0.006234965625,0.00713825418,0.009694215555,0.03532995357,0.01716420008,0.01309208918,0.01297253815,0.01519876366,0.02123779966,0.05909170768,0.7996932229
0.00135,0.8048609866,0.03468325684,0.06005949312,0.9399405069,0.4392888914,0.3502208895,0.4351321475,0.5904959308,0.4752671374,0.2593983028,0.2068040102,1.142031352,3.658413175e-29,55212.41237,0.2039138044,102.3406872,3.624679114e-27,1.193727469e-27,5.457153968e-06,2.092890323,1.482065346,0.0002163672642,0.003440246073,0.4095040692,1.088018564e-14,nan,1.460888448e-09,0.04476880707,67618.89441,5.974334273e-28,70321.58749,3.356850728e-28,55212.41237,1.193727469e-27,0.003043822333,0.006028561194,0.006913754898,0.009390097858,0.03468325684,0.01668252809,0.01270285273,0.01257932732,0.01476764645,0.02061777089,0.05772939481,0.8048609866
0.001375,0.8098504417,0.0340517057,0.05861941904,0.941380581,0.440785892,0.3536076062,0.4366332201,0.5888779196,0.4769030433,0.259569079,0.2082317115,1.139490257,3.649403703e-29,55076.44229,0.2058743038,100.9320901,3.582624088e-27,1.147240872e-27,5.430916974e-06,2.100935202,1.492434112,0.0002197472022,0.003495533788,0.4111220804,1.110223025e-14,nan,1.352148547e-09,0.04481520777,67644.65352,5.553417861e-28,70333.30201,3.121196891e-28,55076.44229,1.147240872e-27,0.002939849442,0.005830963338,0.006698535672,0.009098364889,0.0340517057,0.01621898619,0.01232863034,0.01220135798,0.01435270231,0.02002108296,0.05640737944,0.8098504417
0.0014,0.8146664623,0.03343686675,0.05722945169,0.9427705483,0.442262526,0.3569157751,0.4381127635,0.587313051,0.4784642455,0.2597465535,0.2096212928,1.136984399,3.640499588e-29,54942.06228,0.2078118768,99.57020926,3.541657192e-27,1.103456838e-27,5.405228009e-06,2.108693838,1.502518288,0.0002231188301,0.003550720345,0.412686949,1.132427485e-14,nan,1.253261566e-09,0.04482011146,67670.51105,5.164060912e-28,70345.2205,2.90545493e-28,54942.06228,1.103456838e-27,0.002840181129,0.005641758703,0.006492171477,0.008818473627,0.03343686675,0.01577277596,0.01196874339,0.01183794667,0.01395322807,0.01944674749,0.05512464444,0.8146664623
0.001425,0.8193161616,0.03283786968,0.05588721043,0.9441127896,0.4437194057,0.3601526277,0.4395771065,0.5857988508,0.4799544659,0.2599303179,0.2109769954,1.134511521,3.63169443e-29,54809.17569,0.2097279165,98.25243433,3.501748258e-27,1.062208468e-27,5.380058455e-06,2.116179667,1.512329595,0.0002264824147,0.003605809511,0.4142011492,1.154631946e-14,nan,1.163238968e-09,0.04484573722,67696.41573,4.801946326e-28,70357.30269,2.70468046e-28,54809.17569,1.062208468e-27,0.002744634187,0.005460553316,0.006294253806,0.008549899445,0.03283786968,0.0153431363,0.01162254681,0.01148844305,0.01356854893,0.01889381736,0.0538801355,0.8193161616
0.00145,0.8238046265,0.03225560706,0.05459214924,0.9454078508,0.4451565519,0.3633153149,0.4410212121,0.5843329724,0.4813762061,0.2601196511,0.2122971179,1.13207155,3.622990159e-29,54677.8117,0.2116220026,96.97324387,3.462715407e-27,1.023382013e-27,5.355401749e-06,2.123405423,1.521879273,0.0002298382094,0.003660804862,0.4156670276,1.176836406e-14,nan,1.081199929e-09,0.04484620146,67722.32078,4.465883109e-28,70369.51256,2.520092856e-28,54677.8117,1.023382013e-27,0.002653032253,0.005286972007,0.006104395291,0.008292142632,0.03225560706,0.01492934241,0.01128942777,0.01115222869,0.01319802495,0.01836138739,0.05267281301,0.8238046265
0.001475,0.8281395354,0.03168809451,0.05334091901,0.946659081,0.4465747319,0.3664109514,0.4424507414,0.5829131829,0.4827334525,0.2603142984,0.213585774,1.129662498,3.614380419e-29,54547.87434,0.2134955185,95.73588265,3.424700166e-27,9.86913677e-28,5.331230755e-06,2.130383172,1.531178186,0.0002331864554,0.003715709801,0.4170868171,1.176836406e-14,nan,1.006358729e-09,0.04486859452,67748.18232,4.154484826e-28,70381.8153,2.34922672e-28,54547.87434,9.86913677e-28,0.002565205756,0.0051206577,0.00592223085,0.008044730205,0.03168809451,0.01453070419,0.01096880412,0.01082871554,0.01284105267,0.01784859361,0.05150167548,0.8281395354
0.0015,0.832325257,0.03113655654,0.05213341998,0.94786658,0.4479737162,0.369435798,0.4438598911,0.5815374036,0.4840282689,0.2605134718,0.2148407347,1.127284167,3.605865403e-29,54419.36656,0.2153484221,94.53604727,3.38756176e-27,9.523752531e-28,5.30753538e-06,2.137124352,1.540236341,0.0002365273824,0.003770527558,0.4184625964,1.221245327e-14,nan,9.380136968e-10,0.04484175461,67773.96393,3.865590471e-28,70394.18246,2.192180384e-28,54419.36656,9.523752531e-28,0.002480991582,0.004961270141,0.005747403668,0.00780719805,0.03113655654,0.01414656329,0.01066012177,0.01051734343,0.01249704318,0.01735460628,0.0503656451,0.832325257
0.001525,0.8363694296,0.03059858183,0.05096600221,0.9490339978,0.4493538925,0.3723968944,0.4452540722,0.5802036385,0.4852645862,0.2607167634,0.2160660331,1.124935425,3.59744176e-29,54292.23776,0.2171814425,93.37019641,3.351241009e-27,9.200489922e-28,5.284297248e-06,2.143639811,1.54906369,0.0002398612096,0.003825261205,0.4197963615,1.265654248e-14,nan,8.75537534e-10,0.04484637358,67799.62876,3.598232574e-28,70406.58397,2.047137731e-28,54292.23776,9.200489922e-28,0.002400233238,0.004808485777,0.005579584753,0.007579116612,0.03059858183,0.01377629322,0.01036285444,0.01021757987,0.01216545192,0.01687863631,0.04926375241,0.8363694296
0.00155,0.8402750405,0.03007633787,0.0498396276,0.9501603724,0.4507156654,0.3752923288,0.4466303421,0.5789100169,0.4864436379,0.2609238134,0.2172604884,1.122615561,3.589108688e-29,54166.47586,0.2189947542,92.23760191,3.315751241e-27,8.894107829e-28,5.261504671e-06,2.149939837,1.557669341,0.0002431881455,0.003879913664,0.4210899831,1.265654248e-14,nan,8.183688275e-10,0.04481424231,67825.14745,3.350011411e-28,70418.99708,1.913486867e-28,54166.47586,8.894107829e-28,0.002322780477,0.004661996496,0.00541845061,0.007360062147,0.03007633787,0.01341929656,0.01007650125,0.009928917645,0.01184574427,0.01641992583,0.0481949464,0.8402750405
0.001575,0.8440486666,0.02956807545,0.04875141779,0.9512485822,0.4520592823,0.3781249675,0.4479895325,0.5776547548,0.4875687256,0.2611341939,0.2184256854,1.120323406,3.580862828e-29,54042.03014,0.2207890884,91.13412974,3.280932054e-27,8.606097899e-28,5.239140152e-06,2.156034189,1.566062316,0.0002465083892,0.003934487716,0.4223452452,1.287858709e-14,nan,7.660045985e-10,0.04481365765,67850.49114,3.120721211e-28,70431.39753,1.790196963e-28,54042.03014,8.606097899e-28,0.002248489274,0.004521509266,0.005263702209,0.007149641586,0.02956807545,0.01307500432,0.009800585969,0.009650874199,0.0115374244,0.01597775357,0.04715827316,0.8440486666
0.0016,0.8476947918,0.02907403128,0.04770051713,0.9522994829,0.4533851455,0.380897686,0.4493335215,0.5764361696,0.4886419387,0.2613475966,0.2195632031,1.118058319,3.572702823e-29,53918.88015,0.22256474,90.06404979,3.246964798e-27,8.335274059e-28,5.2171915e-06,2.16193213,1.574250976,0.0002498221302,0.003988986011,0.4235638304,1.33226763e-14,nan,7.179937558e-10,0.04477051868,67875.63521,2.909280936e-28,70443.76531,1.678333886e-28,53918.88015,8.335274059e-28,0.002177221569,0.004386745204,0.005115048192,0.006947470886,0.02907403128,0.01274287409,0.009534655361,0.009382989935,0.01124000956,0.01555142805,0.04615273413,0.8476947918
0.001625,0.8512195001,0.02859259867,0.04668428617,0.9533157138,0.4546933447,0.3836109966,0.4506604896,0.5752526637,0.4896662849,0.2615635577,0.2206732477,1.115819818,3.564627153e-29,53797.00293,0.22432204,89.02100055,3.213648319e-27,8.079628755e-28,5.195646618e-06,2.16764245,1.582243443,0.0002531295497,0.004043411069,0.4247473363,1.376676551e-14,nan,6.739313284e-10,0.04475902231,67900.55744,2.712917696e-28,70456.08178,1.573887322e-28,53797.00293,8.079628755e-28,0.002108845126,0.004257439052,0.004972214967,0.006753188356,0.02859259867,0.01242238896,0.009278278185,0.009124827286,0.01095304527,0.01514028977,0.04517738424,0.8512195001
0.00165,0.8546235417,0.02812734309,0.04570530208,0.9542946979,0.4559840846,0.3862651638,0.4519711253,0.5741027272,0.490641706,0.2617817065,0.221755884,1.113607312,3.556634565e-29,53676.37958,0.226061261,88.00451954,3.181024065e-27,7.838213123e-28,5.174494272e-06,2.173173498,1.590047402,0.0002564308209,0.00409776529,0.4258972728,1.376676551e-14,nan,6.334533733e-10,0.04472592078,67925.23758,2.533339423e-28,70468.32938,1.48032532e-28,53676.37958,7.838213123e-28,0.002043233316,0.00413333841,0.004834940543,0.006566446721,0.02812734309,0.01211305614,0.009031043884,0.008875969426,0.01067609579,0.01474370791,0.04423128308,0.8546235417
0.001675,0.857918982,0.02767033372,0.0447546921,0.9552453079,0.4572578913,0.388866243,0.4532668599,0.572984918,0.4915746375,0.2620018753,0.2228144923,1.111419617,3.548722076e-29,53556.96508,0.227783052,87.01068763,3.148951463e-27,7.612046614e-28,5.153719603e-06,2.178533199,1.59767021,0.000259726109,0.004152050964,0.427015082,1.376676551e-14,nan,5.962324821e-10,0.04468848111,67949.65907,2.365467083e-28,70480.4942,1.392209678e-28,53556.96508,7.612046614e-28,0.001980264989,0.004014203318,0.00470297548,0.006386914598,0.02767033372,0.01181440609,0.008792561817,0.00863601952,0.01040874587,0.01436108011,0.04331351246,0.857918982
0.0017,0.8611005048,0.02723085351,0.04384084138,0.9561591586,0.4585150593,0.3914093356,0.4545454723,0.571897881,0.492461554,0.2622237908,0.2238461696,1.109256132,3.540888003e-29,53438.73401,0.2294877796,86.04294297,3.117543755e-27,7.396504564e-28,5.133311076e-06,2.183729083,1.605118871,0.0002630155717,0.004206270272,0.428102119,1.421085472e-14,nan,5.619738209e-10,0.04464631146,67973.80568,2.212889251e-28,70492.56157,1.313797298e-28,53438.73401,7.396504564e-28,0.001919824185,0.003899805352,0.004576082465,0.006214275863,0.02723085351,0.01152599087,0.008562459765,0.00840459925,0.01015059918,0.01399183033,0.04242317448,0.8611005048
0.001725,0.8641818268,0.02679898598,0.04295297738,0.9570470226,0.459755676,0.3939031137,0.4558104574,0.5708403198,0.4933098303,0.2624470771,0.2248557794,1.107117097,3.533133638e-29,53321.70589,0.2311751622,85.10095359,3.086800742e-27,7.195515535e-28,5.113264639e-06,2.188768304,1.612400089,0.0002662993601,0.004260425296,0.4291596802,1.465494393e-14,nan,5.304116297e-10,0.04460362912,67997.6649,2.071012088e-28,70504.52033,1.240627016e-28,53321.70589,7.195515535e-28,0.001861800048,0.003789927407,0.004454035285,0.006048228654,0.02679898598,0.01124738361,0.008340383479,0.008181348383,0.009901277809,0.01363540865,0.04155939394,0.8641818268
0.00175,0.8671586726,0.02638263585,0.04209819182,0.9579018082,0.460980259,0.3963424999,0.4570587973,0.569811007,0.4941165564,0.2626716256,0.225840319,1.105001147,3.525454266e-29,53205.80957,0.232846226,84.17985819,3.056583813e-27,7.004381508e-28,5.093562265e-06,2.193657662,1.619520297,0.0002695776186,0.004314518019,0.430188993,1.465494393e-14,nan,5.013061319e-10,0.04455181952,68021.22354,1.941756703e-28,70516.35825,1.175603618e-28,53205.80957,7.004381508e-28,0.001806086563,0.003684362865,0.004336619925,0.005888486619,0.02638263585,0.01097817717,0.008125995406,0.007965923502,0.009660422719,0.01329128964,0.04072132716,0.8671586726
0.001775,0.8700400537,0.02597631834,0.04127021611,0.9587297839,0.4621885374,0.3987328692,0.4582925435,0.5688087821,0.4948864234,0.2628968991,0.2268027577,1.102908184,3.517850737e-29,53091.05785,0.2345007861,83.28123178,3.026960299e-27,6.824557861e-28,5.074199371e-06,2.19840362,1.62648551,0.0002728504855,0.004368550335,0.4311912179,1.487698853e-14,nan,4.744407988e-10,0.04451864017,68044.47373,1.822330163e-28,70528.06772,1.115023109e-28,53091.05785,6.824557861e-28,0.001752582386,0.003582915218,0.004223628633,0.005734771527,0.02597631834,0.01071798318,0.00791897393,0.007757997265,0.009427685693,0.01295897023,0.03990811988,0.8700400537
0.0018,0.8728283532,0.02558093473,0.0404692215,0.9595307785,0.4633818962,0.4010756535,0.4595126315,0.5678325259,0.4956203285,0.2631233126,0.2277438014,1.100836782,3.510318681e-29,52977.3848,0.2361397934,82.40635996,2.997965828e-27,6.65585288e-28,5.055159476e-06,2.203012324,1.633301735,0.0002761180931,0.004422524052,0.4321674741,1.532107774e-14,nan,4.496199144e-10,0.04445437722,68067.40397,1.713445622e-28,70539.6376,1.06115498e-28,52977.3848,6.65585288e-28,0.001701190715,0.003485397622,0.004114870972,0.005586827459,0.02558093473,0.01046643148,0.007719012801,0.00755725783,0.009202745301,0.01263797208,0.03911900578,0.8728283532
0.001825,0.8755258009,0.02519753757,0.03969554088,0.9603044591,0.4645596442,0.4033695683,0.4607169405,0.5668811983,0.4963191152,0.2633501278,0.2286626242,1.098787267,3.502859257e-29,52864.80792,0.2377629955,81.55347877,2.969535446e-27,6.494956484e-28,5.036439203e-06,2.207489619,1.639974343,0.0002793805679,0.004476440898,0.4331188017,1.554312234e-14,nan,4.266664114e-10,0.04441498603,68090.00997,1.613635634e-28,70551.06322,1.012110805e-28,52864.80792,6.494956484e-28,0.00165181899,0.003391632196,0.004010155229,0.005444396896,0.02519753757,0.01022316854,0.007525819819,0.007363407564,0.008985279169,0.01232783465,0.03835314843,0.8755258009
0.00185,0.8781369594,0.02482455685,0.03894694532,0.9610530547,0.4657222066,0.4056176239,0.4619070176,0.5659537856,0.4969849364,0.2635772459,0.2295608298,1.096759234,3.495471636e-29,52753.31467,0.2393705731,80.71960089,2.94158502e-27,6.343956695e-28,5.018030753e-06,2.211841066,1.646508885,0.0002826380314,0.004530302523,0.4340462144,1.576516695e-14,nan,4.054199456e-10,0.04435165095,68112.28259,1.522893255e-28,70562.33504,9.681775016e-29,52753.31467,6.343956695e-28,0.001604378865,0.003301449882,0.003909310458,0.005307249265,0.02482455685,0.009987857513,0.007339116785,0.007176162976,0.008774997003,0.01202812174,0.03760983928,0.8781369594
0.001875,0.88066657,0.02446025863,0.038221048,0.961778952,0.4668703251,0.407822827,0.4630842602,0.5650493414,0.4976200653,0.2638047697,0.2304400198,1.094751258,3.488151171e-29,52642.83493,0.2409635373,79.90558029,2.914175724e-27,6.201973025e-28,4.99991795e-06,2.216071956,1.652910285,0.0002858906,0.004584110503,0.4349506586,1.620925616e-14,nan,3.857351858e-10,0.0442923699,68134.21953,1.43907243e-28,70573.44994,9.278072763e-29,52642.83493,6.201973025e-28,0.001558785905,0.003214689741,0.003812163066,0.005175150658,0.02446025863,0.009760176627,0.007158638219,0.006995253458,0.008571605469,0.01173841303,0.0368882952,0.88066657
0.0019,0.8831129296,0.02410911963,0.03752172272,0.9624782773,0.4680039276,0.4099816846,0.4642460447,0.5641669549,0.4982231324,0.2640323507,0.2312981186,1.092763617,3.480899497e-29,52533.39337,0.2425415323,79.11087725,2.887281074e-27,6.066403158e-28,4.982099108e-06,2.220187325,1.659183547,0.0002891383851,0.004637866348,0.4358330451,1.620925616e-14,nan,3.67480296e-10,0.04423545948,68155.81453,1.364474719e-28,70584.40087,8.931458748e-29,52533.39337,6.066403158e-28,0.001514959501,0.003131198688,0.003718556096,0.005047888803,0.02410911963,0.009539818992,0.006984131072,0.006820420982,0.0083748368,0.01145830934,0.03618783045,0.8831129296
0.001925,0.8854852463,0.0237646595,0.03684190168,0.9631580983,0.4691233271,0.4121008291,0.4653954775,0.5633057618,0.4987989413,0.2642598732,0.2321387715,1.090795615,3.4737147e-29,52424.96112,0.2441049746,78.33570085,2.860915833e-27,5.939524713e-28,4.964564737e-06,2.224191969,1.665333266,0.0002923814935,0.004691571498,0.4366942382,1.665334537e-14,nan,3.505355879e-10,0.04417272073,68177.06615,1.295442933e-28,70595.18501,8.607293901e-29,52424.96112,5.939524713e-28,0.001472822681,0.003050831099,0.003628334403,0.004925253998,0.0237646595,0.009326491627,0.006815353991,0.00665141938,0.0081844271,0.01118742762,0.03550773226,0.8854852463
0.00195,0.8877818548,0.02343111411,0.03618526874,0.9638147313,0.4702289622,0.4141778346,0.4665310879,0.5624649394,0.4993461671,0.2644873047,0.2329605106,1.088846677,3.466594703e-29,52317.50682,0.2456543162,77.57707686,2.834997734e-27,5.819236375e-28,4.947305169e-06,2.228090453,1.671363952,0.0002956200281,0.004745227336,0.4375350606,1.687538997e-14,nan,3.347923171e-10,0.04410157804,68197.97083,1.233848075e-28,70605.79764,8.331727876e-29,52317.50682,5.819236375e-28,0.001432301942,0.002973448352,0.003541353686,0.004807050653,0.02343111411,0.009119914828,0.006652076683,0.0064880137,0.00800012916,0.01092540259,0.03484733953,0.8877818548
0.001975,0.8900058744,0.02310786053,0.03555066864,0.9644493314,0.4713209011,0.4162140217,0.4676531174,0.5616437059,0.4998661976,0.2647144176,0.2337639856,1.086916601,3.459539215e-29,52211.02609,0.2471896201,76.83462498,2.809522747e-27,5.705330894e-28,4.930314993e-06,2.231887127,1.67727983,0.0002988540872,0.004798835179,0.4383562941,1.731947918e-14,nan,3.201516028e-10,0.04405266719,68218.52795,1.178503101e-28,70616.23657,8.086523825e-29,52211.02609,5.705330894e-28,0.001393327111,0.002898918543,0.003457473729,0.004693088727,0.02310786053,0.008919821494,0.006494079409,0.0063299797,0.007821702861,0.01067188429,0.0342059892,0.8900058744
0.002,0.8921632123,0.0227913363,0.03493403982,0.9650659602,0.4723995274,0.4182138281,0.4687638118,0.5608413048,0.50036198,0.2649411673,0.234551589,1.085004756,3.452546373e-29,52105.49081,0.2487112922,76.10978553,2.784558628e-27,5.599006871e-28,4.913585472e-06,2.235586134,1.683085079,0.0003020837654,0.004852396295,0.4391586952,1.731947918e-14,nan,3.065234602e-10,0.04398018886,68238.73571,1.128258636e-28,70626.49848,7.866854238e-29,52105.49081,5.599006871e-28,0.001355831225,0.002827116199,0.00337656452,0.004583191569,0.0227913363,0.008725956742,0.006341152598,0.006177103459,0.00764892413,0.01042653944,0.03358307156,0.8921632123
0.002025,0.8942521805,0.02248554391,0.03433889703,0.965661103,0.4734649502,0.4201730021,0.4698596339,0.5600570333,0.5008322232,0.2651673754,0.235320845,1.083111094,3.445616381e-29,52000.90405,0.2502192878,75.39967566,2.760000183e-27,5.496649728e-28,4.897112626e-06,2.239191423,1.688783503,0.0003053091538,0.004905911891,0.4399429667,1.754152379e-14,nan,2.938259303e-10,0.04391940663,68258.5951,1.083659115e-28,70636.58255,7.683274603e-29,52000.90405,5.496649728e-28,0.001319750312,0.002757921766,0.003298497043,0.004477184002,0.02248554391,0.008538076826,0.006193095966,0.006029180502,0.007481570968,0.01018904748,0.03297795075,0.8942521805
0.00205,0.8962789725,0.02218643067,0.03376073611,0.9662392639,0.4745177162,0.4220974265,0.4709442478,0.5592902043,0.5012800496,0.2653931104,0.2360749559,1.081234718,3.438746373e-29,51897.22257,0.2517142305,74.70369616,2.735832243e-27,5.400703688e-28,4.880885864e-06,2.242706758,1.694378963,0.0003085303395,0.00495938313,0.4407097957,1.776356839e-14,nan,2.818149862e-10,0.04384395444,68278.10481,1.044189189e-28,70646.48557,7.522508424e-29,51897.22257,5.400703688e-28,0.001285023352,0.002691221549,0.003223154118,0.004374906419,0.02218643067,0.008355949165,0.00604971851,0.005886015781,0.007319439949,0.009959103912,0.03239006411,0.8962789725
0.002075,0.8982436636,0.02189606112,0.03320117546,0.9667988245,0.4755577854,0.4239859745,0.4720166606,0.5585401756,0.5017051736,0.265618129,0.2368132006,1.079375598,3.431936324e-29,51794.44598,0.2531961261,74.0220135,2.712075987e-27,5.310110872e-28,4.864901074e-06,2.246135728,1.699874912,0.0003117474065,0.005012811122,0.4414598244,1.7985613e-14,nan,2.697422034e-10,0.04377934542,68297.26784,1.008822979e-28,70656.20863,7.385947787e-29,51794.44598,5.310110872e-28,0.001251592064,0.002626907213,0.003150417299,0.004276197768,0.02189606112,0.00817935133,0.005910837667,0.005747422839,0.007162326355,0.009736415304,0.0318188074,0.8982436636
0.0021,0.9001478834,0.02161474749,0.03266012123,0.9673398788,0.4765854813,0.4258382187,0.473075843,0.5578063199,0.5021081783,0.2658423934,0.2375352497,1.077533485,3.425185539e-29,51692.5638,0.2546651254,73.35387668,2.68871613e-27,5.223838123e-28,4.849152767e-06,2.249481755,1.705274953,0.0003149604356,0.005066196933,0.4421936801,1.82076576e-14,nan,2.585853346e-10,0.04371521391,68316.08305,9.784016728e-29,70665.7486,7.276194744e-29,51692.5638,5.223838123e-28,0.001219400851,0.002564875675,0.003080182017,0.004180915205,0.02161474749,0.008008070977,0.005776279224,0.005613223709,0.007010046922,0.009520703666,0.03126367084,0.9001478834
0.002125,0.9019975521,0.02133854824,0.03213322359,0.9678667764,0.4776010432,0.4276592868,0.4741246646,0.5570880544,0.5024920613,0.2660658359,0.23824388,1.075707844,3.41849251e-29,51591.55325,0.2561215569,72.69980167,2.665780302e-27,5.143249203e-28,4.833633885e-06,2.252748106,1.710582222,0.0003181695045,0.005119541584,0.4429119456,1.865174681e-14,nan,2.482681322e-10,0.04363269771,68334.55439,9.511187675e-29,70675.10723,7.178819689e-29,51591.55325,5.143249203e-28,0.00118839661,0.002505028714,0.003012339436,0.004088910588,0.02133854824,0.007841904915,0.005645876594,0.005483248198,0.006862412772,0.009311700221,0.03072408166,0.9019975521
0.00215,0.9037895789,0.02107235176,0.03162499915,0.9683750008,0.4786047971,0.4294448478,0.4751602119,0.5563848073,0.5028547907,0.2662884378,0.2389365889,1.073898481,3.411856663e-29,51491.4057,0.2575655453,72.05755829,2.643179823e-27,5.065654448e-28,4.818339517e-06,2.255937893,1.715799987,0.000321374688,0.005172846055,0.4436151927,1.887379142e-14,nan,2.3872108e-10,0.04357177364,68352.68244,9.28379092e-29,70684.28302,7.109481142e-29,51491.4057,5.065654448e-28,0.001158528683,0.002447272807,0.002946793449,0.004000052453,0.02107235176,0.007680659108,0.005519470721,0.005357333777,0.006719254526,0.009109150179,0.0301995536,0.9037895789
0.002175,0.9055299065,0.02081200551,0.03113092877,0.9688690712,0.4795968079,0.4312004649,0.4761857801,0.5556960465,0.503199389,0.2665100501,0.2396163936,1.072104886,3.40527648e-29,51392.09823,0.2589974209,71.42848543,2.62097238e-27,4.993392921e-28,4.803262874e-06,2.259054091,1.720931201,0.000324576058,0.005226111287,0.4443039535,1.887379142e-14,nan,2.298807452e-10,0.04349755187,68370.47029,9.08901934e-29,70693.27667,7.059941449e-29,51392.09823,4.993392921e-28,0.001129748687,0.002391518839,0.00288344716,0.00391420857,0.02081200551,0.007524147834,0.005396909479,0.005235324985,0.006580402441,0.008912808125,0.02968957188,0.9055299065
0.0022,0.9072189806,0.02055873048,0.03065189241,0.9693481076,0.4805774432,0.4329242645,0.4771993023,0.555021249,0.5035258118,0.2667306928,0.240282166,1.070326847,3.39875115e-29,51293.61859,0.2604173604,70.8115369,2.599126499e-27,4.924780021e-28,4.788398839e-06,2.262099537,1.725978831,0.000327773684,0.005279338183,0.444978751,1.909583602e-14,nan,2.168502177e-10,0.04343151394,68387.92025,8.921307691e-29,70702.08827,7.015569721e-29,51293.61859,4.924780021e-28,0.001102010466,0.002337681956,0.002822211909,0.003831257589,0.02055873048,0.007372193679,0.005278047571,0.005117073316,0.006445699623,0.008722440456,0.02919367232,0.9072189806
0.002225,0.9088577211,0.02031325095,0.03018828082,0.9698117192,0.4815467762,0.434616907,0.4782012596,0.554359927,0.5038342999,0.2669502357,0.2409341969,1.068564114,3.392280084e-29,51195.95789,0.2618254918,70.20626878,2.577632704e-27,4.859194386e-28,4.773742882e-06,2.265076942,1.730945592,0.0003309676328,0.005332527608,0.445640073,1.953992523e-14,nan,2.03722916e-10,0.04335664201,68405.0361,8.792665021e-29,70710.71926,7.002388165e-29,51195.95789,4.859194386e-28,0.001075269934,0.002285681241,0.0027629996,0.003751079092,0.02031325095,0.007224626775,0.005162745951,0.005002436643,0.006314990617,0.00853782237,0.02871137569,0.9088577211
0.00225,0.9104514771,0.02007175927,0.02973597414,0.9702640259,0.4825050905,0.4362824599,0.479193533,0.5537116098,0.504127553,0.2671686704,0.2415746632,1.066816544,3.385863085e-29,51099.11318,0.2632218579,69.61153549,2.5564594e-27,4.797877074e-28,4.759291407e-06,2.267988892,1.735834185,0.0003341579687,0.005385680396,0.4462883902,1.953992523e-14,nan,1.915156027e-10,0.04328413852,68421.82003,8.675345649e-29,70719.16954,6.983445156e-29,51099.11318,4.797877074e-28,0.001049485015,0.002235439626,0.002705728754,0.003673561477,0.02007175927,0.007081284665,0.005050871703,0.004891279097,0.006188130558,0.008358739573,0.02824224316,0.9104514771
0.002275,0.9119965091,0.01983948807,0.02929990458,0.9707000954,0.4834526517,0.4379164476,0.4801733814,0.5530758435,0.5044032386,0.2673859832,0.2422010086,1.065083564,3.379497966e-29,51003.05142,0.2646069349,69.02777435,2.535620969e-27,4.738444069e-28,4.745036774e-06,2.270837861,1.740647161,0.000337344754,0.005438797345,0.4469241565,1.976196984e-14,nan,1.801580573e-10,0.04321111614,68438.27645,8.603786676e-29,70727.44092,6.999037927e-29,51003.05142,4.738444069e-28,0.001024615543,0.002186883619,0.002650320571,0.003598596776,0.01983948807,0.006942011944,0.004942297681,0.004783470689,0.006064978965,0.008184986495,0.02778584058,0.9119965091
0.0023,0.9134991363,0.01961154835,0.02887489643,0.9711251036,0.4843896184,0.4395248209,0.4811442106,0.5524522011,0.5046646086,0.2676021108,0.2428164547,1.063364971,3.373184405e-29,50907.76778,0.2659807924,68.45491724,2.515113952e-27,4.683261571e-28,4.730975346e-06,2.27362621,1.745386967,0.0003405280485,0.005491879223,0.4475477989,1.998401444e-14,nan,1.695859813e-10,0.04314267333,68454.40811,8.540386846e-29,70735.53397,7.011301251e-29,50907.76778,4.683261571e-28,0.001000623161,0.00213994318,0.002596699827,0.003526081915,0.01961154835,0.006806659784,0.004836902212,0.004678887025,0.005945401463,0.008016366348,0.0273417504,0.9134991363
0.002325,0.9149591485,0.01938952412,0.0284622598,0.9715377402,0.4853161317,0.4411053411,0.4821038641,0.5518402674,0.5049113012,0.2678169839,0.2434196893,1.061660605,3.366921737e-29,50813.25221,0.2673435754,67.89299496,2.494954616e-27,4.631098809e-28,4.717102933e-06,2.276356197,1.750055954,0.00034370791,0.005544926771,0.4481597326,2.042810365e-14,nan,1.597404347e-10,0.04306118875,68470.21954,8.504943983e-29,70743.45078,7.040237565e-29,50813.25221,4.631098809e-28,0.0009774712526,0.002094551517,0.002544794624,0.00345591829,0.01938952412,0.006675085793,0.004734568888,0.004577409083,0.005829269089,0.007852690624,0.02690956817,0.9149591485
0.00235,0.9163764228,0.01917484227,0.02806316251,0.9719368375,0.486232448,0.4426587734,0.4830534291,0.5512396467,0.5051430156,0.2680306029,0.2440110659,1.059970339,3.36070962e-29,50719.49955,0.2686953584,67.34096813,2.475097107e-27,4.580607837e-28,4.703416054e-06,2.279029981,1.75465641,0.0003468843943,0.005597940698,0.4487603533,2.042810365e-14,nan,1.505673619e-10,0.04300100343,68485.71405,8.491775233e-29,70751.19212,7.080392615e-29,50719.49955,4.580607837e-28,0.0009551248539,0.002050644938,0.002494537363,0.003388013081,0.01917484227,0.006547153614,0.004635186274,0.004478922922,0.005716459823,0.007693779061,0.02648891301,0.9163764228
0.002375,0.9177561254,0.01896361,0.02767346022,0.9723265398,0.4871389069,0.4441875241,0.4839929822,0.5506499627,0.5053623762,0.268243021,0.2445918436,1.058293532,3.354546172e-29,50626.48139,0.2700365509,66.79797382,2.455512457e-27,4.533250911e-28,4.689908177e-06,2.281649625,1.759190472,0.0003500575554,0.005650921686,0.4493500373,2.042810365e-14,nan,1.420171118e-10,0.04291122622,68500.89609,8.493616815e-29,70758.76012,7.13024521e-29,50626.48139,4.533250911e-28,0.000933550572,0.002008162694,0.002445861685,0.003322275271,0.01896361,0.006422732635,0.004538647672,0.004383319443,0.005606854129,0.00753945845,0.02607940208,0.9177561254
0.0024,0.9190967137,0.01875857914,0.02729566694,0.9727043331,0.4880353171,0.445691198,0.4849230677,0.5500708536,0.5055683139,0.2684540035,0.2451617377,1.056630291,3.34843166e-29,50534.20179,0.2713670945,66.26636372,2.436288115e-27,4.488469944e-28,4.676577308e-06,2.284217103,1.763660226,0.0003532274452,0.005703870396,0.4499291464,2.087219286e-14,nan,1.340440756e-10,0.04284449541,68515.76939,8.512450816e-29,70766.15615,7.182652633e-29,50534.20179,4.488469944e-28,0.0009127165169,0.001967046823,0.002398705246,0.003258619221,0.01875857914,0.006301697758,0.004444850905,0.004290494168,0.005500338847,0.007389563086,0.0256806746,0.9190967137
0.002425,0.9203992175,0.01855986555,0.02692967394,0.9730703261,0.4889222847,0.4471689296,0.4858423618,0.5495019669,0.5057611804,0.2686637571,0.2457202064,1.05498013,3.342364442e-29,50442.63592,0.2726873469,65.74435443,2.417361606e-27,4.445232431e-28,4.663417607e-06,2.286734303,1.768067718,0.0003563941141,0.005756787458,0.4504980331,2.087219286e-14,nan,1.26606287e-10,0.04276887175,68530.33835,8.553391386e-29,70773.3821,7.252797257e-29,50442.63592,4.445232431e-28,0.0008925922405,0.00192724204,0.002353009593,0.00319696452,0.01855986555,0.006183929203,0.004353698152,0.004200347067,0.005396807182,0.007243934565,0.02529239242,0.9203992175
0.00245,0.9216679983,0.01836424953,0.02657203932,0.9734279607,0.4897997436,0.4486253875,0.4867537859,0.5489429778,0.5059431755,0.2688721297,0.2462697561,1.053343025,3.336344685e-29,50351.78634,0.2739972715,65.23055087,2.398698312e-27,4.405430878e-28,4.650427028e-06,2.289203032,1.772414795,0.0003595576106,0.005809673483,0.4510570222,2.131628207e-14,nan,1.196651288e-10,0.04269793476,68544.60732,8.598611253e-29,70780.44013,7.319435951e-29,50351.78634,4.405430878e-28,0.0008731486407,0.001888695566,0.00230871556,0.003137230027,0.01836424953,0.00606931204,0.004265095614,0.00411278223,0.005296151819,0.007102420003,0.02491420068,0.9216679983
0.002475,0.9229005479,0.0181752785,0.02622610847,0.9737738915,0.490667953,0.4500563493,0.4876542227,0.5483935576,0.5061127148,0.2690791444,0.2468080026,1.051718594,3.330370942e-29,50261.6312,0.2752971833,64.72567915,2.380321289e-27,4.366151733e-28,4.637600342e-06,2.29162502,1.776703391,0.0003627179817,0.005862529058,0.4516064424,2.176037128e-14,nan,1.131850196e-10,0.04261957387,68558.58051,8.66826517e-29,70787.33182,7.402280038e-29,50261.6312,4.366151733e-28,0.0008543579407,0.00185135705,0.00226577106,0.003079343915,0.0181752785,0.005957736306,0.004178953513,0.004027707854,0.00519827635,0.006964874222,0.02454579539,0.9229005479
0.0025,0.9241012183,0.01798965325,0.02588837913,0.9741116209,0.4915271641,0.4514665825,0.4885466803,0.5478534095,0.5062720032,0.2692848327,0.2473375065,1.050106511,3.32444233e-29,50172.15717,0.2765872743,64.22972145,2.362226145e-27,4.329597158e-28,4.62493352e-06,2.294001923,1.780935208,0.000365875273,0.005915354748,0.4521465905,2.176037128e-14,nan,1.071331538e-10,0.04254727057,68572.26211,8.74205146e-29,70794.05924,7.482436334e-29,50172.15717,4.329597158e-28,0.000836193579,0.001815178396,0.002224121977,0.003023231924,0.01798965325,0.005849096385,0.004095185689,0.003945035841,0.005103081934,0.006831156652,0.02418684603,0.9241012183
0.002525,0.92526869,0.01780966511,0.02556095561,0.9744390444,0.4923772433,0.4528537352,0.4894294382,0.5473222323,0.5064201249,0.2694890119,0.2478569172,1.048507026,3.318559567e-29,50083.37509,0.2778673885,63.74235468,2.344409813e-27,4.294965698e-28,4.612425878e-06,2.296335325,1.785111997,0.0003690295284,0.005968151099,0.4526777677,2.176037128e-14,nan,1.014792731e-10,0.04247210795,68585.65694,8.833583503e-29,70800.62479,7.576990404e-29,50083.37509,4.294965698e-28,0.0008186301996,0.001780113709,0.002183719625,0.00296882697,0.01780966511,0.005743291184,0.004013709644,0.003864681837,0.005010478208,0.006701133482,0.02383706005,0.92526869
0.00255,0.926404918,0.01763429936,0.02524264311,0.9747573569,0.4932187335,0.4542194469,0.4903033631,0.5467997456,0.5065579735,0.269691878,0.248367078,1.046919521,3.312720679e-29,49995.25516,0.2791379552,63.26323527,2.326860308e-27,4.261606041e-28,4.600071352e-06,2.298626746,1.789235414,0.0003721807904,0.006020918636,0.4532002544,2.220446049e-14,nan,9.619542547e-11,0.04240628006,68598.76865,8.933386982e-29,70807.02992,7.66923846e-29,49995.25516,4.261606041e-28,0.0008016435614,0.001746119148,0.002144516878,0.002916064159,0.01763429936,0.005640223652,0.00393444622,0.003786564907,0.00492037758,0.006574676133,0.02349615035,0.926404918
0.002575,0.9275125027,0.0174618831,0.02493159218,0.9750684078,0.494051649,0.4555655756,0.4911692018,0.5462856814,0.5066867996,0.2698933417,0.2488689509,1.045343718,3.30692479e-29,49907.78417,0.2803991652,62.79164334,2.309554899e-27,4.230418512e-28,4.587866187e-06,2.300877639,1.793306992,0.0003753291003,0.006073657866,0.4537143186,2.26485497e-14,nan,9.125580317e-11,0.04232285839,68611.60264,9.039221857e-29,70813.27756,7.767277505e-29,49907.78417,4.230418512e-28,0.0007852104974,0.001713152835,0.002106466778,0.002864878967,0.0174618831,0.005539800686,0.003857319489,0.003710607425,0.004832693215,0.006451660702,0.02316382362,0.9275125027
0.0026,0.9285896494,0.01729507372,0.02463029645,0.9753697035,0.4948760612,0.4568897795,0.4920254924,0.5457797779,0.5068054527,0.2700933468,0.2493612024,1.043779806,3.301172478e-29,49820.97085,0.2816508926,62.32902319,2.292545242e-27,4.200165708e-28,4.575809602e-06,2.3030894,1.797328278,0.000378474498,0.006126369278,0.4542202221,2.26485497e-14,nan,8.663652774e-11,0.04225776481,68624.1625,9.16095937e-29,70819.36944,7.873175111e-29,49820.97085,4.200165708e-28,0.0007693088698,0.001681174761,0.00206952661,0.002815212498,0.01729507372,0.005441933002,0.003782256633,0.003636734945,0.004747344908,0.00633196894,0.02283981569,0.9285896494
0.002625,0.9296393367,0.01713172672,0.02433645386,0.9756635461,0.4956922927,0.4581950818,0.4928740251,0.5452817851,0.506915397,0.2702919782,0.2498454321,1.042227214,3.295461885e-29,49734.78714,0.2828935418,61.87355252,2.27576541e-27,4.171384696e-28,4.56389601e-06,2.305263365,1.801300747,0.0003816170222,0.006179053343,0.4547182149,2.26485497e-14,nan,8.231552405e-11,0.04217943444,68636.45301,9.285567773e-29,70825.3075,7.978770804e-29,49734.78714,4.171384696e-28,0.0007539175175,0.001650146712,0.002033655069,0.002767007841,0.01713172672,0.005346534901,0.003709187783,0.003564876042,0.004664255067,0.006215487266,0.02252386838,0.9296393367
0.00265,0.9306623311,0.01697189612,0.02404996425,0.9759500357,0.4965002781,0.4594811157,0.4937141005,0.5447914647,0.5070168945,0.2704891137,0.25032139,1.040686089,3.289793544e-29,49649.2411,0.2841269967,61.42509484,2.259220043e-27,4.144478685e-28,4.552124656e-06,2.307400813,1.80522577,0.0003847567104,0.006231710517,0.4552085353,2.309263891e-14,nan,7.82723465e-11,0.04210959601,68648.47854,9.41519029e-29,70831.09464,8.085123649e-29,49649.2411,4.144478685e-28,0.0007390162072,0.001620032152,0.001998811159,0.00272020861,0.01697189612,0.005253524106,0.003638045864,0.003494962154,0.00458334693,0.00610210619,0.02221571942,0.9306623311
0.002675,0.9316579625,0.01681700431,0.02377210903,0.976227891,0.4973004277,0.4607474357,0.4945456962,0.5443085807,0.5071094233,0.27068489,0.2507887828,1.039155975,3.284165806e-29,49564.30782,0.2853516165,60.98402867,2.242920657e-27,4.118193609e-28,4.540490526e-06,2.309502975,1.809104762,0.0003878935989,0.006284341239,0.4556914193,2.309263891e-14,nan,7.448806069e-11,0.04203566018,68660.24345,9.558188842e-29,70836.73247,8.200835681e-29,49564.30782,4.118193609e-28,0.0007245856025,0.00159079617,0.001964958458,0.002674764484,0.01681700431,0.00516282169,0.003568766528,0.003426927507,0.004504550909,0.005991721456,0.02191514037,0.9316579625
0.0027,0.9326295643,0.01666449055,0.02350018366,0.9764998163,0.4980927527,0.4619967684,0.4953700655,0.5438329211,0.5071946603,0.2708792367,0.2512490521,1.037636722,3.278578372e-29,49479.98282,0.2865674657,60.54905657,2.226822179e-27,4.093637781e-28,4.528991323e-06,2.311571028,1.812938949,0.000391027723,0.006336945934,0.4561670789,2.353672812e-14,nan,7.094512109e-11,0.04196372913,68671.75217,9.70099597e-29,70842.22365,8.313131859e-29,49479.98282,4.093637781e-28,0.0007106071954,0.001562405364,0.001932058256,0.002630622294,0.01666449055,0.005074351724,0.003501287903,0.003360708871,0.004427794452,0.005884231736,0.02162187731,0.9326295643
0.002725,0.9335752087,0.01651697321,0.02323667825,0.9767633217,0.4988772208,0.4632266935,0.4961857268,0.5433642631,0.5072714053,0.2710720534,0.2517008309,1.036128483,3.273031623e-29,49396.27183,0.2877744617,60.12210857,2.210995337e-27,4.069968867e-28,4.517626152e-06,2.313606103,1.81672966,0.0003941591169,0.006389525011,0.4566357369,2.375877273e-14,nan,6.762724678e-11,0.04189651841,68683.00902,9.854033801e-29,70847.57017,8.432547829e-29,49396.27183,4.069968867e-28,0.0006970633089,0.001534827829,0.001900077532,0.002587736368,0.01651697321,0.004988041454,0.003435550679,0.003296245632,0.004353013803,0.005779541022,0.02133572046,0.9335752087
0.00275,0.9344981453,0.01637189319,0.02297890612,0.9770210939,0.4996544011,0.4644402411,0.4969942888,0.5429024048,0.5073412904,0.271263576,0.2521457238,1.034630547,3.267523147e-29,49313.13845,0.2889731295,59.70181348,2.195392545e-27,4.047496137e-28,4.506388704e-06,2.315609283,1.820478097,0.0003972878137,0.006442078868,0.4570975952,2.375877273e-14,nan,6.45193459e-11,0.04182256204,68694.01781,1.000906769e-28,70852.77399,8.550304579e-29,49313.13845,4.047496137e-28,0.0006839370209,0.001508033032,0.001868982592,0.002546060289,0.01637189319,0.00490382087,0.003371497811,0.003233479504,0.004280144608,0.005677556404,0.02105644939,0.9344981453
0.002775,0.9353978089,0.01623050386,0.02272799427,0.9772720057,0.5004240091,0.4656362634,0.497794905,0.5424471539,0.5074038792,0.2714535795,0.2525830658,1.03314332,3.262054394e-29,49230.60458,0.2901631532,59.28695708,2.179971714e-27,4.025885118e-28,4.495280243e-06,2.317581612,1.824185354,0.0004004138457,0.006494607886,0.4575528461,2.398081733e-14,nan,6.160739117e-11,0.0417517268,68704.78401,1.016734765e-28,70857.83825,8.668480446e-29,49230.60458,4.025885118e-28,0.0006712121408,0.001481991749,0.001838739329,0.002505547191,0.01623050386,0.004821622688,0.003309074473,0.003172354472,0.004209122216,0.005578188034,0.02078383496,0.9353978089
0.0028,0.9362751787,0.01609242036,0.02248344879,0.9775165512,0.5011863196,0.4668154444,0.4985878672,0.5419983103,0.5074595648,0.2716421384,0.2530131821,1.031666346,3.256623798e-29,49148.64655,0.2913448739,58.88040473,2.164831294e-27,4.005237882e-28,4.484296242e-06,2.319524087,1.827852673,0.0004035372441,0.006547112436,0.4580016897,2.420286194e-14,nan,5.887837008e-11,0.04168140848,68715.31039,1.033010319e-28,70862.76414,8.791290035e-29,49148.64655,4.005237882e-28,0.0006588731973,0.001456676063,0.001809320249,0.00246615892,0.01609242036,0.00474138237,0.003248228066,0.0031128168,0.004139892205,0.005481351228,0.02051770188,0.9362751787
0.002825,0.9371313915,0.01595715001,0.02224465973,0.9777553403,0.5019417346,0.4679791017,0.4993740535,0.541555701,0.5075088476,0.2718294079,0.2534367504,1.030199049,3.251229379e-29,49067.2345,0.2925187224,58.47932888,2.149875617e-27,3.985545931e-28,4.473431424e-06,2.32143767,1.831481047,0.0004066580394,0.006599592877,0.458444299,2.442490654e-14,nan,5.632017798e-11,0.04160494882,68725.6022,1.049932542e-28,70867.55439,8.913555982e-29,49067.2345,3.985545931e-28,0.0006469053629,0.001432059206,0.001780693458,0.002427851688,0.01595715001,0.004663037705,0.003188907914,0.003054814729,0.004072393899,0.00538696279,0.02025783178,0.9371313915
0.00285,0.9379664046,0.01582532305,0.02201215067,0.9779878493,0.5026897577,0.4691258486,0.5001520805,0.5411191485,0.5075515821,0.2720150537,0.2538529797,1.028742265,3.245874017e-29,48986.41191,0.2936840717,58.08377488,2.135107129e-27,3.966709e-28,4.462689923e-06,2.323323281,1.835071525,0.0004097762609,0.006652049554,0.4588808515,2.464695115e-14,nan,5.392156846e-11,0.04153774841,68735.66322,1.066694113e-28,70872.21138,9.036592294e-29,48986.41191,3.966709e-28,0.0006352944612,0.001408115583,0.001752830846,0.002390586728,0.01582532305,0.004586528972,0.003131065354,0.002998298562,0.00400657261,0.005294943552,0.02000403571,0.9379664046
0.002875,0.9387811937,0.01569650166,0.02178538654,0.9782146135,0.5034311159,0.4702578679,0.5009238267,0.5406884747,0.5075881717,0.2721994021,0.2542630093,1.027295037,3.240554457e-29,48906.12963,0.2948416306,57.69524102,2.120582481e-27,3.948661502e-28,4.45206413e-06,2.325181807,1.838625198,0.0004128919375,0.006704482803,0.4593115253,2.509104036e-14,nan,5.167208086e-11,0.0414689364,68745.49735,1.08377548e-28,70876.73678,9.158606152e-29,48906.12963,3.948661502e-28,0.0006240269319,0.001384820714,0.001725707589,0.002354329643,0.01569650166,0.004511798796,0.003074653633,0.002943220552,0.003942378859,0.005205218076,0.01975614985,0.9387811937
0.0029,0.9395765957,0.01557042769,0.02156400512,0.9784359949,0.5041658927,0.4713747702,0.5016884971,0.540263528,0.5076189664,0.2723824439,0.2546665964,1.025857275,3.235270367e-29,48826.38266,0.295991471,57.31078809,2.106197907e-27,3.931275688e-28,4.441552082e-06,2.327014098,1.842142941,0.0004160050971,0.006756892947,0.459736472,2.531308496e-14,nan,4.956197516e-11,0.04139762492,68755.10896,1.101463822e-28,70881.13314,9.286416334e-29,48826.38266,3.931275688e-28,0.0006130897713,0.0013621511,0.001699295209,0.002319041351,0.01557042769,0.004438791818,0.00301962766,0.002889534667,0.003879758024,0.00511771226,0.01951397471,0.9395765957
0.002925,0.9403528327,0.01544738667,0.02134820102,0.978651799,0.5048936326,0.472476424,0.5024458986,0.5398441435,0.5076439696,0.2725638707,0.2550636304,1.024429466,3.230023326e-29,48747.19483,0.2971332494,56.93327472,2.092048395e-27,3.914664273e-28,4.431155509e-06,2.328820973,1.845625744,0.0004191157666,0.006809280302,0.4601558565,2.531308496e-14,nan,4.758219643e-11,0.04133071666,68764.50197,1.119108945e-28,70885.4026,9.410956645e-29,48747.19483,3.914664273e-28,0.0006024705516,0.001340084292,0.001673570183,0.00228468932,0.01544738667,0.004367454932,0.002965944162,0.002837196734,0.003818663177,0.005032356104,0.0192773512,0.9403528327
0.00295,0.9411112669,0.01532651522,0.02113702183,0.9788629782,0.5056150826,0.47356414,0.5031967596,0.5394301702,0.5076638109,0.27274403,0.2554547846,1.023010667,3.224810295e-29,48668.52029,0.2982676268,56.56266923,2.078141527e-27,3.898730702e-28,4.42086739e-06,2.330603219,1.849074529,0.0004222239725,0.006861645171,0.4605698298,2.575717417e-14,nan,4.572429618e-11,0.04125677593,68773.6798,1.136691062e-28,70889.54683,9.535198126e-29,48668.52029,3.898730702e-28,0.000592157364,0.001318598762,0.001648509167,0.002251241319,0.01532651522,0.004297736969,0.002913561455,0.002786164205,0.003759047959,0.00494908196,0.01904611868,0.9411112669
0.002975,0.9418510382,0.01520918098,0.02093174515,0.9790682549,0.506330053,0.4746372842,0.5039409258,0.5390214665,0.5076779278,0.2729227677,0.255839685,1.021601205,3.219632186e-29,48590.37277,0.2993944053,56.19524152,2.064345315e-27,3.883507113e-28,4.410688244e-06,2.332361591,1.852490111,0.0004253297404,0.006913987848,0.4609785335,2.575717417e-14,nan,4.398041949e-11,0.04119469351,68782.6472,1.154974645e-28,70893.56859,9.662310866e-29,48590.37277,3.883507113e-28,0.0005821387984,0.001297673868,0.001624087727,0.002218663771,0.01520918098,0.004229588641,0.002862439381,0.002736396106,0.003700864622,0.004867824076,0.0188201038,0.9418510382
0.003,0.9425742652,0.01509371156,0.02073061966,0.9792693803,0.5070386883,0.4756969606,0.504678494,0.5386178843,0.5076873565,0.2731001055,0.2562188905,1.020200938,3.214488675e-29,48512.74741,0.3005136551,55.83450334,2.050779426e-27,3.868885322e-28,4.400616285e-06,2.334096817,1.8558734,0.0004284330954,0.00696630862,0.4613821157,2.597921878e-14,nan,4.234323055e-11,0.04112126261,68791.40726,1.172624879e-28,70897.46955,9.786668786e-29,48512.74741,3.868885322e-28,0.0005724039407,0.001277289871,0.001600285631,0.002186928658,0.01509371156,0.004162962592,0.002812539358,0.002687853068,0.003644072037,0.004788520245,0.01859916789,0.9425742652
0.003025,0.9432812357,0.01498028574,0.02053374198,0.979466258,0.5077412541,0.4767437406,0.5054099695,0.5382192933,0.5076921601,0.273276139,0.2565926791,1.018809364,3.209377952e-29,48435.61688,0.3016257701,55.47857255,2.03738582e-27,3.854873719e-28,4.390646977e-06,2.335809597,1.859225164,0.0004315340617,0.007018607764,0.4617807067,2.620126338e-14,nan,4.080589964e-11,0.04105006225,68799.96421,1.190628071e-28,70901.25198,9.908069593e-29,48435.61688,3.854873719e-28,0.0005629423207,0.001257427812,0.001577080666,0.002156005439,0.01498028574,0.004097813119,0.002763824155,0.002640497116,0.003588626334,0.00471110963,0.01838315195,0.9432812357
0.00305,0.9439704234,0.01487086213,0.02034299501,0.979657005,0.5084375822,0.4777759293,0.5061344269,0.5378255623,0.5076914237,0.2734507285,0.2569601078,1.017426899,3.204301324e-29,48359.00091,0.3027304658,55.12657032,2.024131092e-27,3.841130406e-28,4.380781655e-06,2.337500604,1.862546199,0.000434632663,0.007070885546,0.4621744377,2.664535259e-14,nan,3.936205298e-11,0.04098657267,68808.32144,1.209258021e-28,70904.91771,1.003984974e-28,48359.00091,3.841130406e-28,0.0005537439129,0.001238069522,0.001554452878,0.002125866563,0.01487086213,0.004034096246,0.002716257936,0.002594291704,0.003534487265,0.004635534078,0.01817191436,0.9439704234
0.003075,0.944645246,0.01476243074,0.02015529759,0.9798447024,0.509127908,0.4787965465,0.5068532854,0.5374365585,0.5076868901,0.2736239507,0.2573227682,1.016053107,3.199257514e-29,48282.88022,0.3038280203,54.78104868,2.011096878e-27,3.828275054e-28,4.371016867e-06,2.339170487,1.8658373,0.0004377289223,0.007123142227,0.4625634415,2.70894418e-14,nan,3.800574088e-11,0.04092292832,68816.48275,1.226925697e-28,70908.46891,1.015780594e-28,48282.88022,3.828275054e-28,0.0005447991184,0.001219197616,0.001532383702,0.002096486407,0.01476243074,0.003971769657,0.002669806225,0.002549201676,0.003481616979,0.004561737867,0.01796532397,0.944645246
0.0031,0.9453042401,0.01465686776,0.01997245418,0.9800275458,0.5098125038,0.4798042103,0.5075659137,0.5370521655,0.5076776892,0.2737959092,0.2576798902,1.014687763,3.194245582e-29,48207.24064,0.3049186378,54.43994001,1.998222968e-27,3.815659101e-28,4.361349815e-06,2.340819868,1.869099173,0.0004408228622,0.00717537806,0.4629478345,2.68673972e-14,nan,3.673142039e-11,0.04085212197,68824.4516,1.245303311e-28,70911.90739,1.028433035e-28,48207.24064,3.815659101e-28,0.0005360987241,0.001200795372,0.00151085388,0.002067838446,0.01465686776,0.003910792487,0.002624435724,0.002505193089,0.003429976771,0.004489666749,0.01776324088,0.9453042401
0.003125,0.9459487497,0.01455322187,0.0197934455,0.9802065545,0.5104911558,0.4807992414,0.5082719772,0.5366722633,0.5076644564,0.273966444,0.258031617,1.013331107,3.189266346e-29,48132.0945,0.3060021406,54.10420153,1.985531446e-27,3.803477622e-28,4.351781003e-06,2.342449349,1.872332521,0.0004439145045,0.007227593289,0.4633277367,2.731148641e-14,nan,3.553390213e-11,0.04078569627,68832.23187,1.263410684e-28,70915.23545,1.040610214e-28,48132.0945,3.803477622e-28,0.0005276339078,0.001182846779,0.001489845256,0.002039897691,0.01455322187,0.003851125409,0.00258011439,0.002462233285,0.003379529858,0.004419268654,0.0175655332,0.9459487497
0.00315,0.9465789057,0.01445172634,0.01961844217,0.9803815578,0.5111641895,0.48178292,0.5089728041,0.5362967371,0.5076471785,0.2741356869,0.2583786079,1.011982545,3.1843179e-29,48057.41304,0.3070789434,53.77338359,1.973017817e-27,3.791817435e-28,4.342305922e-06,2.344059509,1.875538062,0.0004470038705,0.007279788152,0.4637032629,2.753353101e-14,nan,3.440835704e-11,0.04071807632,68839.82646,1.281446093e-28,70918.45457,1.052884394e-28,48057.41304,3.791817435e-28,0.0005193962101,0.001165336469,0.001469341537,0.00201264161,0.01445172634,0.003792730505,0.002536811319,0.002420290774,0.003330242459,0.004350493713,0.01737208341,0.9465789057
0.003175,0.9471945795,0.01435288502,0.01944788356,0.9805521164,0.5118316192,0.4827540891,0.5096672844,0.5359254794,0.5076257091,0.2743036059,0.2587202166,1.0106423,3.179400829e-29,47983.20508,0.308148919,53.44625429,1.960640786e-27,3.780542219e-28,4.332924695e-06,2.345650905,1.878716421,0.0004500909812,0.007331962879,0.4640745206,2.753353101e-14,nan,3.33502569e-11,0.0406580743,68847.2394,1.299783048e-28,70921.56714,1.065123518e-28,47983.20508,3.780542219e-28,0.0005113775167,0.001148249687,0.0014493252,0.001986046137,0.01435288502,0.00373557119,0.002494496699,0.002379335188,0.003282079178,0.004283293292,0.0171827614,0.9471945795
0.0032,0.9477976599,0.01425513951,0.01928015496,0.980719845,0.5124935191,0.4837145785,0.5103563756,0.5355583789,0.5076009782,0.2744701983,0.2590573955,1.009310234,3.174514657e-29,47909.46346,0.3092121706,53.12371098,1.948423863e-27,3.769941019e-28,4.323635521e-06,2.347224073,1.881868294,0.0004531758567,0.007384117694,0.4644416211,2.797762022e-14,nan,3.235538422e-11,0.04058527604,68854.47341,1.31732818e-28,70924.57437,1.076942374e-28,47909.46346,3.769941019e-28,0.0005035700544,0.001131572294,0.001429781819,0.001960091289,0.01425513951,0.003679612237,0.00245314182,0.002339337284,0.003235009518,0.00421762129,0.01699746297,0.9477976599
0.003225,0.9483867881,0.01416020512,0.01911691097,0.980883089,0.5131500569,0.4846632072,0.5110396025,0.5351953365,0.5075721862,0.2746355174,0.2593894883,1.007986048,3.16965849e-29,47836.17467,0.3102688931,52.80544021,1.936364407e-27,3.759283175e-28,4.314435854e-06,2.348779532,1.884994248,0.0004562585169,0.007436252814,0.4648046635,2.819966483e-14,nan,3.141978823e-11,0.04052525671,68861.53252,1.335420558e-28,70927.47902,1.088907214e-28,47836.17467,3.759283175e-28,0.000495966358,0.001115290685,0.001410694666,0.001934754133,0.01416020512,0.003624819604,0.002412718934,0.002300268813,0.003188999681,0.004153432313,0.01681606157,0.9483867881
0.00325,0.9489635864,0.01406676961,0.01895678689,0.9810432131,0.5138012037,0.4856009502,0.5117171587,0.534836252,0.5075401279,0.2747995101,0.2597169922,1.006669969,3.164832858e-29,47763.3467,0.3113189711,52.49109367,1.924443104e-27,3.749249679e-28,4.305325778e-06,2.350317781,1.888094923,0.0004593389811,0.00748836845,0.465163748,2.842170943e-14,nan,3.053977661e-11,0.0404563679,68868.41926,1.353434053e-28,70930.282,1.100940012e-28,47763.3467,3.749249679e-28,0.0004885592722,0.001099391821,0.001392050226,0.001910015964,0.01406676961,0.003571160484,0.002373201302,0.002262102554,0.003144020954,0.004090683409,0.016638458,0.9489635864
0.003275,0.9495278617,0.01397534405,0.01880024019,0.9811997598,0.5144471221,0.4865282551,0.5123896567,0.5344810279,0.5075046276,0.2749622266,0.2600401219,1.005361488,3.160036224e-29,47690.95636,0.3123627391,52.18187459,1.912701151e-27,3.739634401e-28,4.29630164e-06,2.351839299,1.891170889,0.0004624172682,0.007540464809,0.4655189721,2.864375404e-14,nan,2.971190176e-11,0.0403975226,68875.13718,1.371067803e-28,70932.98561,1.11266243e-28,47690.95636,3.739634401e-28,0.0004813419315,0.001083863173,0.001373834081,0.001885856957,0.01397534405,0.003518603217,0.002334563113,0.002224812243,0.003100043435,0.004029332708,0.01646454342,0.9495278617
0.0033,0.9500800654,0.01388577947,0.0186470711,0.9813529289,0.5150879439,0.4874444807,0.5130562133,0.5341295729,0.5074658596,0.2751237035,0.2603585123,1.004060771,3.155269014e-29,47619.0101,0.3134001041,51.87647124,1.901100253e-27,3.729962594e-28,4.287363386e-06,2.353344553,1.894222708,0.0004654933966,0.007592542088,0.4658704271,2.886579864e-14,nan,2.893292667e-11,0.04032973511,68881.68933,1.38860952e-28,70935.59149,1.124182732e-28,47619.0101,3.729962594e-28,0.0004743077457,0.0010686927,0.001356032701,0.001862258482,0.01388577947,0.003467117229,0.002296779445,0.002188372525,0.003057038765,0.003969339903,0.01629421561,0.9500800654
0.003325,0.9506207409,0.0137978256,0.01849698033,0.9815030197,0.515723683,0.4883508677,0.5137178758,0.5337817952,0.5074240456,0.2752839134,0.2606728028,1.002767682,3.150530748e-29,47547.50066,0.3144311708,51.57470196,1.889629228e-27,3.72089386e-28,4.278509334e-06,2.354833988,1.897250926,0.0004685673842,0.007644600481,0.4662182048,2.886579864e-14,nan,2.819983947e-11,0.04026780835,68888.07898,1.406201433e-28,70938.10151,1.135774876e-28,47547.50066,3.72089386e-28,0.0004674503932,0.001053868845,0.001338632984,0.00183920251,0.0137978256,0.003416673026,0.002259826251,0.00215275894,0.003014979435,0.003910666099,0.016127375,0.9506207409
0.00335,0.9511505357,0.0137111139,0.01834955295,0.9816504471,0.5163543727,0.4892472996,0.5143742039,0.5334376088,0.5073794674,0.2754428419,0.2609829096,1.001481972,3.145820674e-29,47476.41668,0.3154561029,51.2775653,1.878326336e-27,3.711938071e-28,4.269737339e-06,2.356308036,1.900256075,0.0004716392487,0.007696640178,0.4665623912,2.930988785e-14,nan,2.750980326e-11,0.04020034303,68894.30873,1.423301354e-28,70940.51707,1.146959087e-28,47476.41668,3.711938071e-28,0.0004607638032,0.001039380494,0.001321622643,0.00181667211,0.0137111139,0.003367242111,0.002223680295,0.002117947866,0.002973839322,0.003853273824,0.01596392797,0.9511505357
0.003375,0.9516676493,0.01362771781,0.01820681715,0.9817931829,0.5169801554,0.4901325834,0.5150249499,0.5330969292,0.5073311015,0.2756005333,0.2612881751,1.000203736,3.141138898e-29,47405.75978,0.3164748771,50.98433609,1.867163838e-27,3.703068212e-28,4.261046826e-06,2.357767115,1.903238667,0.0004747090072,0.007748661361,0.4669030708,2.953193246e-14,nan,2.68601802e-11,0.04014713417,68900.38182,1.441172616e-28,70942.84015,1.158815168e-28,47405.75978,3.703068212e-28,0.0004542421483,0.001025216962,0.001304989587,0.001794650642,0.01362771781,0.003318796971,0.002188319137,0.002083916493,0.002933592758,0.003797126817,0.01580378136,0.9516676493
0.0034,0.9521761672,0.01354381428,0.01806490652,0.9819350935,0.5176011692,0.4910100251,0.5156714083,0.5327596749,0.5072810652,0.2757570306,0.2615903413,0.998932788,3.136484916e-29,47335.52233,0.3174876034,50.69475781,1.856129129e-27,3.695165476e-28,4.252436139e-06,2.359211626,1.906199198,0.0004777766765,0.007800664209,0.4672403251,2.953193246e-14,nan,2.624848685e-11,0.04007522169,68906.30102,1.457942637e-28,70945.07206,1.16970024e-28,47335.52233,3.695165476e-28,0.0004478798347,0.001011367995,0.001288722233,0.001773122184,0.01354381428,0.003271311029,0.002153721113,0.002050642806,0.002894215107,0.003742190142,0.0156468461,0.9521761672
0.003425,0.9526725337,0.01346321361,0.01792758958,0.9820724104,0.5182173563,0.4918765413,0.516312294,0.5324257663,0.5072274038,0.2759122731,0.2618877444,0.9976690113,3.131858307e-29,47265.69801,0.318494373,50.40899313,1.845237976e-27,3.686756839e-28,4.243903804e-06,2.360641957,1.909138147,0.000480842273,0.007852648894,0.4675742337,2.975397706e-14,nan,2.567240494e-11,0.04002126656,68912.06934,1.474853633e-28,70947.21486,1.180701028e-28,47265.69801,3.686756839e-28,0.0004416714881,0.00099782371,0.00127280941,0.001752071362,0.01346321361,0.003224758605,0.002119865271,0.002018105522,0.002855682393,0.003688429976,0.01549303498,0.9526725337
0.00345,0.953159787,0.01338311754,0.01779202879,0.9822079712,0.5188289654,0.4927344994,0.5169484761,0.5320951264,0.5071716773,0.2760663639,0.2621816257,0.9964122379,3.127258342e-29,47196.2758,0.3194953448,50.12700223,1.834480258e-27,3.678863821e-28,4.235447809e-06,2.362058484,1.912055994,0.0004839058127,0.007904615587,0.4679048736,2.997602166e-14,nan,2.512976216e-11,0.03995414884,68917.68931,1.491912695e-28,70949.26974,1.191822959e-28,47196.2758,3.678863821e-28,0.0004356119492,0.0009845746247,0.001257240761,0.001731483915,0.01338311754,0.00317911489,0.002086731379,0.001986284095,0.002817972155,0.003635813836,0.01534226785,0.953159787
0.003475,0.9536367446,0.01330495935,0.01765961639,0.9823403836,0.5194358468,0.493583055,0.5175797365,0.5317676837,0.5071132028,0.2762191971,0.2624715179,0.9951625438,3.12268553e-29,47127.26336,0.3204904081,49.84820294,1.823839378e-27,3.671056946e-28,4.227068375e-06,2.363461568,1.914953152,0.0004869673112,0.00795656445,0.4682323163,3.019806627e-14,nan,2.461851644e-11,0.03989766802,68923.16404,1.508537933e-28,70951.23861,1.202735174e-28,47127.26336,3.671056946e-28,0.0004296962576,0.0009716116002,0.001242004906,0.001711344272,0.01330495935,0.003134355881,0.002054299858,0.001955158653,0.002781060494,0.003584309869,0.01519445424,0.9536367446
0.0035,0.954104306,0.01322804769,0.01752962759,0.9824703724,0.5200381957,0.4944227758,0.5182062094,0.5314433632,0.5070524012,0.2763708477,0.2627577028,0.9939199198,3.11813951e-29,47058.65527,0.3214796413,49.57305012,1.813338115e-27,3.663424803e-28,4.218764182e-06,2.364851559,1.917830117,0.000490026784,0.008008495645,0.4685566368,3.064215548e-14,nan,2.41367669e-11,0.03983550824,68928.49558,1.52481992e-28,70953.12245,1.213205372e-28,47058.65527,3.663424803e-28,0.0004239196523,0.0009589258588,0.001227093516,0.001691640869,0.01322804769,0.003090458408,0.002022551805,0.001924710009,0.002744928236,0.003533888114,0.01504952988,0.954104306
0.003525,0.9545620842,0.01315300766,0.01740264869,0.9825973513,0.5206362377,0.4952535253,0.5188279877,0.5311220963,0.5069890152,0.27652141,0.2630400905,0.9926838784,3.113618705e-29,46990.42772,0.3224633877,49.30141637,1.802961051e-27,3.656210105e-28,4.210531788e-06,2.366228795,1.920687268,0.0004930842461,0.008060409326,0.4688779037,3.064215548e-14,nan,2.368271526e-11,0.03977670728,68933.68731,1.541631802e-28,70954.92347,1.224094888e-28,46990.42772,3.656210105e-28,0.0004182775548,0.0009465089437,0.001212495694,0.001672358833,0.01315300766,0.003047400045,0.00199146892,0.001894919602,0.002709552564,0.003484518746,0.01490740721,0.9545620842
0.00355,0.955011786,0.01307834316,0.01727714974,0.9827228503,0.5212296416,0.4960763921,0.5194453088,0.530803817,0.5069239013,0.2766706833,0.2633192425,0.9914547219,3.109124291e-29,46922.59847,0.3234413912,49.03293145,1.792699616e-27,3.649266786e-28,4.202372634e-06,2.367593603,1.923525026,0.000496139712,0.008112305646,0.469196183,3.064215548e-14,nan,2.325469393e-11,0.03971254956,68938.74142,1.557367843e-28,70956.64278,1.234193423e-28,46922.59847,3.649266786e-28,0.0004127655649,0.0009343527239,0.001198202467,0.001653485825,0.01307834316,0.003005159096,0.00196103351,0.001865769487,0.002674913678,0.003436173397,0.01476801505,0.955011786
0.003575,0.9554511597,0.01300650198,0.01715554735,0.9828444527,0.5218188231,0.4968895904,0.5200575512,0.5304884567,0.5068558112,0.2768188622,0.263594192,0.9902322901,3.104655416e-29,46855.15465,0.3244138373,48.76865884,1.782595005e-27,3.641917837e-28,4.194284599e-06,2.368946298,1.926343819,0.0004991931962,0.008164184753,0.4695115433,3.108624469e-14,nan,2.285112317e-11,0.03965943206,68943.66028,1.573783211e-28,70958.2817,1.24490888e-28,46855.15465,3.641917837e-28,0.0004073794549,0.0009224493652,0.001184205803,0.001635010745,0.01300650198,0.002963714603,0.001931228461,0.001837242318,0.002640993294,0.003388824806,0.01463128949,0.9554511597
0.0036,0.9558836279,0.01293427404,0.0170345972,0.9829654028,0.522403885,0.4976962647,0.5206661671,0.5301759544,0.5067865147,0.2769659783,0.2638665922,0.9890162371,3.100211081e-29,46788.08118,0.3253809434,48.50697443,1.772578635e-27,3.635322083e-28,4.186265317e-06,2.370287185,1.929144004,0.0005022447128,0.00821604679,0.4698240456,3.108624469e-14,nan,2.247053392e-11,0.03959415696,68948.44668,1.589438404e-28,70959.84192,1.254855807e-28,46788.08118,3.635322083e-28,0.0004021151581,0.0009107913346,0.001170496127,0.001616920536,0.01293427404,0.002923046256,0.001902037212,0.001809321311,0.002607771061,0.003342446102,0.014497153,0.9558836279
0.003625,0.9563060981,0.01286494416,0.01691755363,0.9830824464,0.5229844921,0.4984932141,0.5212695131,0.5298662491,0.5067143252,0.2771118312,0.2641347296,0.9878068504,3.095792257e-29,46721.39272,0.3263424983,48.24817452,1.762674671e-27,3.628408367e-28,4.178315906e-06,2.37161656,1.931925958,0.0005052942755,0.008267891898,0.4701337509,3.15303339e-14,nan,2.211154244e-11,0.03954041314,68953.10305,1.60512329e-28,70961.32485,1.265087232e-28,46721.39272,3.628408367e-28,0.0003969687627,0.0008993713586,0.001157065317,0.001599204034,0.01286494416,0.002883134413,0.001873443721,0.001781990219,0.002575228819,0.003297011562,0.01436553957,0.9563060981
0.00365,0.9567216171,0.01279563827,0.01680151545,0.9831984845,0.523561035,0.4992832152,0.5218688553,0.529559277,0.5066408078,0.2772566032,0.2644000585,0.9866038826,3.091397897e-29,46655.07348,0.3272987295,47.99385983,1.752931928e-27,3.622050437e-28,4.170433956e-06,2.372934708,1.934690089,0.0005083418978,0.008319720214,0.470440723,3.197442311e-14,nan,2.177284983e-11,0.03947940786,68957.63137,1.62044887e-28,70962.7315,1.274697863e-28,46655.07348,3.622050437e-28,0.0003919365127,0.000888182463,0.001143906482,0.001581851725,0.01279563827,0.002843960085,0.001845432497,0.001755233353,0.002543350517,0.003252496675,0.0142363943,0.9567216171
0.003675,0.9571285097,0.01272823332,0.01668832745,0.9833116726,0.5241335867,0.5000649976,0.5224637993,0.5292549846,0.5065650347,0.2774003134,0.2646618926,0.9854071127,3.087027368e-29,46589.11388,0.3282497751,47.74172722,1.743270187e-27,3.615554731e-28,4.162617805e-06,2.374241906,1.937436694,0.000511387593,0.008371531871,0.4707450154,3.197442311e-14,nan,2.14532449e-11,0.03942121024,68962.0346,1.636098731e-28,70964.06381,1.284869514e-28,46589.11388,3.615554731e-28,0.0003870147866,0.0008772178928,0.001131010393,0.00156485105,0.01272823332,0.002805504844,0.001817988493,0.001729035487,0.002512116639,0.003208876855,0.01410964049,0.9571285097
0.0037,0.9575281862,0.01266148332,0.01657671803,0.983423282,0.5247019816,0.5008394348,0.5230545085,0.528953315,0.5064877083,0.2775428526,0.2649206793,0.9842167756,3.082681497e-29,46523.52643,0.329195455,47.49252914,1.733724451e-27,3.609247575e-28,4.154868339e-06,2.37553842,1.940166149,0.000514431374,0.008423326999,0.471046685,3.197442311e-14,nan,2.115157786e-11,0.03936339299,68966.31449,1.650745117e-28,70965.32259,1.294139728e-28,46523.52643,3.609247575e-28,0.0003822001057,0.0008664711668,0.001118370478,0.00154819296,0.01266148332,0.002767750875,0.001791097173,0.001703381913,0.002481511847,0.00316612908,0.01398522492,0.9575281862
0.003725,0.9579199928,0.0125962068,0.01646748006,0.9835325199,0.5252665269,0.5016062326,0.5236410518,0.5286542101,0.5064084372,0.2776843609,0.2651762467,0.9830324824,3.078358761e-29,46458.28811,0.3301361008,47.24672601,1.724299232e-27,3.603147692e-28,4.14718239e-06,2.376824508,1.942878803,0.0005174732534,0.008475105727,0.4713457899,3.241851232e-14,nan,2.08667854e-11,0.03930336744,68970.47347,1.665921285e-28,70966.50932,1.3038158e-28,46458.28811,3.603147692e-28,0.0003774891234,0.000855936027,0.001105979967,0.001531868142,0.0125962068,0.002730680938,0.001764744454,0.001678258387,0.002451520588,0.003124230903,0.01386309182,0.9579199928
0.00375,0.9583042945,0.01253221751,0.01636039916,0.9836396008,0.5258271447,0.5023657156,0.524223588,0.528357621,0.5063273772,0.2778247792,0.2654287544,0.9818543233,3.074059586e-29,46393.4054,0.3310716193,47.00291925,1.714951522e-27,3.597226509e-28,4.139560171e-06,2.378100423,1.945574943,0.0005205132439,0.008526868176,0.471642379,3.264055692e-14,nan,2.059785293e-11,0.03925009292,68974.51397,1.680534776e-28,70967.62549,1.313136637e-28,46393.4054,3.597226509e-28,0.0003728786147,0.0008456064397,0.001093830866,0.001515865731,0.01253221751,0.002694278294,0.001738916677,0.001653651103,0.002422125632,0.003083160162,0.01374317443,0.9583042945
0.003775,0.9586816389,0.01246910998,0.0162550482,0.9837449518,0.5263838679,0.5031179509,0.5248019056,0.5280634932,0.5062447751,0.2779641041,0.2656782227,0.9806823564,3.069784047e-29,46328.87938,0.3320019948,46.76216578,1.705722189e-27,3.591403409e-28,4.132001304e-06,2.379366404,1.948254929,0.0005235513574,0.008578614469,0.4719365068,3.308464613e-14,nan,2.034384228e-11,0.03919238656,68978.4377,1.695145255e-28,70968.67193,1.322478354e-28,46328.87938,3.591403409e-28,0.0003683654795,0.0008354765959,0.001081917827,0.001500178318,0.01246910998,0.002658526761,0.001713600628,0.001629546709,0.002393313818,0.003042896115,0.0136254289,0.9586816389
0.0038,0.9590521617,0.01240691553,0.01615143236,0.9838485676,0.5269368531,0.503863481,0.5253765135,0.5277717781,0.5061606647,0.2781023999,0.2659249253,0.9795162246,3.065530981e-29,46264.69252,0.3329274799,46.52470056,1.696608967e-27,3.585681842e-28,4.124503286e-06,2.380622689,1.950919036,0.000526587606,0.008630344723,0.4722282219,3.330669074e-14,nan,2.01038635e-11,0.03913738741,68982.24717,1.709464416e-28,70969.65026,1.331447296e-28,46264.69252,3.585681842e-28,0.0003639467311,0.0008255408874,0.001070233409,0.001484795794,0.01240691553,0.002623410639,0.00168878349,0.001605932257,0.002365068994,0.003003417991,0.01350979262,0.9590521617
0.003825,0.9594152471,0.01234639478,0.01605029009,0.9839497099,0.5274859948,0.5046010633,0.5259464709,0.5274824277,0.5060746837,0.2782395931,0.2661681939,0.9783560737,3.061300879e-29,46200.85224,0.3338479681,46.28983656,1.687590758e-27,3.579786299e-28,4.117066479e-06,2.381869502,1.953567573,0.0005296220014,0.008682059054,0.4725175723,3.330669074e-14,nan,1.987708433e-11,0.03908214562,68985.94431,1.723709875e-28,70970.56149,1.340634483e-28,46200.85224,3.579786299e-28,0.0003596194932,0.0008157939018,0.001058771773,0.001469710143,0.01234639478,0.002588914714,0.001664452835,0.001582795204,0.002337377473,0.002964706049,0.01339621653,0.9594152471
0.00385,0.9597726314,0.01228595138,0.01595000371,0.9840499963,0.5280315603,0.5053331351,0.5265133831,0.5271953926,0.5059877092,0.2783758058,0.2664093006,0.9772017467,3.05709305e-29,46137.34809,0.3347636095,46.05833955,1.678697824e-27,3.574529468e-28,4.109689226e-06,2.383107066,1.956200845,0.0005326545552,0.008733757574,0.4728046074,3.352873534e-14,nan,1.966272667e-11,0.03902621152,68989.53097,1.737511549e-28,70971.40676,1.349220207e-28,46137.34809,3.574529468e-28,0.0003553809992,0.0008062304338,0.001047527263,0.001454913624,0.01228595138,0.002555024249,0.001640596638,0.001560123411,0.002310226032,0.002926741214,0.01328465334,0.9597726314
0.003875,0.9601229004,0.01222714814,0.01585211315,0.9841478869,0.528573521,0.5060576072,0.527075864,0.5269106283,0.5058989607,0.2785110061,0.2666471318,0.9760531188,3.052907203e-29,46074.17571,0.3356744674,45.82888687,1.669884531e-27,3.568799159e-28,4.10237057e-06,2.384335594,1.958819112,0.0005356852786,0.008785440393,0.4730893717,3.375077995e-14,nan,1.946005019e-11,0.03896918576,68993.0096,1.751399261e-28,70972.18757,1.357917945e-28,46074.17571,3.568799159e-28,0.0003512285804,0.0007968454396,0.001036493471,0.001440397513,0.01222714814,0.002521724941,0.001617203211,0.001537905092,0.002283600342,0.002889504656,0.01317504826,0.9601229004
0.0039,0.9604671382,0.01216903155,0.01575564512,0.9842443549,0.5291117674,0.5067759195,0.5276348345,0.5266280913,0.5058089758,0.2786451202,0.2668824352,0.9749102504,3.048743499e-29,46011.33748,0.3365805072,48.54787415,1.765351906e-27,3.563515259e-28,4.095110329e-06,2.385555291,1.96142266,0.0005387141827,0.008837107619,0.4733719087,3.375077995e-14,nan,1.926837302e-11,0.03891591097,68996.38164,1.764894091e-28,70972.90462,1.366630039e-28,46011.33748,3.563515259e-28,0.0003471596672,0.0007876340662,0.001025665176,0.001426154662,0.01216903155,0.00248900292,0.001594261234,0.001516128833,0.002257488043,0.002852978456,0.01306735721,0.9604671382
0.003925,0.9608049525,0.01211212496,0.01566110319,0.9843388968,0.5296465181,0.5074874614,0.5281898892,0.5263477361,0.5057175115,0.2787782457,0.2671148764,0.9737729908,3.044601274e-29,45948.82343,0.3374818729,48.31628899,1.756798048e-27,3.558270057e-28,4.08790694e-06,2.386766358,1.964011762,0.0005417412784,0.008888759355,0.4736522639,3.419486916e-14,nan,1.908703872e-11,0.03886225916,68999.64927,1.778522468e-28,70973.55923,1.375183499e-28,45948.82343,3.558270057e-28,0.0003431717853,0.0007785916245,0.001015037043,0.001412177783,0.01211212496,0.002456844749,0.001571759729,0.001494783572,0.002231876651,0.002817145147,0.01296153451,0.9608049525
0.00395,0.9611368138,0.01205608866,0.01556812781,0.9844318722,0.5301777803,0.5081926858,0.5287412557,0.5260695217,0.5056247839,0.2789103713,0.2673446832,0.9726413514,3.040480674e-29,45886.63575,0.3383785328,42.87203793,1.563842315e-27,3.552876347e-28,4.080760218e-06,2.387968991,1.966586667,0.0005447665764,0.008940395706,0.4739304783,3.441691376e-14,nan,1.891544515e-11,0.03881152496,69002.81443,1.791608935e-28,70974.15261,1.383322158e-28,45886.63575,3.552876347e-28,0.0003392625486,0.0007697135895,0.001004603592,0.00139845942,0.01205608866,0.002425237375,0.001549688042,0.001473858576,0.002206753595,0.002781987701,0.01285753314,0.9611368138
0.003975,0.96146314,0.01200062023,0.01547639941,0.9845236006,0.5307056476,0.5088920352,0.5292891782,0.5257934055,0.5055309786,0.2790415298,0.2675720762,0.9715152572,3.036381339e-29,45824.76899,0.3392705654,32.61590977,1.200099823e-27,3.547829761e-28,4.07366913e-06,2.389163377,1.969147652,0.0005477900871,0.00899201677,0.4742065945,3.463895837e-14,nan,1.875301481e-11,0.03875346107,69005.87862,1.804668417e-28,70974.68553,1.391638463e-28,45824.76899,3.547829761e-28,0.0003354296591,0.0007609955936,0.0009943604119,0.001384993519,0.01200062023,0.002394168147,0.001528035839,0.001453343444,0.00218210801,0.002747489878,0.0127553153,0.96146314
0.004,0.9617837933,0.01194599006,0.01538616819,0.9846138318,0.5312301413,0.5095851096,0.5298333296,0.5255193497,0.5054359936,0.2791717184,0.2677968354,0.9703944714,3.032302539e-29,45763.21214,0.3401581296,19.67146098,7.402456256e-28,3.542526518e-28,4.066632034e-06,2.390349699,1.97169493,0.0005508118209,0.009043622646,0.4744806503,3.486100297e-14,nan,1.859921104e-11,0.03870041685,69008.84406,1.817523517e-28,70975.15945,1.399654474e-28,45763.21214,3.542526518e-28,0.0003316708986,0.0007524334107,0.000984301652,0.001371772169,0.01194599006,0.002363624771,0.001506793083,0.001433228075,0.002157926956,0.002713635435,0.01265483019,0.9617837933
0.004025,0.9639494945,0.01011371605,0.01350665367,0.9864933463,0.5311788752,0.5106787674,0.5297775146,0.5252580771,0.506322258,0.2790059946,0.2682381474,0.9705430391,3.03271452e-29,45769.42971,0.3400684808,6.976144469,2.880513226e-28,3.055542873e-28,4.067164153e-06,2.391526742,1.97403407,0.0005508118209,0.009095207649,0.4747419229,3.530509218e-14,nan,1.845014825e-11,0.03244277047,69012.13026,1.463973449e-28,70976.00782,1.032888622e-28,45769.42971,3.055542873e-28,0.0003279623504,0.0007438897596,0.0009692022581,0.00135188325,0.01011371605,0.002333550389,0.001485826436,0.001413375114,0.002125966564,0.002678486425,0.01250664689,0.9639494945
0.00405,0.9658396375,0.008665572038,0.01199422415,0.9880057759,0.5311362041,0.511630636,0.5297262776,0.5250170083,0.507082237,0.2788555409,0.2686147859,0.970668442,3.033060128e-29,45774.6456,0.339993275,-2.600922784,-5.478570218e-29,2.670462323e-28,4.067562546e-06,2.392687519,1.976026214,0.0005508118209,0.009146767855,0.4749829917,3.508304758e-14,nan,1.829089995e-11,0.02725533843,69016.01862,1.177396782e-28,70977.52769,7.425132561e-29,45774.6456,2.670462323e-28,0.000324244491,0.0007349420513,0.000947130288,0.001322335278,0.008665572038,0.002303878553,0.001464741358,0.001393362716,0.002081708165,0.002640091394,0.01228235618,0.9658396375
0.004075,0.9675060641,0.007513200873,0.01076805335,0.9892319466,0.5311001595,0.512467871,0.529679234,0.5247926961,0.5077401159,0.2787174846,0.2689393957,0.9707752447,3.033352749e-29,45779.0618,0.3399295995,-7.122635516,-2.192631599e-28,2.357613882e-28,4.067854833e-06,2.393825526,1.977740649,0.0005508118209,0.009198305619,0.4752073039,3.552713679e-14,nan,1.81087408e-11,0.02294781555,69020.35832,9.405384867e-29,70979.5676,5.090165614e-29,45779.0618,2.357613882e-28,0.0003204731562,0.0007254105417,0.0009215542692,0.001287414512,0.007513200873,0.002274578751,0.001443324677,0.001372936567,0.002029658461,0.002598686516,0.01200669754,0.9675060641
0.0041,0.9689890852,0.006589384284,0.009765814784,0.9902341852,0.5310692478,0.5132115039,0.5296360008,0.5245824449,0.5083146634,0.2785896044,0.2692217455,0.9708670412,3.033602906e-29,45782.83715,0.3398751642,-6.428413023,-1.990776801e-28,2.100853018e-28,4.068062631e-06,2.394936415,1.979231242,0.0005508118209,0.00924982288,0.4754175551,3.552713679e-14,nan,1.789583294e-11,0.0193647269,69025.03652,7.42593401e-29,70982.01219,3.19707451e-29,45782.83715,2.100853018e-28,0.0003166260726,0.0007153137549,0.0008945832624,0.001249907409,0.006589384284,0.002245614092,0.00142152448,0.001352013273,0.001973130364,0.002554730656,0.01169808717,0.9689890852
0.004125,0.9703202247,0.005842878018,0.008939404117,0.9910605959,0.5310423338,0.5138779177,0.5295962143,0.5243841305,0.5088205273,0.2784701725,0.269469425,0.970946661,3.033818865e-29,45786.09638,0.3398281706,-2.965081816,-8.023476482e-29,1.887946422e-28,4.068202865e-06,2.396017468,1.980540007,0.0005508118209,0.009301321251,0.4756158695,3.574918139e-14,nan,1.764810304e-11,0.01637890898,69029.96804,5.755054575e-29,70984.77288,1.649957401e-29,45786.09638,1.887946422e-28,0.0003126974268,0.0007047553839,0.0008674745077,0.001211598781,0.005842878018,0.002216950913,0.001399377687,0.001330613516,0.001914510436,0.002508769078,0.01137014959,0.9703202247
0.00415,0.9715242921,0.00523452642,0.00825164498,0.991748355,0.5310185526,0.5144799566,0.5295595393,0.5241960652,0.5092692112,0.2783578358,0.2696883689,0.9710163333,3.034007116e-29,45788.93744,0.3397872065,-2.606757442,-7.030063732e-29,1.709581559e-28,4.068288793e-06,2.397067185,1.981699834,0.0005508118209,0.009352802087,0.4758039348,3.5971226e-14,nan,1.736430312e-11,0.01388623304,69035.08799,4.332175137e-29,70987.78106,3.760076318e-30,45788.93744,1.709581559e-28,0.0003086926185,0.0006938651708,0.0008409535374,0.001173607233,0.00523452642,0.00218856285,0.001376965562,0.001308816309,0.00185547984,0.002461353878,0.01103288444,0.9715242921
0.004175,0.9726209497,0.004734336313,0.007673756929,0.9923262431,0.5309972434,0.5150277625,0.5295256725,0.5240168963,0.5096698113,0.2782515274,0.2698832496,0.9710778182,3.03417276e-29,45791.43733,0.3397511616,-2.310587514,-6.216414362e-29,1.558635641e-28,4.068330828e-06,2.398084971,1.982736585,0.0005508118209,0.009404266543,0.4759831037,3.641531521e-14,nan,1.704524127e-11,0.01180133017,69040.3464,3.111322009e-29,70990.98311,-6.803382239e-30,45791.43733,1.558635641e-28,0.0003046239299,0.000682769936,0.0008154160902,0.00113661066,0.004734336313,0.002160431863,0.001354387014,0.0012867287,0.001797191126,0.002413000344,0.01069355435,0.9726209497
0.0042,0.9736258987,0.004319270697,0.007183411894,0.9928165881,0.5309778991,0.5155294053,0.5294943427,0.5238455297,0.5100295746,0.2781503988,0.2700577744,0.9711325096,3.034319819e-29,45793.65673,0.3397191609,-2.063715108,-5.544555996e-29,1.429633882e-28,4.068337169e-06,2.399070882,1.983670694,0.0005508118209,0.009455715609,0.4761544703,3.641531521e-14,nan,1.669316317e-11,0.0100541253,69045.70439,2.057234994e-29,70994.33673,-1.561732953e-29,45793.65673,1.429633882e-28,0.0003005072635,0.0006715810179,0.0007910554014,0.001100997514,0.004319270697,0.002132547723,0.001331743109,0.001264466487,0.001740406467,0.002364165657,0.01035736,0.9736258987
0.004225,0.9745517805,0.003971583075,0.006763243594,0.9932367564,0.5309601293,0.5159913599,0.5294653094,0.5236810718,0.5103543209,0.2780537696,0.2702149084,0.9711815154,3.034451471e-29,45795.6436,0.339690513,-1.856121225,-4.984963434e-29,1.318346474e-28,4.068314298e-06,2.400025446,1.9845184,0.0005508118209,0.009507150147,0.4763189282,3.663735981e-14,nan,1.631126369e-11,0.008587024444,69051.13134,1.142561422e-29,70997.80824,-2.30113127e-29,45795.6436,1.318346474e-28,0.0002963598464,0.0006603903086,0.0007679423129,0.001066968051,0.003971583075,0.002104906799,0.001309128608,0.001242142535,0.001685603855,0.002315241112,0.01002795304,0.9745517805
0.00425,0.9754088613,0.003677558235,0.006399704873,0.9936002951,0.5309436316,0.5164188678,0.5294383599,0.5235227856,0.5106487642,0.277961089,0.2703570442,0.971225721,3.034570237e-29,45797.43601,0.3396646689,-1.679991259,-4.51467357e-29,1.221487648e-28,4.068267366e-06,2.400949515,1.985292689,0.0005508118209,0.00955857091,0.4764772144,3.685940442e-14,nan,1.590330825e-11,0.007352630153,69056.60292,3.45822943e-30,71001.37053,-2.924176182e-29,45797.43601,1.221487648e-28,0.0002921987182,0.0006492705194,0.0007460755242,0.001034601876,0.003677558235,0.00207751064,0.0012866278,0.001219860232,0.001633057518,0.002266552211,0.009707825396,0.9754088613
0.004275,0.9762055546,0.003426558967,0.006082191831,0.9939178082,0.5309281707,0.516816211,0.5294133071,0.5233700574,0.5109167571,0.2778719072,0.27048613,0.9712658374,3.03467813e-29,45799.06432,0.339641191,-1.529219392,-4.115807151e-29,1.136490184e-28,4.068200485e-06,2.401844157,1.986004016,0.0005508118209,0.009609978567,0.4766299426,3.685940442e-14,nan,1.547334494e-11,0.006311884233,69062.09953,-3.500628131e-30,71005.00159,-3.45097529e-29,45799.06432,1.136490184e-28,0.0002880398058,0.0006382772972,0.0007254129402,0.001003902821,0.003426558967,0.002050364589,0.001264312935,0.001197710312,0.001582898081,0.002218363048,0.009398604614,0.9762055546
0.0043,0.9769488197,0.003210303302,0.00580237233,0.9941976277,0.5309135621,0.5171869215,0.5293899855,0.5232223706,0.5111614774,0.2777858525,0.2706037671,0.9713024396,3.034776762e-29,45800.55287,0.3396197282,-1.39902289,-3.774416669e-29,1.061335888e-28,4.068116961e-06,2.402710579,1.986660863,0.0005508118209,0.009661373712,0.4767776294,3.730349363e-14,nan,1.502549076e-11,0.005432556466,69067.60527,-9.588612929e-30,71008.6834,-3.897426112e-29,45800.55287,1.061335888e-28,0.0002838974191,0.0006274519443,0.0007058910542,0.0009748286106,0.003210303302,0.00202347656,0.001242244153,0.001175769806,0.001535157046,0.002170882773,0.009101277662,0.9769488197
0.004325,0.9776444681,0.003022315686,0.005553670933,0.9944463291,0.5308996606,0.5175339406,0.5293682494,0.5230792863,0.5113855707,0.2777026156,0.2707112843,0.9713359955,3.034867436e-29,45801.92131,0.3395999971,-1.28564309,-3.479592596e-29,9.94427712e-29,4.068019466e-06,2.403550065,1.987270162,0.0005508118209,0.00971275688,0.4769207137,3.730349363e-14,nan,1.456377714e-11,0.004688013648,69073.10706,-1.491812084e-29,71012.40105,-4.276207525e-29,45801.92131,9.94427712e-29,0.0002797840336,0.0006168241251,0.0006874367712,0.0009473103165,0.003022315686,0.001996856011,0.001220470224,0.001154102281,0.001489799346,0.002124272773,0.008816360295,0.9776444681
0.00435,0.9782973991,0.002857509542,0.005330873549,0.9946691265,0.5308863505,0.5178597417,0.5293479695,0.5229404282,0.5115912608,0.2776219355,0.2708097951,0.9713668889,3.034951211e-29,45803.18564,0.3395817673,-1.186114244,-3.222772425e-29,9.344930047e-29,4.06791018e-06,2.404363935,1.98783763,0.0005508118209,0.009764128552,0.4770595718,3.774758284e-14,nan,1.409204257e-11,0.004056215992,69078.59411,-1.958211725e-29,71016.14212,-4.59752365e-29,45803.18564,9.344930047e-29,0.0002757102571,0.0006064142882,0.0006699744676,0.0009212649943,0.002857509542,0.00197051313,0.001199029697,0.001132758803,0.00144674688,0.002078653808,0.008544025062,0.9782973991
0.004375,0.9789117808,0.002711869216,0.005129823675,0.9948701763,0.5308735395,0.5181664245,0.5293290311,0.5228054704,0.5117804341,0.2775435906,0.2709002413,0.9713954372,3.035028954e-29,45804.35892,0.3395648502,-1.098085164,-2.997207844e-29,8.805100641e-29,4.067790892e-06,2.405153508,1.988368018,0.0005508118209,0.009815489169,0.4771945296,3.774758284e-14,nan,1.361386183e-11,0.003518898045,69084.05739,-2.365845502e-29,71019.8962,-4.86966384e-29,45804.35892,8.805100641e-29,0.0002716849111,0.0005962357129,0.0006534300651,0.0008966037706,0.002711869216,0.001944458203,0.00117795218,0.001111779252,0.001405895328,0.002034112668,0.008284197852,0.9789117808
0.0044,0.9794911921,0.002582207206,0.004947188719,0.9950528113,0.530861153,0.5184557876,0.5293113321,0.5226741284,0.5119547051,0.2774673904,0.2709834269,0.9714219047,3.035101379e-29,45805.45196,0.3395490901,-1.019681787,-2.797554544e-29,8.316522188e-29,4.067663082e-06,2.405920085,1.988865313,0.0005508118209,0.009866839131,0.4773258716,3.819167205e-14,nan,1.31325034e-11,0.003060899536,69089.48936,-2.721309393e-29,71023.65449,-5.099425781e-29,45805.45196,8.316522188e-29,0.0002677151744,0.0005862961794,0.0006377332482,0.0008732369109,0.002582207206,0.00191870115,0.001157259633,0.001091193766,0.001367126002,0.00199070814,0.008036630535,0.9794911921
0.004425,0.9800387314,0.002465978498,0.004780279993,0.99521972,0.5308491303,0.5187293855,0.5292947808,0.5225461516,0.5121154675,0.2773931701,0.2710600441,0.9714465134,3.035169083e-29,45806.47374,0.3395343575,-0.9494013161,-2.619556767e-29,7.872451134e-29,4.067527984e-06,2.406664931,1.989332886,0.0005508118209,0.009918178807,0.4774538484,3.819167205e-14,nan,1.265090811e-11,0.0026696181,69094.88366,-3.030251834e-29,71027.40952,-5.292436492e-29,45806.47374,7.872451134e-29,0.0002638067565,0.0005765993004,0.0006228185416,0.0008510768967,0.002465978498,0.001893251194,0.00113696757,0.001071024167,0.001330314031,0.001948476235,0.007800955438,0.9800387314
0.00445,0.9805571035,0.002361138275,0.004626913819,0.9953730862,0.5308374218,0.5189885724,0.5292792949,0.5224213179,0.5122639342,0.2773207855,0.2711306939,0.9714694514,3.035232565e-29,45807.4318,0.3395205436,-0.8860306958,-2.459804798e-29,7.467339758e-29,4.067386636e-06,2.407389263,1.989773615,0.0005508118209,0.009969508536,0.4775786821,3.841371665e-14,nan,1.217168351e-11,0.002334561206,69100.23489,-3.29755674e-29,71031.15494,-5.453396958e-29,45807.4318,7.467339758e-29,0.0002599640792,0.0005671455664,0.0006086257006,0.000830040198,0.002361138275,0.001868116643,0.001117086145,0.001051285301,0.001295333911,0.001907434664,0.007576726029,0.9805571035
0.004475,0.9810486869,0.002266032629,0.004485304141,0.9955146959,0.5308259863,0.5192345373,0.5292648002,0.5222994289,0.5124011689,0.2772501095,0.2711959023,0.9714908793,3.035292246e-29,45808.3325,0.3395075567,-0.8285837893,-2.315548513e-29,7.096584493e-29,4.067239916e-06,2.408094249,1.990189976,0.0005508118209,0.01002082863,0.4777005711,3.863576126e-14,nan,1.169710949e-11,0.002046978898,69105.5385,-3.527483292e-29,71034.88529,-5.586269507e-29,45808.3325,7.096584493e-29,0.0002561904532,0.0005579331574,0.0005950996991,0.0008100482019,0.002266032629,0.001843304753,0.001097621109,0.001031986235,0.001262063136,0.00186758662,0.007363447134,0.9810486869
0.0045,0.9815155874,0.002179314429,0.004353979336,0.9956460207,0.5308147898,0.5194683312,0.5292512292,0.5221803065,0.5125281103,0.2771810296,0.2712561324,0.9715109351,3.035348487e-29,45809.18128,0.3394953185,-0.7762529139,-2.184553917e-29,6.756331724e-29,4.067088573e-06,2.408780997,1.990584117,0.0005508118209,0.01007213939,0.4778196935,3.885780586e-14,nan,1.12291518e-11,0.001799562426,69110.79063,-3.723773766e-29,71038.5959,-5.694422127e-29,45809.18128,6.756331724e-29,0.0002524882416,0.0005489585672,0.0005821904958,0.0007910276024,0.002179314429,0.001818821662,0.001078574629,0.001013131319,0.001230384468,0.001828923941,0.00716059722,0.9815155874
0.004525,0.9819596813,0.002099878371,0.004231717603,0.9957682824,0.5308038036,0.5196908891,0.5292385206,0.5220637895,0.5126455924,0.2771134452,0.2713117949,0.9715297384,3.035401596e-29,45809.9828,0.3394837617,-0.7283713965,-2.064992634e-29,6.44332739e-29,4.06693325e-06,2.409450557,1.990957916,0.0005508118209,0.01012344107,0.4779362105,3.885780586e-14,nan,1.076948082e-11,0.001586196654,69115.988,-3.88973758e-29,71042.28276,-5.78074029e-29,45809.9828,6.44332739e-29,0.0002488590087,0.0005402170825,0.0005698526851,0.0007729104552,0.002099878371,0.001794672373,0.00105994599,0.0009947210943,0.001200187259,0.001791429719,0.00696764467,0.9819596813
0.00455,0.9823826493,0.002026810726,0.004117496656,0.9958825033,0.5307930037,0.5199030474,0.5292266183,0.5219497318,0.5127543603,0.2770472659,0.2713632561,0.9715473936,3.03545184e-29,45810.74108,0.3394728283,-0.6843845835,-1.955356631e-29,6.154800032e-29,4.066774504e-06,2.410103923,1.991313027,0.0005508118209,0.01017473394,0.4780502682,3.907985047e-14,nan,1.031949332e-11,0.001401756413,69121.12787,-4.028317575e-29,71045.94242,-5.847714164e-29,45810.74108,6.154800032e-29,0.0002453036509,0.0005317031464,0.0005580451029,0.0007556340303,0.002026810726,0.00177086077,0.001041732181,0.0009767530645,0.001171368096,0.001755080448,0.006784059517,0.9823826493
0.004575,0.9827860046,0.001959350312,0.004010454432,0.9959895456,0.5307823694,0.5201055582,0.5292154708,0.5218379999,0.512855083,0.27698241,0.2714108442,0.9715639922,3.035499453e-29,45811.45965,0.3394624676,-0.643827338,-1.854392268e-29,5.888369468e-29,4.066612818e-06,2.41074203,1.991650913,0.0005508118209,0.01022601822,0.4781620001,3.930189507e-14,nan,9.880336081e-12,0.00124193879,69126.20791,-4.142142893e-29,71049.57192,-5.897507119e-29,45811.45965,5.888369468e-29,0.0002418225102,0.0005234106352,0.0005467304245,0.00073914055,0.001959350312,0.001747389662,0.001023928383,0.0009592223472,0.001143831013,0.001719847764,0.006609321758,0.9827860046
0.0046,0.9831711159,0.001896858113,0.003909858299,0.9960901417,0.5307718834,0.5202991007,0.5292050309,0.5217284718,0.5129483638,0.2769188036,0.2714548547,0.9715796151,3.035544637e-29,45812.14156,0.3394526353,-0.6063065191,-1.761049147e-29,5.641975162e-29,4.066448613e-06,2.411365756,1.991972882,0.0005508118209,0.01027729414,0.4782715282,3.952393968e-14,nan,9.452929798e-12,0.001103124835,69131.22618,-4.233571681e-29,71053.16871,-5.932009942e-29,45812.14156,5.641975162e-29,0.0002384154729,0.0005153330672,0.0005358747776,0.000723376868,0.001896858113,0.001724260848,0.001006528379,0.0009421222123,0.001117487393,0.001685699852,0.00644292709,0.9831711159
0.004625,0.9835392256,0.001838793529,0.00381508085,0.9961849191,0.5307615308,0.5204842909,0.5291952547,0.521621035,0.5130347488,0.276856379,0.2714955545,0.971594334,3.035587573e-29,45812.78954,0.3394432924,-0.5714872898,-1.674440328e-29,5.41381975e-29,4.066282261e-06,2.411975927,1.992280103,0.0005508118209,0.01032856192,0.478378965,3.996802889e-14,nan,9.037992836e-12,0.000982265395,69136.1811,-4.304726009e-29,71056.73062,-5.952884081e-29,45812.78954,5.41381975e-29,0.0002350820533,0.0005074637597,0.0005254473825,0.000708294126,0.001838793529,0.001701475181,0.0009895248839,0.0009254445262,0.001092255687,0.001652602575,0.006284390727,0.9835392256
0.00465,0.9838914655,0.001784695747,0.00372558079,0.9962744192,0.5307512986,0.5206616892,0.5291861018,0.5215155862,0.5131147343,0.2767950746,0.271533186,0.9716082128,3.035628418e-29,45813.40598,0.3394344043,-0.5390823735,-1.593811243e-29,5.202324285e-29,4.066114089e-06,2.412573318,1.992573631,0.0005508118209,0.01037982173,0.4784844138,3.996802889e-14,nan,8.636064039e-12,0.0008767867209,69141.07134,-4.357520762e-29,71060.25578,-5.961596439e-29,45813.40598,5.202324285e-29,0.0002318214649,0.0004997959467,0.0005154202237,0.000693847408,0.001784695747,0.001679032652,0.0009729098182,0.0009091801164,0.001068061023,0.001620520372,0.006133249776,0.9838914655
0.004675,0.9842288699,0.001734169067,0.003640887776,0.9963591122,0.5307411758,0.5208318069,0.5291775347,0.5214120295,0.5131887725,0.2767348336,0.2715679695,0.9716213088,3.035667315e-29,45813.993,0.3394259401,-0.5088435843,-1.51851532e-29,5.006092575e-29,4.065944384e-06,2.413158655,1.992854421,0.0005508118209,0.01043107377,0.4785879705,4.04121181e-14,nan,8.247524316e-12,0.0007845123419,69145.89587,-4.393687828e-29,71063.74262,-5.959447583e-29,45813.993,5.006092575e-29,0.0002286326803,0.0004923228668,0.0005057677542,0.0006799954084,0.001734169067,0.001656932469,0.0009566745312,0.0008933190669,0.001044834752,0.001589416961,0.005989064556,0.9842288699
0.0047,0.9845523866,0.00168687129,0.003560590349,0.9964394097,0.5307311529,0.5209951123,0.5291695185,0.5213102763,0.5132572767,0.276675604,0.271600106,0.9716336734,3.03570439e-29,45814.55253,0.3394178725,-0.4805551146,-1.447994767e-29,4.823882585e-29,4.065773404e-06,2.413732615,1.993123339,0.0005508118209,0.01048231821,0.4786897237,4.04121181e-14,nan,7.872616745e-12,0.0007035983008,69150.65387,-4.414796569e-29,71067.18981,-5.947594848e-29,45814.55253,4.823882585e-29,0.0002255144814,0.0004850378278,0.0004964666329,0.0006667001172,0.00168687129,0.001635173135,0.0009408099798,0.0008778509571,0.001022513973,0.001559255892,0.005851419139,0.9845523866
0.004725,0.9848628859,0.001642504493,0.003484326268,0.9965156737,0.5307212216,0.5211520348,0.5291620207,0.5212102442,0.5133206252,0.2766173375,0.2716297793,0.9716453531,3.035739755e-29,45815.08627,0.3394101768,-0.4540281851,-1.381765339e-29,4.654583362e-29,4.065601377e-06,2.414295837,1.993381176,0.0005508118209,0.01053355521,0.4787897558,4.06341627e-14,nan,7.511465088e-12,0.000632479398,69155.34471,-4.422271317e-29,71070.59622,-5.927071388e-29,45815.08627,4.654583362e-29,0.0002224655021,0.0004779342536,0.0004874954903,0.0006539265293,0.001642504493,0.001613752526,0.0009253068741,0.0008627650537,0.00100104106,0.001530000972,0.00571992133,0.9848628859
0.00475,0.985161169,0.001600807652,0.003411774734,0.9965882253,0.5307113745,0.5213029692,0.529155011,0.5211118563,0.5133791655,0.2765599895,0.271657158,0.9716563897,3.035773514e-29,45815.59576,0.3394028307,-0.4290967543,-1.319404198e-29,4.497196286e-29,4.065428504e-06,2.414848914,1.993628654,0.0005508118209,0.01058478493,0.4788881437,4.107825191e-14,nan,7.164090662e-12,0.0005698245091,69159.96796,-4.417406479e-29,71073.96096,-5.89880205e-29,45815.59576,4.497196286e-29,0.0002194842634,0.0004710057184,0.0004788347232,0.0006416423768,0.001600807652,0.001592667966,0.0009101557935,0.000848050463,0.0009803632002,0.001501616586,0.005594202249,0.985161169
0.004775,0.9854479746,0.001561550718,0.003342650088,0.9966573499,0.5307016057,0.5214482792,0.5291484611,0.5210150411,0.5134332169,0.2765035189,0.2716823966,0.9716668214,3.035805758e-29,45816.08238,0.3393958143,-0.4056140541,-1.260540163e-29,4.350819732e-29,4.065254969e-06,2.415392406,1.993866436,0.0005508118209,0.01063600751,0.4789849589,4.130029652e-14,nan,6.830427579e-12,0.0005144993914,69164.52333,-4.401379669e-29,71077.28325,-5.863616695e-29,45816.08238,4.350819732e-29,0.0002165692024,0.0004642459704,0.0004704663123,0.0006298178855,0.001561550718,0.001571916297,0.0008953472789,0.0008336962515,0.0009604319638,0.001474067939,0.00547391563,0.9854479746
0.0048,0.9857239849,0.001524529835,0.003276696694,0.9967233033,0.5306919095,0.5215883003,0.5291423444,0.5209197316,0.5134830737,0.2764478871,0.2717056374,0.9716766826,3.035836571e-29,45816.5474,0.3393891093,-0.3834497738,-1.204845847e-29,4.214636429e-29,4.065080933e-06,2.415926832,1.99409513,0.0005508118209,0.01068722309,0.4790802684,4.130029652e-14,nan,6.510336423e-12,0.0004655356797,69169.01068,-4.375263216e-29,71080.56249,-5.822261469e-29,45816.5474,4.214636429e-29,0.0002137186972,0.0004576489474,0.0004623736621,0.0006184255529,0.001524529835,0.001551493941,0.0008808719062,0.0008196915405,0.0009412028969,0.001447321227,0.005358736942,0.9857239849
0.004825,0.9859898311,0.001489563446,0.003213684729,0.9967863153,0.5306822814,0.5217233426,0.5291366362,0.5208258654,0.513529007,0.2763930584,0.2717270114,0.9716860049,3.035866027e-29,45816.99195,0.3393826995,-0.3624877533,-1.152031241e-29,4.08790296e-29,4.06490654e-06,2.416452681,1.994315298,0.0005508118209,0.01073843181,0.4791741346,4.107825191e-14,nan,6.203616428e-12,0.0004221050024,69173.42999,-4.340034321e-29,71083.79823,-5.775408417e-29,45816.99195,4.08790296e-29,0.000210931087,0.0004512087876,0.0004545414598,0.0006074399485,0.001489563446,0.001531396964,0.0008667203434,0.0008060255792,0.000922635151,0.00142134376,0.005248362388,0.9859898311
0.00485,0.9862460979,0.001456489115,0.003153406721,0.9968465933,0.5306727172,0.521853693,0.5291313132,0.5207333836,0.5135712677,0.2763389996,0.2717466393,0.971694817,3.035894197e-29,45817.41708,0.3393765697,-0.3426240797,-1.101838471e-29,3.969940984e-29,4.064731922e-06,2.416970411,1.994527459,0.0005508118209,0.01078963378,0.4792666164,4.152234112e-14,nan,5.910016266e-12,0.0003834973417,69177.78134,-4.296584047e-29,71086.99012,-5.723663738e-29,45817.41708,3.969940984e-29,0.0002082046887,0.0004449198344,0.0004469555504,0.0005968375322,0.001456489115,0.001511621129,0.0008528833949,0.0007926878005,0.0009046911429,0.001396104043,0.005142507844,0.9862460979
0.004875,0.9864933277,0.001425160906,0.003095674673,0.9969043253,0.5306632135,0.5219796173,0.5291263536,0.5206422313,0.5136100873,0.2762856796,0.2717646327,0.9717031452,3.035921141e-29,45817.82372,0.3393707065,-0.3237655049,-1.054037454e-29,3.860129828e-29,4.064557193e-06,2.417480449,1.99473209,0.0005508118209,0.01084082913,0.4793577687,4.174438573e-14,nan,5.629243543e-12,0.0003491029126,69182.06492,-4.245725342e-29,71090.1379,-5.667574918e-29,45817.82372,3.860129828e-29,0.0002055378106,0.0004387766393,0.0004396028267,0.0005865964907,0.001425160906,0.001492161946,0.000839352036,0.0007796678625,0.000887336247,0.001371571819,0.005040907758,0.9864933277
0.0049,0.9867320238,0.001395447212,0.003040317659,0.9969596823,0.5306537673,0.5221013623,0.5291217369,0.5205523566,0.5136456804,0.2762330691,0.2717810945,0.9717110136,3.035946918e-29,45818.21275,0.3393650973,-0.3056785114,-1.008056157e-29,3.7579002e-29,4.06438246e-06,2.417983197,1.994929635,0.0005508118209,0.01089201796,0.4794476434,4.174438573e-14,nan,5.360973114e-12,0.000318396967,69186.28098,-4.188200204e-29,71093.24143,-5.607636941e-29,45818.21275,3.7579002e-29,0.0002029287639,0.0004327739612,0.0004324711318,0.00057669659,0.001395447212,0.001473014716,0.0008261174374,0.0007669556798,0.0008705385161,0.001347718094,0.004943314066,0.9867320238
0.004925,0.9869626545,0.001367228947,0.002987179798,0.9970128202,0.530644376,0.5222191569,0.5291174438,0.5204637109,0.5136782457,0.2761811411,0.2717961203,0.9717184442,3.03597158e-29,45818.58495,0.3393597307,-0.2885254656,-9.642936499e-30,3.662728804e-29,4.064207814e-06,2.41847903,1.995120507,0.0005508118209,0.01094320039,0.4795362891,4.218847494e-14,nan,5.104854337e-12,0.0002909270294,69190.42988,-4.124686116e-29,71096.30065,-5.54429771e-29,45818.58495,3.662728804e-29,0.0002003758719,0.0004269067645,0.0004255491726,0.0005671190421,0.001367228947,0.001454174575,0.0008131709848,0.0007545414448,0.0008542684306,0.001324515139,0.004849495108,0.9869626545
0.00495,0.9871856553,0.001340398022,0.002936118541,0.9970638815,0.5306350373,0.522333214,0.5291134562,0.5203762483,0.5137079677,0.2761298699,0.2718097983,0.9717254574,3.035995175e-29,45818.94104,0.3393545963,-0.2723063674,-9.227499311e-30,3.574133706e-29,4.064033339e-06,2.418968299,1.995305086,0.0005508118209,0.01099437652,0.4796237517,4.218847494e-14,nan,4.86051735e-12,0.0002663021594,69194.51202,-4.05580183e-29,71099.31555,-5.477962821e-29,45818.94104,3.574133706e-29,0.0001978774773,0.000421170215,0.0004188264429,0.0005578463839,0.001340398022,0.001435636527,0.0008005042909,0.000742415642,0.000838498673,0.001301936473,0.004759234585,0.9871856553
0.004975,0.9874014317,0.00131485606,0.002887003207,0.9971129968,0.5306257494,0.5224437318,0.5291097572,0.5202899255,0.5137350174,0.2760792317,0.2718222103,0.9717320717,3.036017747e-29,45819.28169,0.3393496846,-0.2570212168,-8.834250012e-30,3.491670312e-29,4.063859111e-06,2.419451337,1.995483728,0.0005508118209,0.01104554644,0.4797100745,4.285460875e-14,nan,4.627578486e-12,0.0002441839038,69198.52786,-3.982112596e-29,71102.2862,-5.408999769e-29,45819.28169,3.491670312e-29,0.0001954319482,0.0004155596759,0.0004122931548,0.0005488623682,0.00131485606,0.001417395478,0.0007881092048,0.000730569057,0.0008232039252,0.00127995684,0.004672330557,0.9874014317
0.005,0.9876103621,0.001290513304,0.002839713732,0.9971602863,0.5306165107,0.5225508949,0.5291063308,0.5202047018,0.5137595539,0.2760292037,0.2718334324,0.9717383044,3.036039336e-29,45819.60751,0.3393449868,-0.2426700139,-8.463188601e-30,3.414927848e-29,4.063685195e-06,2.419928451,1.995656764,0.0005508118209,0.01109671025,0.4797952982,4.263256415e-14,nan,4.405644925e-12,0.0002242786613,69202.4779,-3.904134873e-29,71105.21274,-5.33774168e-29,45819.60751,3.414927848e-29,0.000193037683,0.0004100707017,0.0004059401776,0.0005401518652,0.001290513304,0.001399446264,0.0007759778166,0.0007189927806,0.0008083606866,0.00125855218,0.004588594483,0.9876103621
